Track Name,Artist Name(s),Album Name,Tempo,Duration,Key,Liked Position,Video ID,Soundcloud ID,First Liked At,Energy,Danceability,Valence
Nirvanashatkam,Rasbihari Desai | Vibha Desai,Bilipatra (Shivstrotrani),,,,0,931yY1XmA2o,,,,,
Kagefumi,Hyakkei,Standing Still In A Moving Scene,,,,1,3_tMjp-Gal8,,,,,
P.Y.T. (Pretty Young Thing) (2008 with will.i.am) (Thriller 25th Anniversary Remix) (feat. will.i.am),Michael Jackson,Thriller 40,,,,2,kz_UwoRcgis,,,,,
Angel,Lizzy McAlpine,Angel,,,,3,V5lPywOWI48,,,,,
Manhattan,Blossom Dearie,Once Upon A Summertime,,,,4,tNG-qNJ6HFU,,,,,
Young Coconut,Mac DeMarco,Some Other Ones,,,,5,sy0fOUbHKl4,,,,,
Blue Boy,Mac DeMarco,Salad Days,,,,6,qjVXUneBsjg,,,,,
Brother,Mac DeMarco,Salad Days,,,,7,C61xQuMh1eo,,,,,
Goodbye Weekend,Mac DeMarco,Salad Days,,,,8,ZM8mlA_P8-I,,,,,
Treat Her Better,Mac DeMarco,Salad Days,,,,9,wUiFHn2hPdc,,,,,
Chamber Of Reflection,Mac DeMarco,Salad Days,,,,10,MJoSyNdffGo,,,,,
Go Easy,Mac DeMarco,Salad Days,,,,11,CtwrnFog_EQ,,,,,
En la Cocina,Miki Gonzalez,Landó por Bulerías,,,,12,d9qs-h3Rt8E,,,,,
Flashbacks,Tinashe,Popstar,,,,13,pWyU6k_Gqx4,,,,,
Ouroboros (Original) by Harmonic Flaneurs,Krithi,,,,,14,_jotDxsAUJU,,,,,
Deadhead,Foxwarren;Andy Shauf;Darryl Kissick,2,,3:33,,15,6zMRiGMCwj4,,,,,
Undefeated (feat. Lil Keed),Future,Undefeated,,,,16,BBgJ9bCoyGo,,,,,
Early To The Party,Andy Shauf,The Party,,,,17,lhZrK11ys4s,,,,,
The Magician,Andy Shauf,The Party,,,,18,fufRlJ_IoWM,,,,,
Alexander All Alone,Andy Shauf,The Party,,,,19,H-Zfidzm8cg,,,,,
Sunrise,Sun Ra,Blue Delight,,,,20,sZicQkLaa78,,,,,
The Reason,Nick Hakim,I Can See,,6:58,,21,hAOiFQRZ_HA,,,,,
Giant Steps,John Coltrane,Giant Steps (Deluxe Edition),,,,22,fZ1pcOenxoo,,,,,
Countdown,John Coltrane,Giant Steps (Deluxe Edition),,,,23,3o1MQUchg2U,,,,,
Lose My Mind (feat. Mr Gabriel),Jai Wolf,Lose My Mind / Telepathy,140.013,,0,24,D-4WG0FmwzA,,,,,
I Can See The Sun In Late December,Stevie Wonder,Songs In The Key Of Life - The EP,,,,25,DXutdlnM5pM,,,,,
My Life Story Of Love,Stevie Wonder,Songs In The Key Of Life - The EP,,,,26,GFvLrbEna9E,,,,,
It's Easier,Stevie Wonder,Songs In The Key Of Life - The EP,,,,27,8Mxfk7YAPvk,,,,,
Broke Boi,Playboi Carti,Broke Boi,,,,28,YXa-M2sYOOI,,,,,
She Took You For A Ride,Aaron Neville,Tell It Like It Is - The Par Lo Years,,,,29,xoC-2qhzdjY,,,,,
penso en voce,Sparklmami,in this body,,,,30,lGYOmVp_kls,,,,,
Still Dreaming,Arushi Jain,Delight,,,,31,6dP2xFyaq2Q,,,,,
flight fm,Joy Orbison,flight fm,,,,32,aHn6LmlVc5Q,,,,,
Otomo (feat. O’Flynn),Bonobo,Fragments,,,,33,TjiZBlOCuvo,,,,,
Under The Lilac Sky,Arushi Jain,Under the Lilac Sky,,,,34,XKE6oM1fk8Y,,,,,
You Are Irresistible,Arushi Jain,You Are Irresistible,,,,35,tE85IZyWdHA,,,,,
RAKHI,"Heems, Pavvan, & Ajji",VEENA,,,,36,Y8C7eLrRzV8,,,,,
Going For 6,"Heems, Lapgan, Sonnyjim, and Abhi The Nomad",LAFANDAR,,,,37,vimE54i8jHM,,,,,
Senseless,Kodak Black,Senseless,75.016,2:23,1,38,7x38LfeXxp0,,,,,
Whatever She Wants,Bryson Tiller,Whatever She Wants,96.02,2:41,9,39,NIl3-yCqiQ8,,,,,
Kocheua,Phynx,Mexico,,,,40,Cpc9TAwcneg,,,,,
Ginseng Strip 2002,Yung Lean,Lavender,,,,41,N3e0RyBTcgI,,,,,
Samosa,makaan,Samosa,,,,42,ZX4jEKB2CVI,,,,,
Morgue,Dj Furious;Wiley,Presents The Eski Sound,,,,43,X1cVEn-HBQE,,,,,
Ghost,Mala,Mala in Cuba,,,,44,sg-9GSCOkME,,,,,
what do you want?,frau,what do you want?,,,,45,BqxAOHS9SF8,,,,,
Changes,Mala,Forgive / Changes,,,,46,fw-YeFtggF8,,,,,
Change,Mala,Mala in Cuba,,,,47,2xva47qcaVA,,,,,
running (mndsgn remix),Sparklmami;Mndsgn,running (remix/live),,,,48,RBSSeV96ZUY,,,,,
Peaceland,Nujabes,Metaphorical Music,,,,49,KJLUVbf-slQ,,,,,
Two Thousand and Seventeen,Four Tet,Two Thousand and Seventeen,150.922,4:12,2,50,ZNuaLyPMc48,,,,,
Jiya Lage Na,Sona Mohapatra | Ravindra Upadhyay,Talaash,,,,51,rig5Et6jVLc,,,,,
Misery,Dotia,Misery,,,,52,bZspQy_AC1o,,,,,
Lilith,Dotia,Misery,,,,53,taD3L5Kb0bU,,,,,
Take What You Take,Lily Allen,"Alright, Still",,,,54,V4vmDPhiLg8,,,,,
Pullin' Me Back (feat. Tyrese),Chingy,Hoodstar (Deluxe Edition),80.011,3:55,7,55,Trz9W_5RfsE,,,,,
Hang Up Your Hang Ups (Live),Herbie Hancock,V.S.O.P. (Live),,11:53,,56,hdBLFkzKix8,,,,,
Habla Con Ella,Sofia Kourtesis,Madres,,3:25,,57,j0nykg6-AXo,,,,,
Cecilia,Sofia Kourtesis,Madres,,4:40,,58,gPLH41wlIuo,,,,,
How Music Makes You Feel Better,Sofia Kourtesis,Madres,,4:44,,59,SOM81_cjqLQ,,,,,
Insomnia,Takeoff,The Last Rocket,139.987,,1,60,13VnE0z9UKE,,,,,
Casper,Takeoff,The Last Rocket,140.067,,1,61,S6AH5-RTmNA,,,,,
Masala,Madlib,Beat Konducta Vol. 3 & 4: In India,,,,62,sgaU-cfa9as,,,,,
Indian Hump,Madlib,Beat Konducta Vol. 3 & 4: In India,,,,63,G6ILkFvj2Pg,,,,,
Shoes Off,Swet Shop Boys;Riz Ahmed;Heems,Cashmere,,,,64,qTeMcGbbPEU,,,,,
Can’t stop it,Yeat,Lyfë,,,,65,8AlgB_8DuDw,,,,,
Mysëlf,Yeat,AftërLyfe,,,,66,LYIdlczo4wc,,,,,
Dawn Chorus,Thom Yorke,ANIMA,,,,67,V9vx6J_pLCA,,,,,
Sueños,Waleed,Sueños,,,,68,GBbuEQi2HXw,,,,,
Put That Shit On,Yung Booke;Bighead;Gunna,Put That Shit On,,,,69,4wE_IyuAj34,,,,,
Mango Feedback,Four Tet,Mango Feedback,,,,70,7AYwLLvbyzA,,,,,
Strong Feelings,Dry Cleaning,New Long Leg,,,,71,y3v3MNeG_No,,,,,
BREAK LAW,Dog Blood,Turn Off The Lights,,,,72,k6uAR6s9oXU,,,,,
Freak Hoe,Future,DS2 (Deluxe),,,,73,ZVXcH_UIub0,,,,,
Let Me Grow and You'll See the Fruit,Dry Cleaning,Secret Love,,,,74,cXwhRyBy-5Q,,,,,
Some People Never Know,Wings,Wild Life,,,,75,bP61Xo71iqI,,,,,
Mantra,Joe Milli,Mantra,,,,76,WwKA6fIHkl0,,,,,
Pax (Four Tet Remix),Chloé Robinson;DJ ADHD,Steamin,,,,77,5_rxnIL6q4A,,,,,
Scythe Master,Four Tet,Three +,,,,78,oVOkXClhVvA,,,,,
Someone To Call My Lover,Janet Jackson,All For You,,,,79,JNIBB6I0_vI,,,,,
Why Why Why Why Why,SAULT,5,114.77,3:58,9,81,ikzzkdBAack,,,,,
ੂ࿃ूੂළඕั✧✧ı̴̴̡ ̡̡͡|̲̲̲͡ ̲̲̲͡͡π̲̲͡͡ ɵੂ≢࿃ूੂ೧ູఠీੂ ඊູཀ ꐑ(ʅ͡͡͡͡͡͡͡͡͡͡͡(ƟӨ)ʃ͡͡͡͡͡͡͡͡͡͡,⣎⡇ꉺლ༽இ•̛)ྀ◞ ༎ຶ ༽ৣৢ؞ৢ؞ؖ ꉺლ,ʅ͡͡͡͡͡͡͡͡͡͡͡(ƟӨ)ʃ͡͡͡͡͡͡͡͡͡͡ ꐑ(ཀ ඊູ ఠీੂ೧ູ࿃ूੂ✧ළඕั࿃ूੂ࿃ूੂੂ࿃ूੂළඕั✧ı̴̴̡ ̡̡͡|̲̲̲͡ ̲̲̲͡͡π̲̲͡͡ ɵੂ≢࿃ूੂ೧ູఠీੂ ඊູཀ ꐑ(ʅ͡͡͡͡͡͡͡͡͡͡͡(ƟӨ)ʃ͡͡͡͡͡͡͡͡͡͡,,,,82,VFiid-T7qDA,,,,,
Beachy Head (Bonobo Mix),Mechanical Me,One Offs (Remixes & B Sides),,,,83,iASDej2P2iU,,,,,
Maiden Voyage (Live),Herbie Hancock,V.S.O.P. (Live),,,,84,Yx1nLM9zYvQ,,,,,
When the Knife,Nai Palm,Needle Paw,,,,85,IYf3CVAEhvE,,,,,
graduate,frau,graduate,,,,86,KSFYUj_u7lQ,,,,,
ID700,Bonobo,Distance in Static,,3:57,,87,DGeyvzm5HmM,,,,,
Tellafren,Larry Latenight,Tellafren,,,,88,gc06MqsKVbg,,,,,
Felicity's Groove,Larry Latenight,LR002,,,,89,MohyUKSXqqI,,,,,
Fold,Bonobo;Jacques Greene,Fold,,,,90,imx8X-YxVUc,,,,,
Daydream Repeat,Four Tet,Daydream Repeat,,,,91,bKaRxvxeUzs,,,,,
Reich: Music for 18 Musicians,Steve Reich Ensemble,Reich: Music for 18 Musicians,,,,92,1oOmUi4HGt0,,,,,
Change,Mala,Mala in Cuba,,,,93,uwWlrqxdy1w,,,,,
The Tourist,Mala,Mala in Cuba,,,,94,nDwYRCawnzg,,,,,
The Tunnel,Mala,Mala in Cuba,,,,95,S8JJAqZq6Zo,,,,,
"Lapgan | Desi Experimental, Electronic, Disco, Unreleased, & more. | DOST's ELSEWHERE Takeover [NYC]",DOST,,,,,96,p8JvqWrTrJ8,,,,,
FLACKITO JODYE (feat. Tokischa),A$AP Rocky,Don't Be Dumb,,,,97,x2tuz38pbGA,,,,,
All of This (Mala Remix),Jorja Smith;Mala;GuiltyBeatz,"All of This Remixes, Vol. 2",,,,98,TrPV_Qsxw0M,,,,,
Diwali,"Skrillex, Naisha, & BEAM",SOMA,,3:07,,99,8UOaWPR-vWU,,,,,
No Se Dejan Mete Cabra,Ronny GTA,No Se Dejan Mete Cabra,,,,100,STsFB75yy2E,,,,,
Soothsayer,Shrimpnose;Harris Cole,Soothsayer,,,,101,neaxfK2flcA,,,,,
No I.D. (feat. Westside Gunn),Erykah Badu;The Alchemist;Westside Gunn,Before The World Blows,,3:53,,102,BCY6B0TPaVw,,,,,
Hot BiBi (Apostle 2),Erykah Badu;The Alchemist,Before The World Blows,,2:06,,103,opIEq9nwn_k,,,,,
Next 2 U,Erykah Badu;The Alchemist,Before The World Blows,,2:59,,104,01bEtAWLQIQ,,,,,
Witch Doctor,Erykah Badu;The Alchemist,Before The World Blows,,6:27,,105,k9UcqSU6TOk,,,,,
Crossfade,Erykah Badu;The Alchemist,Before The World Blows,,5:34,,106,Uf0ljs4I3I8,,,,,
Echos,Erykah Badu;The Alchemist,Before The World Blows,,7:23,,107,HD3qZUiedPI,,,,,
Soothsayer,Shrimpnose;Harris Cole,Prey to Truth,,,,108,-SLEQB1Cvr0,,,,,
Wells Fargo / Backroom remix,BoofPaxkMooky,Wells Fargo / Backroom remix,,,,109,D5GGb52XV_Q,,,,,
Entera,Donaty,Entera,,,,110,SUkm4uLaNPU,,,,,
Yeh Duniya,Curtain Blue,Yeh Duniya,,,,111,-A_r9MKHPLw,,,,,
Know My Name,Nick Hakim,I Can See,,,,112,C_pe79dPS_o,,,,,
Crystal Hole,OTTO,Clam Day,,,,113,hdQkTScsEsE,,,,,
Looking at Your Pager (Extended),KH,Looking At Your Pager,,,,114,71bjGbroIUk,,,,,
WTHU.,Knxwledge,,,,,115,1PbCmtVvidI,,,,,
Big Brother,GLAIR,,,,,116,BAx0HrFXBu8,,,,,
I Could Be Madonna,Barry Can't Swim;Sammy Virji,I Could Be Madonna,,,,117,4DlKJhm-fmI,,,,,
Thootie,Ice Spice;Tokischa,Thootie,,,,118,bhfxxy5XW_g,,,,,
"Off Me! ""The Wake"" Pt. 1 & 2 (see page 153) (feat. Pink Siifu)",Slauson Malone 1,"A Quiet Farwell, 2016–2018 (Crater Speak)",,,,119,qRmJthaZfmQ,,,,,
Silk Chiffon (feat. Phoebe Bridgers),MUNA,MUNA,,,,120,uGc1l9WMPOw,,,,,
Om Shanti Om,Kishore Kumar & Chorus,Karz,,,,121,sXzZh6zIm-A,,,,,
Lichen Trip,Bibio;Dorian Concept,Answers,,2:51,,122,5Q6PpdIDQpA,,,,,
Put That Banger On Next,Ahadadream;Capo Lee,Put That Banger On Next,,,,123,gOFX92gtYcI,,,,,
Combination Pizza Hut and Taco Bell Remix,Das Racist;Heems,"Shut Up, Dude",,,,124,iGZ5MnaTq48,,,,,
Who's That Brown,Das Racist;Heems,"Shut Up, Dude",,,,125,4PBx7GUYWLU,,,,,
MY NAME IS NIGHT,Nirosta Steel,MY SKYSCRAPER,,4:12,,126,WUM2Ztcum70,,,,,
FRESH FEELING,Nirosta Steel,MY SKYSCRAPER,,9:22,,127,fuUpGUwGEsA,,,,,
ENGLISH PARTY,Nirosta Steel,MY SKYSCRAPER,,3:27,,128,taJcUS-Sg-s,,,,,
And We Go Gentle (DJ Khalil Remix),Hiatus Kaiyote,Mood Variant (The Remixes),150.136,4:32,17,129,a70S4ZVs8AY,,,,,
Canyon Song,Sharada Shashidhar,Soft Echoes,,5:17,,130,B_ajy3QL1ek,,,,,
With Myself,Sharada Shashidhar,With Myself,,,,131,HjCbRVB05BQ,,,,,
"Land Of Make Believe (Live At Massey Hall, Toronto/1973) (feat. Hamilton Philharmonic Orchestra)",Chuck Mangione;Esther Satterfield,Land Of Make Believe (Live),,,,132,e-CtG4z9LPM,,,,,
Reassurance,Sharada Shashidhar,A Foot On The Ground,,3:41,,133,5M9Sdk1AWlk,,,,,
Se Rompen (Villager Remix),Waleed,Se Rompen (Villager Remix),,,,134,NU7-WESFoAA,,,,,
Problems,Floating Points,Problems,,,,135,warwTbiR0hs,,,,,
SIGNAL,Roxy Layne,SIGNAL,,,,136,PuZ9MoMp2dA,,,,,
Sail To The Sun (feat. Machinedrum),Angelica Bess,Sail To The Sun,,,,137,B24-aOK5MAk,,,,,
The Leap (feat. Machinedrum),Angelica Bess,The Leap,,,,138,SN0jsigX4aM,,,,,
Arbores,Angelica Bess,Arbores,,,,139,mKRTFZpgcdg,,,,,
Drums Only,Chanel Beads,Your Day Will Come,,,,140,bUXLUt-Tft0,,,,,
Ice Cream Piano,Vampire Weekend,Only God Was Above Us,,,,141,H7n1ZO61zPA,,,,,
Sohniye,Shubh,Sohniye,,,,142,Jdl0PMJkAVA,,,,,
Tensoon,O'Flynn,Tensoon,,3:58,,143,cwsW2t3RNXA,,,,,
Daily Star,Ivy Lab,Amigood,130.033,3:28,8,144,zC3SnAy4QQk,,,,,
Medicate,Krithi,Medicate,,,,145,3UmSz1v7CD8,,,,,
Knocks Me Off My Feet,Stevie Wonder,Songs In The Key Of Life,,,,146,3CB0_YU4G6Y,,,,,
Illegal + Four Tet,PinkPantheress,Illegal + Four Tet,,,,147,0-xDRFXTudo,,,,,
Countin Up (feat. Lil Righteous),Young Stoner Life;Young Thug,Slime Language 3,,2:24,,148,VZt0u7fZoaQ,,,,,
What It Do (feat. Unfoonk),Young Stoner Life;Young Thug,Slime Language 3,,2:28,,149,i2pQYRzDBPc,,,,,
Flump,Cesco,Flump,,,,150,Jd43xo_uSDQ,,,,,
Funkzada,VHOOR,De Keke!,,2:28,,151,JaKuBavohrg,,,,,
HONEST,Villager,NOWHERE FM: VIVA LA VILLAGER,,,,152,39QirIpy2ho,,,,,
LEAVING NOW,Villager,NOWHERE FM: VIVA LA VILLAGER,,,,153,x5OzuEetiMU,,,,,
OF ALL THINGS,Villager,NOWHERE FM: VIVA LA VILLAGER,,,,154,sLPeMZe_W6U,,,,,
Talk to Me,Bonobo;Nicole Miglis,Distance in Static,,,,155,ghuOUv_NmfE,,,,,
Fire on the Water,Bonobo;Arooj Aftab,Distance in Static,,,,156,BHPI26QscYA,,,,,
Poh Di Raat,Diljit Dosanjh;Tru-Skool,Back to Basics,,,,157,7plcy3VmOVw,,,,,
Eternal,Arutani,Earth Below,,,,158,1_mpgzpPM78,,,,,
Introduction,Mala,Mala in Cuba,,,,159,gEP7T_3SAeU,,,,,
Plant Life,Parquet Courts,Sympathy for Life,,5:51,,160,p8H7Reu-hiY,,,,,
Under the Bodhi Tree,Lapgan,History,,,,161,II0TYVpfeIE,,,,,
1/1 (Remastered 2004),Brian Eno,Ambient 1: Music For Airports (Remastered 2004),,,,162,LKZ3fGR2SDY,,,,,
Breaker,Deerhunter,Fading Frontier,,3:32,,163,33BJD7fiGIs,,,,,
Chaahat,Sana,Chaahat,,,,164,HlaGFSgMkho,,,,,
WILDFIRE,FUZION;Zeli,WILDFIRE,135.05,2:57,9,165,PkWsqFWilNI,,,,,
Are They Real,Groove P,Are They Real,,,,166,K5BadJDzgyc,,,,,
The Answer,RamonPang,The Answer,132.039,4:04,10,167,uV396WnT1D8,,,,,
Untitled 04,Leod,Untitled 04,,,,168,5SbnlU7ugsc,,,,,
swag w/ kav (feat. James Massiah & Bathe),Joy Orbison,still slipping vol. 1,,,,169,R2JHNFOw7tA,,,,,
Chlorophyll,Villager,Chlorophyll,,,,170,bWuJ8EOERM0,,,,,
Safe In My Arms,Logic1000,Safe In My Arms / YourLove,,,,171,8_YgCpbE3Bc,,,,,
18HUNNA (Four Tet Remix) (feat. Dave),Headie One,18HUNNA (Four Tet Remix),,,,172,30yudCqKOvI,,,,,
CHROMA 002 L.A.V.A (Preview),B.D.B;BICEP;Benjamin Damage,CHROMA 002,,,,173,TyLAxO-W5jM,,,,,
Insect Near Piha Beach,Four Tet,Sixteen Oceans,,,,174,exYtXUxe5d4,,,,,
BL0000M,Machinedrum,BL00MS,,5:27,,175,7AcY37f38Y4,,,,,
NO 1 KNEW,Machinedrum,BL00MS,,4:05,,176,Dx54rpbjsiA,,,,,
LoveStoned / I Think She Knows (Interlude),Justin Timberlake,FutureSex / LoveSounds,,,,177,0MuNbwGBtjg,,,,,
Like This (feat. Eve),Kelly Rowland,Like This,,,,178,_S1yUCr6ieM,,,,,
disappear,ps goner,there's an atm inside,,,,179,ip7tJ6xuqAU,,,,,
Lichen Trip,Bibio;Dorian Concept,Lichen Trip,,,,180,JH0W22fMS-4,,,,,
Sing (Banton's Indian Chants Remix),Four Tet,There Is Love in You (Expanded Edition),,,,181,iQMFHmzqnZ8,,,,,
Corsair (feat. Sam Wilkes),Total Blue,Total Blue,,,,182,T_G5dfQARiY,,,,,
Sweet Spot,Ooklah the Moc,Vaults,,,,183,u3VwnOwuUEE,,,,,
Duk Koo Kim,Sun Kil Moon,Ghosts of the Great Highway,,,,184,8-RjqU3T2x4,,,,,
GodZilla,Yung Mal,GodZilla,,,,185,JlrUYg0HsZQ,,,,,
Lotus Flower,Radiohead,The King Of Limbs,,,,186,HgMAwBZ2M3w,,,,,
The Corner,Gold Panda,The Work,,,,187,TIAbnyMt-sY,,,,,
Quitter’s Raga,Gold Panda,Companion,,,,188,NtVZ878sXOQ,,,,,
Dirty Hokas,Brat Star,White Claw Addict,,,,189,K_P2KwRlXhM,,,,,
I Wouldn't Ask You,Clairo,Immunity,,,,190,0y96nTb3okM,,,,,
COME UNDONE,wev & frau,OST,,,,191,X_N_yc8pIBQ,,,,,
Abuelita,Hermanos Gutiérrez,Sonido Cósmico,,3:33,,192,PcjWDBQBvVk,,,,,
Napa 86,Dana and Alden,Papa's Boat,,3:17,,193,7TF4922u9_Q,,,,,
Ammohead,Shelf Life,Nothing Rhymes with Rock and Roll,,2:28,,194,FLGdrOf4KR0,,,,,
Arches,Sharada Shashidhar,A Foot On The Ground,,3:54,,195,xQxcPb65K50,,,,,
Always Returning,Sharada Shashidhar,A Foot On The Ground,,3:27,,196,kzaGwHJ4QYM,,,,,
Mala - Changuito,Mala,,140.001,,21,197,LkYkxMSFyGI,913254961,,,,
Gabapentin,Projektbau,Gabapentin,,,,198,qY-Qdcb6kkI,,,,,
Adore,VELLE,Adore / Reject,,,,199,JQ9JzBziTBA,,,,,
Reject,VELLE,Adore / Reject,,,,200,6P5goBt7l4I,,,,,
Every Minute,VELLE,Keys / Every Minute,,,,201,j43GAu5z-3k,,,,,
Keys,VELLE,Keys / Every Minute,,,,202,LBrC74eavo0,,,,,
Scales,VELLE;latesleeper,Luvr Girl / Scales,,,,203,R08nwg6ao4g,,,,,
Luvr Girl,VELLE,Luvr Girl / Scales,,,,204,GO-HERLIgOk,,,,,
Siena (feat. Clara La San),Bicep,Isles (Deluxe),,,,205,an6c69M5s1A,,,,,
Birth4000,Floating Points,Birth4000,,,,206,SoBGi9mLn5I,,,,,
Cocky,Niles;Mirror Maze,Cocky,,,,207,nhdL51QQbxg,,,,,
The Fruits of Conquest,The Strokes,Reality Awaits,,5:09,,208,2CdWz6AcUbQ,,,,,
MOVE,tea room,LOTUS,,,,209,8c2i88LVD_Y,,,,,
Sósia,Villager,Sósia,,,,210,E_UxgqBl4kA,,,,,
micro,rusowsky,micro,,,,211,fZ0We6ySSm8,,,,,
Parallel Jalebi,Four Tet,Beautiful Rewind,132.944,3:53,11,212,kiDjxO3B398,,,,,
It's Not Right But It's Okay,Whitney Houston,My Love Is Your Love,,,,213,2Cm7zr27Onk,,,,,
Round,Hagop Tchaparian,Bolts,,,,214,uaqpvJ4TETQ,,,,,
Ram Jam,Levlz,4 Way 3,,,,215,xLM_Pymv0WM,,,,,
Opendoors,Jitwam,Honeycomb,,,,216,39iCgeO3aYE,,,,,
In This Bih',Chris Lorenzo;Kah-Lo,In This Bih',,,,217,QOzNnYeC3jg,,,,,
Drowning,"Dahi, Elmiene, & Ravyn Lenae",Black Boy (Alternative),,,,218,3q1Xzh28Wjg,,,,,
Square Up,Dahi & Fousheé,Black Boy (Alternative),,3:03,,219,FtQWowOhgMc,,,,,
How To Pray,Dahi;Kendrick Lamar;Amber Mark,Black Boy (Alternative),,,,220,M1T68o5Fsag,,,,,
Still Ill,The Alchemist,Retarded Alligator Beats,,,,221,SGNyndRIF6k,,,,,
Jabroni,The Alchemist,Rapper's Best Friend 4: An Instrumental Series,,,,222,15uadk_x_w4,,,,,
Sama,RHYTHOM,Sama,125.007,4:14,7,223,pyq5n1k11-c,,,,,
Boogie Stop Shuffle,Charles Mingus,Mingus Ah Um,,,,224,ZN93SIgnqrw,,,,,
"New York, I Love You but You're Bringing Me Down",LCD Soundsystem,Sound of Silver,,,,225,c5kM3iwYVi0,,,,,
JD,A$AP Rocky,AT.LONG.LAST.A$AP,104.356,1:45,1,226,bUsI3tpAJSg,,,,,
Chaand,Baalti;Lapgan,Threads,,,,227,Vcb8yiJBktA,,,,,
Ipa Ma,Baalti;Lapgan,Threads,,,,228,7VrTd2eqVWM,,,,,
Backshifting,Ivy Lab,Backshifting,,,,230,wWQ-nuWYR0I,,,,,
BbY WOW,"KAROL G, Judeline, & rusowsky",NO ME ARREPIENTO DE SENTIR TANTO,,,,231,ljAH6jNaApU,,,,,
Still Beating,Mac DeMarco,This Old Dog,,,,232,ve9Kf7uO85s,,,,,
Four Tet - Alexandra Palace 22nd November 2025,Four Tet,,,,,233,07CAVFFNyw4,,,,,
What The People Say (Apostle 1),Erykah Badu;The Alchemist,Before The World Blows,,,,234,lFuyQ7-MkEI,,,,,
Infinite Delight,Arushi Jain,Delight,,,,235,Oa_9BACixsw,,,,,
You Are Irresistible,Arushi Jain,Delight,,,,236,dIGUaHywmyA,,,,,
"Disco Station (From ""Haathkadi"")",Asha Bhosle,Haathkadi (Original Motion Picture Soundtrack),,,,237,zw5aRdaBHgk,,,,,
Broke Da Bank (feat. Boldy James),RXKNephew,Whole lotta RXK,,,,238,K-N_dpF90Qo,,,,,
Who (feat. Young Thug),Future,Project E.T.,,,,239,lQtWnd9Xp2Q,,,,,
Lhamo of Paro,O'Flynn,Kairos,,1:55,,240,vls5teRKCw8,,,,,
Shell of Light,Burial,Untrue,,,,241,JcQODLPJGfk,,,,,
Planet Caravan,Black Sabbath,Paranoid,,,,242,bm2N2nHqITY,,,,,
Devika (Goddess),Lonnie Liston Smith;The Cosmic Echoes,Visions of a New World,,,,243,OViPVR3q3vw,,,,,
My Angel Rocks Back And Forth,Four Tet,Rounds,,,,244,b5rYi-XOxlE,,,,,
C U R R E N T (feat. Mikaela Davis),Photay;Carlos Niño,An Offering,,,,245,S8JStHSdl_c,,,,,
Golden Lady,Stevie Wonder,Innervisions,,,,246,CXCTjAMR3eA,,,,,
Quakin',DJ Seinfeld,If This Is It,,,,247,GUuV5Zct5rQ,,,,,
True Skool (feat. Roots Manuva),Coldcut,Sound Mirrors,,,,248,3RD-4hjEuMQ,,,,,
NOSLEEPBUDDY,Kollaba,NOSLEEPBUDDY,,,,249,ZyCP1wFwoTA,,,,,
Eden,Quest,Stand / Eden,,,,250,NuSYsW_lL6I,,,,,
Prince Minikid - Live Cassette Edition,Hiatus Kaiyote,"Recalibrations, Vol. 1",,,,251,6J6udJeT8HA,,,,,
Could You Be Loved,Bob Marley,Uprising,,,,252,zBqW6yKz8WA,,,,,
Ye Kaali Kaali Aankhen,Kumar Sanu;Anu Malik,Baazigar (Original Motion Picture Soundtrack),,,,253,65MCSWbMN8c,,,,,
Maria,Greg Mendez,Greg Mendez,,,,254,A5x9uwbCfGA,,,,,
Goodbye / Trouble,Greg Mendez,Greg Mendez,,,,255,kdmNIfmnBNQ,,,,,
Oh Bummer,Deerhoof,La Isla Bonita,,,,256,S6PSYjCpxNQ,,,,,
Without,A. G. Cook,Britpop,,,,257,t5FN_7Qb1XE,,,,,
MANTO,Heems;Sid Vashi;Vijay Iyer,VEENA,81.206,,7,258,rqUKSq1Fo0A,,,,,
Terry,Action Bronson,Mr. Wonderful,87.538,4:49,1,259,XiHC7_M79bE,,,,,
Crooklyn,Alix Perez,Allegiance EP,,,,260,oyjAXyPofx4,,,,,
The Nightcaller,Flying Lotus,Until The Quiet Comes,,,,261,Mye7qlx1eoU,,,,,
DMT Song (feat. Thundercat),Flying Lotus,Until The Quiet Comes,,,,262,LutbWorukvU,,,,,
Until The Quiet Comes,Flying Lotus,Until The Quiet Comes,,,,263,tIYoazYxOgY,,,,,
See Thru To U (feat. Erykah Badu),Flying Lotus,Until The Quiet Comes,,,,264,2yRGjpFVWdE,,,,,
Tiny Tortures,Flying Lotus,Until The Quiet Comes,,,,265,MB00zNSsEWA,,,,,
Getting There,Flying Lotus;Niki Randa,Until The Quiet Comes,163.801,1:49,1,266,f297iVuwZfE,,,,,
IYKYK,Jxggi;Dishant;Sickboi,Inferno,,,,267,jf6tbohQG_E,,,,,
Mac Miller - Bill (Ft. Earl Sweatshirt) [Delusional Thomas],Mixtape Music Group (MMG),,,,,268,N8Ri6cHkYnY,,,,,
Medicate,Krithi,Coping Mechanisms,,,,269,zDj1YFxh2Yc,,,,,
Dancer,IDLES;LCD Soundsystem,TANGK,,3:10,,270,2q5DjsmeWOQ,,,,,
Alien Metal,King Gizzard & the Lizard Wizard,Alien Metal,,,,271,YpgaYp0lOV8,,,,,
Easy for them,Rohaan,Boy in a Dream,,2:18,,272,TkR2wJCO52M,,,,,
Monster,Future,Monster,,,,273,G5ZOchDAoiQ,,,,,
Radical,Future,Monster,,,,274,_AYD9-wjC_4,,,,,
Charkha (makaan Edit),makaan,,,,,275,Nie2KKjf1-Y,,,,,
Vagabond,makaan,Vagabond,,,,276,dWAE5REkukQ,,,,,
Changuito,Mala,Mala in Cuba,,,,277,bK6Hq6Xyv-g,,,,,
FADE AWAY,Machinedrum,BL00MS,,,,278,P4a6fdI-8Uo,,,,,
El Conde,Rohaan,OVAL 001,,2:48,,279,FJyDwUViLnM,,,,,
Beachy Head (Remix),Mechanical Me,I Like Mixes,,3:49,,280,GJ91toMSZNA,,,,,
Without Me,Mac DeMarco,Another One,,2:58,,281,XwKNwpBYCrg,,,,,
A Heart Like Hers,Mac DeMarco,Another One,,4:02,,282,WXp-iAsxYBU,,,,,
Another One,Mac DeMarco,Another One,,2:41,,283,64pvLwwZ1ow,,,,,
SPILL YOUR TIME,KatzPascale,SPILL YOUR TIME,,,,285,yX5QWJzDz1g,,,,,
Gunk,Overmono,Cash Romantic,,,,286,sFHOiOXOC_I,,,,,
Bone Mics,Overmono,Cash Romantic,,3:35,,287,KswwpMS2U9c,,,,,
Girl Like You,Chaos In The CBD,Dusty Sundays,,,,288,HHWKfHRW8eQ,,,,,
Easy for them,Rohaan,Easy for them,,,,289,f-86nGeH1QM,,,,,
Colour Communicator,Machinedrum,Human Energy,,,,290,PG3VrheSOlc,,,,,
Interlude (feat. Tech N9ne),Lil Wayne,Tha Carter IV (Complete Edition),,,,291,MjLqM9Oa3zM,,,,,
How To Hate (feat. T-Pain),Lil Wayne,Tha Carter IV (Complete Edition),,,,292,vhMfXDOVGYs,,,,,
CMYK,James Blake,CMYK,,,,293,Ix0Kj-tpeUU,,,,,
Breathe Me (Four Tet Remix),Sia,Colour The Small One (Deluxe Edition),,,,294,YGdGgnOuMT0,,,,,
Saturday Konnakol,Krithi,Pada-Pada-Ppu,,,,295,g9cd2-Y6334,,,,,
Way Star,Rubba;De Wolfe Music,In Motion,127.346,3:51,0,296,VdGbDj-Y330,,,,,
Mialon (feat. Jaz Karis & Mahalia),Overmono,Pure Devotion,,,,297,SySVyppQOis,,,,,
Break Ya Neck,Busta Rhymes,Genesis,,,,298,PAr0YlIv1zw,,,,,
Real's Not Real,King Gizzard & The Lizard Wizard,Fishing for Fishies,,,,299,HFIitg0_Ij0,,,,,
Cold Cadaver,King Gizzard & The Lizard Wizard,Paper Mâché Dream Balloon,,,,300,UI1lPlDlXjk,,,,,
Best In Show pt. IV,Viagra Boys,viagr aboys,,,,301,s40UzRNqUjM,,,,,
You N33d Me,Viagra Boys,viagr aboys,165.361,3:53,1,302,vMYuCcAuzvc,,,,,
Family Garden (feat. Melanie Charles),Dana and Alden,"Coyote, You're My Star",,4:11,,303,hXm2izTM0cI,,,,,
Give Me A Reason (For Lovin' You),Majid Jordan,Good People / Afterhours,,,,304,PIEUJ4w9yf8,,,,,
Herberts,Hudson Mohawke,B.B.H.E.,,,,305,v1aDUTqUcGE,,,,,
"Kanye West - Addiction (The Official House Remix) (Full Single, HQ)",PianoMan4never,,,,,306,aVxzwJGRCII,,,,,
With You,Smoke City,Flying Away,,,,307,SyjZ0mXEsUM,,,,,
The Limit To Your Love,Feist,The Reminder,,,,308,YW5hhrhkdNQ,,,,,
Cleo,Fragile State,Voices from the Dustbowl,,,,309,6UoeT7umkHU,,,,,
All I Need,Lloyd,All I Need,,,,310,15zse5jbU-Q,,,,,
"You Know You Want to Be Loved (7"")",Keith Barrow,Physical Attraction,,,,311,bTJzqX0RBPE,,,,,
The Jump,The Alchemist,Cycles (Original Score),,,,312,yTeKTBe-oGM,,,,,
oh well,Ariana Grande,petal,,3:17,,313,4YQ06rGPfOc,,,,,
"nowhere, nobody",Ariana Grande,petal,,2:53,,314,DT06UE8qX4M,,,,,
Recognize (feat. Drake),PARTYNEXTDOOR,PARTYNEXTDOOR TWO,,,,315,LD7DI5yK3-I,,,,,
India,Sam Gendel;Benny Bock;Hans P. Kjorstad,Dream Trio,,4:47,,316,86X8fb5eHZ8,,,,,
? (Interlude),RM;DOMi & JD BECK,"Right Place, Wrong Person",,,,317,eC1txOJS_pc,,,,,
Dutch Flowerz,Skream,Skream! (Expanded Edition),,,,318,QzHTqG6EsRk,,,,,
I've Been Waiting for Her,Mac DeMarco,Another One,,2:48,,319,3j82JRYwERU,,,,,
Take Care (feat. Rihanna),Drake,Take Care (Deluxe),121.845,,0,320,_Y3X21XLz9s,,,,,
Archangel,Burial,Untrue,135.207,,1,321,PzYrr7K1dvU,,,,,
Brakhage,Stereolab,Dots And Loops,138.978,,6,322,OZA1vKv2SAk,,,,,
loosechnge.,Knxwledge,,,,,323,c9KdfFCL7f8,,,,,
June Guitar,Alex G,Headlights,,,,324,FQrtMWDEiB4,,,,,
Grace,IDLES,TANGK,,,,325,ZAhBqlwo_Mw,,,,,
Caesar,Ty Segall,Melted,,,,326,CC9OpknA5lY,,,,,
GEEKIN,Nemzzz;Lil Yachty,GEEKIN,,,,327,mUlDsbjHxbs,,,,,
Trippple H ft. Trippie Redd & D Savage (feat. Trippie Redd & D Savage),K Suave,Thot Slayer 2,,,,328,wdDu03sIfEU,,,,,
No Other Heart,Mac DeMarco,Another One,,,,329,hvYVZqbBq4w,,,,,
This Thing We Call Love,Thundercat;Channel Tres,Distracted,,,,330,7N4OOUAzMIg,,,,,
Walking on the Moon,Thundercat,Distracted,,,,331,KattbQowiig,,,,,
I Wish I Didn’t Waste Your Time,Thundercat,Distracted,,,,332,z2_HlY-xHRs,,,,,
This Time,Nina Kraviz,This Time,,,,333,c0ucsPAb4k4,,,,,
This Time (Four Tet Remix),Nina Kraviz,This Time (Four Tet Remix),,,,334,5coYtOkefPU,,,,,
Rutten,Skream,Skream! (Expanded Edition),,,,335,7zDpNB39-LI,,,,,
Daytona,Commodo,Rikers / Daytona,,,,336,596aTzsRpOY,,,,,
Qawwali,Pinch,10 Tons Heavy,,,,337,ZGTumFMy_nE,,,,,
Daydream (Player Dave Remix),Mirror Maze,Daydream (Player Dave Remix),,,,338,X2Ft8IlXH6s,,,,,
Daydream,Mirror Maze,Daydream,,,,339,igVYsbaXa7g,,,,,
Better,Duskus,Healers Vol. 1,,,,340,FEKv_xuEnIs,,,,,
Inulin,Overmono,Arla III,,,,341,OJhtn2bvdr8,,,,,
Kolfax,O'Flynn;Frazer Ray,Shimmer,,5:19,,342,9svzgXU-H-M,,,,,
Shapes (Oh Will) (Oppidan Remix),Sammy Virji,Juiced 2 (New Flavours),,,,343,nOFbvLvH8GE,,,,,
RobertaFlack (feat. Ahu),Flying Lotus,Los Angeles,,,,344,eBLo2k7eGaM,,,,,
Eyesdown (feat. Andreya Triana),Bonobo,Eyesdown,,,,345,tOxEmkQlENE,,,,,
TAX,Yashraj;aywy,TAX,,,,346,uPuxcTpHNpw,,,,,
All Ways,Joe Armon-Jones;Mala,A Way Back,,,,347,zHBXo17P2bc,,,,,
Awake,Mala,Awake,,,,348,plFezC2XI5k,,,,,
"I Wait, Pt. 2",Mala,"I Wait, Pt. 2",,,,349,kOnPUM10XIo,,,,,
New Life Baby Paris,Mala,Miracles,,,,350,wx_Svy7Do8s,,,,,
Orpheus,Pariah,Detroit Falls,,,,351,jwNZrLcTFqo,,,,,
Desmond's Empire,O'Flynn,Aletheia,,,,352,7j2XcXEuURM,,,,,
Too Much,Tony Shhnow,Flood,,2:14,,353,JUSoS0x9iR8,,,,,
Echo Odd,Willowake,Echo Odd,,,,354,-3hIJ5yBAyA,,,,,
To The Sky,Loukeman,To The Sky,,,,355,76gkj1VJ9u0,,,,,
Human Voice,Four Tet,Human Voice,,,,356,JfTiwC7RSFo,,,,,
Glendale Galleria,Flying Lotus,"Tectonic Plates, Vol. 2",,,,357,Zj4DQlvd2po,,,,,
Burn The River,Sammy Virji,Burn The River,,,,358,pQnkmGDd93w,,,,,
Cake,Ivy Lab,Cake,,,,359,Zz1er4CbNos,,,,,
Delfino Square,Oppidan,Delfino Square,,,,360,ixmwymB2qv4,,,,,
SaintLaurentYSL (The Martinez Brothers Re-Edit) (feat. Lil Baby),Lil Yachty,SaintLaurentYSL (The Martinez Brothers Re-Edit),,,,361,5tqJLaahXnQ,,,,,
Rogue,Mr. Carmack,"Bang, Vol. 3",,,,362,Xsfa2kZoX5s,,,,,
Tonight,Waleed,MAGDALENA,,2:23,,363,yHO-zjUPaps,,,,,
Kik Bak,Ivy Lab,Mild Snake,,,,364,Dz1L5sNfXBw,,,,,
Rajah,Ivy Lab,Point Five E.P,,3:07,,365,Q81bOwAj0NM,,,,,
stay,Ariana Grande,petal,,,,366,rAc1HxHiDRw,,,,,
Lakitu,Oppidan,Lakitu,,,,367,M8zfODOa01Q,,,,,
Time (Sammy Virji Remix) (feat. JGrrey),Conducta,Juiced 3 (Kiwi Kick),,,,368,SSLcR-EvYlc,,,,,
Zabumba,VHOOR,Ritmo,,,,369,Ns8S3_4O1Eg,,,,,
Champs-Élysées (Instrumental),FBC;VHOOR,Outro Rolê,,,,370,n_aijrWLGCQ,,,,,
Primavera,VHOOR,Primavera,,,,371,l4VDK_fq650,,,,,
Astral Pirate Theme,Ivy Lab,Death Don't Always Taste Good,,4:08,,372,UkklIAulv9Y,,,,,
Cadillac,Ivy Lab,Death Don't Always Taste Good,,4:21,,373,_UYU7b213GU,,,,,
Rabbit Vision,Freddie Gibbs,$oul $old $eparately,,,,374,Tn5dxHLdyGo,,,,,
BIG LITTLE LIES,Sango & Big Sean,RHYTHM & MELODY,,,,375,FAdOlbUIDYw,,,,,
Camera,Charli xcx,"Music, Fashion, Film",,2:32,,376,YFt6aqFboKQ,,,,,
2007,Charli xcx,"Music, Fashion, Film",,2:05,,377,eUgJq1jaVn4,,,,,
Asleep Talking,Magnus Ferrell,Asleep Talking,,,,378,Wdsis7yiRGg,,,,,
Left With You,Ivy Lab,Infinite Falling Ground Pt.2,137.009,3:31,2,379,6CG5XZUynJc,,,,,
Frigate Bay,Dana and Alden,"Coyote, You're My Star",156.083,3:37,5,380,HO0b6wJQI5Q,,,,,
Aaj Shanibar,Rupa,Disco Jazz,,,,381,uBYnza1Ta7E,,,,,
Stay In Your Lane,Taiki Nulight;P Money;Jolie P,Stay In Your Lane,,,,382,5GXuiw5f2Vs,,,,,
SS26,Charli xcx,"Music, Fashion, Film",,,,383,XPeAXKq3Uv8,,,,,
Little Miss,bôa,Twilight,,,,384,EpOQMehVRnA,,,,,
"Mr. Carmack - noodling, with papi",Horizon Shine Radio,,,,,385,FjslYkDNxP4,,,,,
Puff Lah,KAYTRANADA,BUBBA,,,,386,_mlQVNLA7A8,,,,,
Too Young To Bounce (Jamiroquai Flip),Nomad,,,,,387,7lZxAezFq5c,,,,,
Barren,Calibre,Feeling Normal,,,,388,v6X1ToE5Qpo,,,,,
My Love,Syd,Beard,,,,389,ITenOvTq1AA,,,,,
Do Better,Syd,Beard,,,,390,VPdNFd3cXwo,,,,,
Jasmin 17,Syd,Beard,,,,391,jwLu9A1yCOM,,,,,
Paadave,Blurface;Lady Skavya,Paadave,,,,392,LI0W8oxCZ44,,,,,
Ready Readya (Remix),Mani Sharma;K.G. Ranjith;Saindhavi,Mappillai (Original Motion Picture Soundtrack),,,,393,tGD37yYue6I,,,,,
Good Girl,"Cloonee, Prospa, & Tristan Henry",Good Girl,,,,394,qRo2WNcX2yY,,,,,
A Strange Boy,Joni Mitchell,Hejira,,,,395,10DtMv_0MqA,,,,,
Return To Bhibo,Barry Can't Swim,Return To Bhibo,,,,396,NWvEXzQngz8,,,,,
Burn The River,Sammy Virji,Same Day Cleaning,,,,397,sYMWqe2wR7E,,,,,
I Can See,Duskus,Healers Vol. 1,,,,398,tQ-nmIn82-U,,,,,
Dista,Prozak,Dista,,,,399,LIQOBCTVfCU,,,,,
100%,ATW;Interplanetary Criminal;Main Phase,Atw002,,,,400,0aZQQi86LEg,,,,,
Gossip,Ivy Lab,Point Five E.P,,2:57,,401,pJ3F_YYO0Jg,,,,,
Midnight Skunk,Jungle Rootz,Midnight Skunk / Onyx In Air,,,,402,NBxXEN6N_ec,,,,,
LONDON FOG,Rahul,DEPRESSED BUT MAKE IT COOL,,,,403,mvwi-3BhXeQ,,,,,
DIRTY CHAI,Rahul,DEPRESSED BUT MAKE IT COOL,77.715,3:42,9,404,AhA_zAMAkHQ,,,,,
Joestar,Father,Hu$band,,2:14,,405,LPKweFAYBwM,,,,,
Still Summer,Jamie xx,In Waves,,,,406,ayfGcnqGShg,,,,,
Baddy On The Floor,Jamie xx;Honey Dijon,In Waves,,,,407,OVhHoJSN6bQ,,,,,
Hail Mary,GLAIR,Hail Mary,,,,408,cZnV_CGRRiA,,,,,
Fake AF (feat. Playboi Carti) (Remix) (feat. Playboi Carti),Father,Papicodone - EP,,,,409,kyBKai8F3S4,,,,,
Endlessly Waiting,Nick Hakim,Endlessly Waiting / The Reason,,,,410,VgFNay-9Q68,,,,,
Kori (Giddah),Panjabi MC & Sarvjeet Kaur,Dhol Jageero Da,,5:18,,411,SwodddCtdHw,,,,,
THE RETURN,"K, Le Maestro",2 LIVE!,,2:52,,412,uvCjbKheyyY,,,,,
Pyar Meh Tere,Amarjit Sidhu;Boota;Sheena,Eclipse,,,,413,NISgpKHycsU,,,,,
The Roof By The Watertower,Bickle,Gut Feeling,,,,414,xm9MiCmkKWY,,,,,
I Feel Hope Coming,Alabama Shakes,I Feel Hope Coming,,,,415,whJgwIpE3qE,,,,,
Runnin' - Raaginder,Ro Hardy & Raaginder,,,,,416,xSW_f7t7pYE,,,,,
Aston Martin Music (feat. Drake & Chrisette Michele),Rick Ross,Teflon Don,,,,417,bQ7uLY_eMRY,,,,,
100 BANDS (feat. Topaz Jones),"K, Le Maestro",2 LIVE!,,2:07,,418,fBIQCxFHcAo,,,,,
Bailando (Spanish Version) (feat. Descemer Bueno & Gente De Zona),Enrique Iglesias,SEX AND LOVE (Deluxe),,,,419,Iz0hjRq40ko,,,,,
Kirpa,Baalti,Better Together,,,,420,sFjNGpSk4dg,,,,,
Deewana Deewana,Anish Kumar,Deewana Deewana,121.993,5:42,11,421,NTxojXpx-_k,,,,,
Love Sosa,Shred Meyer,Shrovers III,,,,422,0JMdf2bysn8,,,,,
Millions,Young Thug,So Much Fun (Deluxe),,,,423,rlxDn6FD3a8,,,,,
"The Field (feat. The Durutti Column, Tariq Al-Sabir, Caroline Polachek & Daniel Caesar)",Blood Orange,Essex Honey,,,,424,Brt_wrBrSqQ,,,,,
"Punky Reggae Party (Dub / Jamaican 12"" Version)",Bob Marley & The Wailers,Exodus (Deluxe Edition),,,,425,HuQ75_oc1lw,,,,,
Mannequin Challenge (feat. Juice WRLD),Young Thug,So Much Fun,132.01,,1,426,clQPAEyUgz0,,,,,
In The Fire,Freedom Attic,In The Fire,,,,427,xPS25elen48,,,,,
Jugni,Panjabi MC;Kuldeep Manak,Dhol Jageero Da,,,,428,KBxZ1d2fV5A,,,,,
Chalo Chalo,Stunt Doubles;Anish Kumar;Baalti,Stunt Doubles,,,,429,S2EnVu4pE1c,,,,,
Pal (DAYTIMERS Presents: Alterations),"Raji Rags, Vindya, DAYTIMERS, Arijit Singh, and Shreya Ghoshal",DAYTIMERS Presents: Alterations,,,,430,e2TnKB1lmA4,,,,,
Tere Bina (DAYTIMERS Presents: Alterations),Baalti;DAYTIMERS;A.R. Rahman;Chinmayi,DAYTIMERS Presents: Alterations,,,,431,Rlj8zxJf2pA,,,,,
Where's The Party Tonight? (DAYTIMERS Presents: Alterations),"Mrii, Zenjah, DAYTIMERS, Shaan, Vasundhara Das, Loy Mendonsa, and Shankar Mahadevan",DAYTIMERS Presents: Alterations,,,,432,SUt5R8o7lPE,,,,,
I Can't,Tony Shhnow;Mike & Keys,Self Portrait,,,,433,kkhVk2ojzV0,,,,,
Finessin',Tony Shhnow,Reflexions,,,,434,hBhtxRv4z2A,,,,,
Lemon Squeeze,Kodak Black,Kodak The Blessing,,1:40,,435,UbbP8cLKMz8,,,,,
Got 'Til It's Gone (feat. Joni Mitchell & Q-Tip),Janet Jackson,The Velvet Rope,,,,436,gN451z9Xs8E,,,,,
Say,E.VAX;Ratatat,Just Like Fire,,,,437,qrn-WBoC5Ck,,,,,
Freestyle Battle Weapon,Anish Kumar,AK Cuts: Vol. 4,,2:30,,438,8m4Ay3SpwhQ,,,,,
How I'm Coming,"Maxo Kream, Cartel Bo, Josh Kream, and LoLife Blacc",O.Y.N,,,,439,u2fAb51Aim8,,,,,
Time Out,Maxo Kream,O.Y.N,,,,440,CCJoFNKzZu8,,,,,
This Shit Going On,Maxo Kream,O.Y.N,,,,441,rHYg83zrAYk,,,,,
30 N Dirty,Maxo Kream,O.Y.N,,,,442,jk1UhojTUzE,,,,,
O.Y.N,Maxo Kream,O.Y.N,,,,443,M2Iuf8TU1Ew,,,,,
Hustle and Opulence in America,Anish Kumar,AK Cuts: Vol. 4,,,,444,8Bte9FfhODY,,,,,
"The Good, The Bad, The Ugly (Explicit Album Version) (feat. Kanye West)",Consequence,Don't Quit Your Day Job,,,,446,3ZPLXHUxSjs,,,,,
I'm a Rock,Jitwam,Honeycomb,,,,447,mUdLtt8-47w,,,,,
Wisco,PPP;Piezo;DJ Plead;DJ Python,Wisco,,,,448,ghnyBJuZOJY,,,,,
Kane and Take,DC2TriII,Kane and Take,,,,449,5l6xzvJb24s,,,,,
7 In The Morning,Vince Staples,Cry Baby,,4:09,,450,IZB0099MIKM,,,,,
Grotto,April + Vista,Traditional Noise,,,,451,HduHA9p2nG8,,,,,
Better Man,Leon Bridges,Coming Home,,,,452,E6TCadcFPNE,,,,,
"Slow Down (12"" Version)",Bobby V.,Disturbing Tha Peace Presents Bobby Valentino,,,,453,sKkBiDokj-s,,,,,
Nunu,NEXSO,Nunu,,,,454,njIoxmbHWOA,,,,,
Butterfly,Vanyfox,Crazy Times,,,,455,5ax8UVt7tys,,,,,
Freestyle,Vanyfox,Freestyle,,,,456,V4uEzp21Zxc,,,,,
Promessas & Promessas,Vanyfox,Promessas & Promessas,,,,457,Z-LWI6xeOy8,,,,,
Myself,Vanyfox,Myself,,,,458,bwoeKiafl5Q,,,,,
Sakura,Vanyfox,Crazy Times,,,,459,15tAM0KKfh0,,,,,
129 Amoroso,Vanyfox,129 Amoroso,,,,460,qieKXkGh3Vc,,,,,
Last Summer,Vanyfox,CrazyBoy Pt.2,,,,461,r0rqFtFUAAs,,,,,
Caliente,Vanyfox,CrazyBoy Vol.1,,,,462,CblIYk6de-w,,,,,
Libra Gang,Vanyfox;Boddhi Satva,Melodias E Choros,,,,463,2VrMfifG2LA,,,,,
Now Go Be a Kid Again,Waleed,MAGDALENA,,,,464,GhWgkeR0M_c,,,,,
Hai,Seppa,Split,,,,465,hlLH7FWAz_E,,,,,
the~her~story,błaze,the~her~story,,,,466,eI0Z56y1GYs,,,,,
RUN OFF (feat. Eartheater),AraabMUZIK,Electronic Dream 2,,,,467,Vear1O6WT18,,,,,
ʅ͡͡͡͡͡͡͡͡͡͡͡(ƟӨ)ʃ͡͡͡͡͡͡͡͡͡͡ ꐑ(ཀ ඊູ ఠీੂ೧ູ࿃ूੂ✧✧✧✧✧✧ළඕั࿃ूੂ࿃ूੂ,⣎⡇ꉺლ༽இ•̛)ྀ◞ ༎ຶ ༽ৣৢ؞ৢ؞ؖ ꉺლ,ʅ͡͡͡͡͡͡͡͡͡͡͡(ƟӨ)ʃ͡͡͡͡͡͡͡͡͡͡ ꐑ(ཀ ඊູ ఠీੂ೧ູ࿃ूੂ✧ළඕั࿃ूੂ࿃ूੂੂ࿃ूੂළඕั✧ı̴̴̡ ̡̡͡|̲̲̲͡ ̲̲̲͡͡π̲̲͡͡ ɵੂ≢࿃ूੂ೧ູఠీੂ ඊູཀ ꐑ(ʅ͡͡͡͡͡͡͡͡͡͡͡(ƟӨ)ʃ͡͡͡͡͡͡͡͡͡͡,,,,468,kdvgoLqtWGs,,,,,
Citroen Nemo,Pozzy,Citroen Nemo,,,,469,uRSu2xioIuo,,,,,
might go out (feat. scruz),Pozzy,might go out,,,,470,DSjJyEkcAK8,,,,,
Ram On,Paul McCartney;Linda McCartney,Ram,,,,471,Q3wlxujmD3A,,,,,
Low Down,Lil Baby,My Turn (Deluxe),,,,472,-lpy5YFEe54,,,,,
FLOWERS,Heems;Sid Vashi;Navz-47,VEENA,127.98,4:48,6,473,jrP-852v5jU,,,,,
Weak for Your Love,Thee Sacred Souls,Can I Call You Rose?,,,,474,CVh8d_ihO40,,,,,
Me and You,Bonobo,Me and You,,,,475,vBr7Pg-qw64,,,,,
Ain't I?,ARLI + MUSA,Ain't I?,,,,476,G4OnKJpCmRI,,,,,
You Know What It Is (feat. Yung Joc),Gucci Mane,The Movie (Gangsta Grillz),,,,477,1ELUPH4isuQ,,,,,
Save Me,Chief Keef,Feed The Streets,,,,478,fEwQhW1zcUk,,,,,
III. Urn,Childish Gambino,Because the Internet,139.615,,2,479,U0KZNl0nJis,,,,,
Give It Up 2 Me (Mr. Carmack Remix) (feat. Mr. Carmack),Ojerime,Give It Up 2 Me (Remixes),,,,480,vIzdUh0GEZQ,,,,,
Sinai Ray,ATRIP,Sinai Ray,,,,481,McxkvF4C5hs,,,,,
rep 4 me,Mura Masa,Curve 1,,3:33,,482,59xM0weiakc,,,,,
Still,Mura Masa,Curve 1,,6:06,,483,7R6JsKCvp-w,,,,,
Sri Dalada Veediya,Anish Kumar,In Sri Lanka,,,,485,Kx6w_Z-1cns,,,,,
RAINDANCE,Oppidan,MY NAME IS OPP!,,3:09,,486,bIHyYN6qiVs,,,,,
Deep Inside,Hardrive,Strictly Tiefschwarz (DJ Edition - Unmixed),,,,487,CZ3_FPKyq98,,,,,
What's Your Fantasy (feat. Shawnna & Shawna),Ludacris,Back For The First Time,,,,488,RjJHa4Sbx1c,,,,,
"India mix dub, drum & bass - DJ Ras Sjamaan",Ras Sjamaan,,,,,489,_Fh2yFhfCYg,,,,,
exhaust,Earl Sweatshirt,Live Laugh Love,,,,490,J_Gzk5FvRbw,,,,,
Mindgames,Imani Imani,Papercut,,,,491,Wie7N47TMt4,,,,,
Exquisite Portraiture,Arushi Jain,Delight,,,,492,Oc1WSvT6Sgo,,,,,
Ewà Inú (Vanyfox Remix),Kokoroko;Vanyfox,Could We Be More Remixes,,,,493,zN1rXOchQJg,,,,,
Sweetheart (Never Have I Struggled So Hard),Anish Kumar,A Mixtape by Anish Kumar,,,,494,W95a20-QLSE,,,,,
She Dances,Anish Kumar,She Dances,,,,495,u1r6AiPFM4c,,,,,
Ringtone,Anish Kumar,In Sri Lanka,,,,496,CpmPCKWjvOA,,,,,
UL504,Anish Kumar,In Sri Lanka,,,,497,xnVb_iU__1M,,,,,
SS26,Charli xcx,SS26,,,,498,3XODTHJGXk4,,,,,
You Must Change Your Life,Luxury,Trophies,,,,499,9jgFxCBlygE,,,,,
Khayal,Kazdoura,Khayal,,,,500,BdyGJ1-eun8,,,,,
Selfless,The Strokes,The New Abnormal,,,,501,qEygdC7nmcU,,,,,
Apple (feat. The Japanese House),Charli xcx,Brat and it’s completely different but also still brat,,,,502,v9Fosi84K9k,,,,,
Ipa Ma,Baalti;Lapgan,Ipa Ma,,,,503,8biJXO2SU1I,,,,,
Genie,Crumb,AMAMA,,,,504,RDBroEkCd0k,,,,,
Warm Enough,Donnie Trumpet & The Social Experiment,Surf,,,,505,CwVH96Y5ylQ,,,,,
I'll Be The Flood,Nico Segal,Tell The Ghost Welcome Home,,,,506,Yuj_d7w_TGY,,,,,
The Eye That Catches The Dream,Rodrigo y Gabriela,In Between Thoughts...A New World,,,,507,FvDcddPQMCk,,,,,
Miracle Aligner,The Last Shadow Puppets,Miracle Aligner,,,,508,fcHcysyw3oQ,,,,,
15 Step,Noordpool Orchestra,"Radiohead, A Jazz Symphony",,,,509,ABgjXeIRToQ,,,,,
Weird Fishes / Arpeggi,Ladom Ensemble,The Walls Are Made of Song,,,,510,W2pxASyFRBg,,,,,
Videotape,Vitamin String Quartet,Vitamin String Quartet Performs Radiohead's In Rainbows,,,,511,R8RM7S3kVqI,,,,,
JAPAN,Famous Dex,Dex Meets Dexter,,,,512,RJk7Smeenyk,,,,,
Everything In Its Right Place,Roy Markson,Everything In Its Right Place,,,,513,LZ7Qlkil1Ro,,,,,
KAPOW,IGWE AKA;Tochi Bedford,KAPOW,,,,514,lJ2AoucHMRI,,,,,
Tapestry,MIKE,Beware of the Monkey,,,,515,ppMMdhI3nds,,,,,
should be! (feat. Lila Ramani),MIKE,Burning Desire,,,,516,-eUtfNxGak8,,,,,
Soma,Smashing Pumpkins,Siamese Dream (Deluxe Edition),,,,517,GHLDcJ7dVSQ,,,,,
The Palisades (feat. Christian Rich),Childish Gambino,Kauai,99.909,3:11,7,518,LJ2rz07BsDo,,,,,
Trust Issues 4,Slime Dollaz,Trust Issues 4,,,,519,D9V2CYVbn0A,,,,,
I'll Be Right There,JPEGMAFIA,I LAY DOWN MY LIFE FOR YOU,151.87,,6,520,EmJBH9fOedQ,,,,,
i scream this in the mirror before i interact with anyone,JPEGMAFIA,I LAY DOWN MY LIFE FOR YOU,,,,521,XcmegjhqYXw,,,,,
Orange Juice Jones,JPEGMAFIA;Danny Brown,SCARING THE HOES,,,,522,g5pgtu7hBg0,,,,,
either on or off the drugs,JPEGMAFIA,I LAY DOWN MY LIFE FOR YOU,184.473,,6,523,hyidIM6ou4g,,,,,
Degenerates Prayer,JPEGMAFIA,EXPERIMENTAL RAP,,2:14,,524,YCX_z8u8g44,,,,,
babygirl,JPEGMAFIA,babygirl,,,,525,2iC-V2coOl0,,,,,
Gotta Get Thru This (D'N'D Radio Edit),Daniel Bedingfield,Gotta Get Thru This,,,,526,aeCnEY_AemU,,,,,
Lose My Mind (feat. Mr Gabriel),Jai Wolf,The Cure To Loneliness,140.013,,0,527,1qcwzUl91Ao,,,,,
Road Rage (feat. DRAM & YoDogg),Tony Shhnow,Flood,,2:57,,528,MtplUl4BF5o,,,,,
Stackin & Flippin,Tony Shhnow,Flood,,1:40,,529,MsXj-HWxUpU,,,,,
No Plans (feat. Heartless Kid),Tony Shhnow,Flood,,2:37,,530,LClSyQinGcE,,,,,
The Pavement is my Pillow Talk,Headache;Vegyn,The Head Hurts but the Heart Knows the Truth,,2:55,,531,636nDdXb3Eg,,,,,
Skirts of Heaven,Ty Segall,Possession,,,,532,xYOjrflrhi0,,,,,
Young Thug - Don't Leave Me,isa,,,,,533,jaNREz4O2-U,,,,,
Just For Me,Kiss the Scientist,Just For Me,,,,534,hR_c-YlEcpM,,,,,
Everlong,Foo Fighters,The Essential Foo Fighters,,,,535,8tq2NGmK9HY,,,,,
2019,Bby Kell,2019,,,,536,gBP241ozNQs,,,,,
Right Through You,Yung Bans,Right Through You,,,,538,Z5n1xz_izoY,,,,,
Mil Gaya,Kalzi,Mil Gaya,,,,539,FfU5MSXuHz8,,,,,
Kaise Jaage,Kalzi,,,,,540,s0agJrYZYYM,,,,,
Dere Duni,Kalzi,Dere Duni,,,,541,-SC3HJehylM,,,,,
Lonely Girl,Dorothy Ashby,Afro-Harping,,,,542,hC5ivGH21Yc,,,,,
Rest of Your Life,Dahi,Rest of Your Life,,,,543,vu8iTmyNYqI,,,,,
coolwhip,williums,f-lybrary music,,,,544,JnZ91E7E8lc,,,,,
Buildings,Ty Segall,Possession,,,,545,VfQRKmUajyU,,,,,
enterlude,williums,earstuff,,,,546,yesV2RNzXuE,,,,,
NO 1 KNEW,Machinedrum,NO 1 KNEW,,,,547,g5fg57qQJ5c,,,,,
Wake Her Up (feat. Wisp),American Football,American Football (LP4),,,,548,Ocm1Dsbazxk,,,,,
Buen Viaje,Fémina,Traspasa,,,,549,MsKjLWAMcjY,,,,,
Sylford Walker - Jah Golden Pen  1975,Juweeltjes,,,,,550,JG2o_CinnPY,,,,,
The Windmills Of Your Mind,Dorothy Ashby,Dorothy's Harp,,3:19,,551,E1DR44bib5Q,,,,,
Home on the Range,Earl Sweatshirt;SURF GANG,POMPEII // UTILITY,,,,552,xq3d-IVB7AI,,,,,
King of Silence,Cibo Matto,Stereotype A,,,,553,0UgAHdBdd0Y,,,,,
Black Betty,Ram Jam,Ram Jam,,3:59,,554,wWk-uDrGxL0,,,,,
"Bullet Train (feat. Sonia Calico, Raven Bush & Peter Bennie)",Raji Rags,Bullet Train,,,,555,TQefHvA7tNU,,,,,
waiting,Lyric Walls,waiting,,,,556,Obd6WS0KrlU,,,,,
Chaap Tilak,Kalzi,Chaap Tilak,,,,557,zy6uddBSe7k,,,,,
Aerobics,DJ Sliink,Aerobics,,,,558,c8TlL0aJez0,,,,,
Rigid Lord,Cesco;Nina,Rigid Lord,,,,559,XqUvm5VBNQw,,,,,
Up Now,"COLLAB, Blaccmass, & Jet Lee Houdini",Up Now,,,,560,O0nayUazh3I,,,,,
Ecdysis,Flume,Hi This Is Flume (Mixtape),,,,561,2i47sGIurnA,,,,,
Lessons (Dorian Concept Remix),The Cinematic Orchestra,To Believe (Remixes),,,,562,iPgVtlch2rc,,,,,
Fall Out of Love,"Simon Mavin, Kuzich, & Kuzich & Mavin",Fall Out of Love,,,,564,Cqb_4jsBbqs,,,,,
0181 000 0010,00110100 01010100,0181,,,,565,PPHHOKf6Xi0,,,,,
WNBA,Drake,HABIBTI,,,,566,2bBUYJblpx4,,,,,
I Wish,Stevie Wonder,The Definitive Collection (Deluxe Edition),,,,567,B6cqrjlqjuM,,,,,
Yessirskii (feat. MEGO),Young Stoner Life;Young Thug,Slime Language 2 (Deluxe),,,,568,aQ1D1we3F7I,,,,,
Stressed Out,Babyface,Face 2 Face,,,,569,gupAlepJDUk,,,,,
Dilruba,Shadow and Light,Sabar,,,,570,KNfUFZ0PqX0,,,,,
Slipping Over,The Soul,Round & Around,,,,571,1WiaUNTicTE,,,,,
Got you,Ann Aarat,Got you,,,,572,TG9XhoAAbzo,,,,,
M.O.M.,Isaiah Rashad,IT'S BEEN AWFUL,,,,573,EqH8PdlAh6A,,,,,
Diamonds (feat. Gunna),Young Thug,So Much Fun (Deluxe),,,,574,umz6CYcfLvc,,,,,
Show Me A Good Time,Drake,Thank Me Later,,,,575,q5bZB9i42tg,,,,,
GOD'S WITH ME,MIKE,BY THE WATER,,,,576,ASM7pyvq-Zc,,,,,
ANGST II (feat. MAVI),MESSIAH!,ANGST II,,,,577,OxNSudsxZfE,,,,,
Breathing Underwater (DJ Spinna Galactic Soul Remix),Hiatus Kaiyote,Breathing Underwater (DJ Spinna Galactic Soul Remix),,,,578,DCRGhNfAi60,,,,,
linknb,Kelela,new avatar,,,,579,ljrpbRQ3CsE,,,,,
Summertime Magic,Childish Gambino,Summer Pack,,,,580,3K7SkwdK0X4,,,,,
Blue Gangsta,Michael Jackson,XSCAPE,,,,581,kRP2T6z_Xx8,,,,,
Autumn Leaves,Frank Kole,,,,,582,qEvUOHnX58I,,,,,
Fantastic Tomb,Ty Segall,Possession,,,,583,nWSX_Xp4uHg,,,,,
Raingurl,Yaeji,EP2,,,,584,SaSCEruseZs,,,,,
AIN'T GIVIN' UP,Isaiah Rashad,IT'S BEEN AWFUL,,,,585,D3DynUQfkVc,,,,,
Evening Side,Four Tet,Morning / Evening,,,,586,tXNo0PMZhqs,,,,,
Morning Side,Four Tet,Morning / Evening,,,,587,f7bPQHTngAI,,,,,
Baby,Four Tet,Sixteen Oceans,,,,588,BhvEtB5m7yM,,,,,
Harpsichord,Four Tet,Sixteen Oceans,,,,589,7eOfFmI62lM,,,,,
Pinnacles,Four Tet,Pink,,,,590,pECwi2OeVCU,,,,,
Pyramid,Four Tet,Pink,,,,591,MfAiKryutoE,,,,,
128 Harps,Four Tet,Pink,,,,592,nEnwYDyu_OQ,,,,,
Ocoras,Four Tet,Pink,,,,593,aImoMsgenpQ,,,,,
Twenty Three,Four Tet,Pause,,3:35,,594,SjiBmiY0oRI,,,,,
Glue Of The World,Four Tet,Pause,,5:03,,595,xRiVDaBmuEk,,,,,
Everything Is Alright,Four Tet,Pause,,2:32,,596,Sz5-eLCjxcw,,,,,
Parks,Four Tet,Pause,,6:04,,597,Jt7iWrFp7VE,,,,,
Rajah,Ivy Lab,Rajah,,,,598,2cLfSTOLWxA,,,,,
Passionfruit,Yaeji,EP2,,,,599,vThiUfTJ-8c,,,,,
NUG46,Yung Singh,NUG46,,,,600,oh19UlNahsM,,,,,
Erdaydidder-Erdiddar,Bibio,Ribbons,,,,601,q5iGvsAft7g,,,,,
Self,Cleo Sol,Heaven,,,,602,uuUP8RW0D78,,,,,
Don’t Run Away,Dana and Alden,Speedo,,3:13,,603,-C1b6Tkaakg,,,,,
Super Beaver Full Moon Love Song,Dana and Alden,Speedo,,3:36,,604,bfFOWaSKIew,,,,,
Ne-Yo - So Sick [Four Tet Remix],PTM!,,,,,605,ONFD6XOwSX8,,,,,
So U Kno,Overmono,Good Lies,,,,606,9NiJF638E2k,,,,,
Is U,Overmono,Good Lies,,,,607,kY1-C8-FeWM,,,,,
Berlin,Quiet Light,Postinternetfame / Self Tape,,,,608,Uj6oDW1D2Rs,,,,,
You Say I Love You,Quiet Light,Blue Angel Sparkling Silver 2,,3:07,,609,D15F-_EhKWk,,,,,
"Fred again.. - USB002 EVERY SHOW (108 hours, 3 Oct 2025 - 27 Feb 2026)",Fred again . .,,,,,610,GiXKukOtmeE,,,,,
Turn My Swag On,Shred Meyer,Shrovers II,,,,611,0XHsB2nNo-w,,,,,
Believe,camoufly,Believe,,,,612,Ob2W9S0luPM,,,,,
4am (feat. Yazida),camoufly,NEW SKIN,,,,613,Vev27_50060,,,,,
Safe,camoufly,Apotheosis,,,,614,FwEB2n4FPFU,,,,,
Kaleidoscope (Me&U) (feat. Alexander Lewis),camoufly,Kaleidoscope (Me&U),,,,615,-GKF2nlGbxk,,,,,
Intuition (feat. SHIMA),camoufly,Intuition,,,,616,JJdP6YVozaU,,,,,
Told U So,camoufly,Faith,,,,617,PRXCrVOd_1A,,,,,
beggin' u 2,camoufly,beggin' u 2,,,,618,i6k9MbVi5Yo,,,,,
(i've been) lookin 4 u,camoufly,(i've been) lookin 4 u,,,,619,o87faGsIeiA,,,,,
can't get over it,camoufly & Zeph,can't get over it,,,,620,jGYef_Km67E,,,,,
Baby,camoufly,In Plain Sight,,,,621,UeHLwV4WMQI,,,,,
llamando,camoufly,llamando,,,,622,jFCrwtXnqCY,,,,,
nothing left 2 say,camoufly & Dazegxd,nothing left 2 say / give u everything,,,,623,ganfaFZw7xA,,,,,
Always,camoufly,In Plain Sight,,,,624,RDTqLeVuETQ,,,,,
I Like It (Mixed),Conducta;Jarreau Vandal,The Kiwi Sound (DJ Mix),,,,625,aT2Exa5QHLs,,,,,
Steezing (Mixed),Conducta;Coco;J'Danna,The Kiwi Sound (DJ Mix),,,,626,8hcCf8g_gNE,,,,,
Get Busy With It (feat. Novelist),Conducta,Get Busy With It,,,,627,kMYeu5nARVw,,,,,
Steezing (feat. Coco & J'Danna),Conducta,Steezing,,,,628,jxULkS8uulg,,,,,
Gold,Conducta;BIJI,In Transit,,,,629,9oE0ugbXpik,,,,,
Right Together (feat. Rachel Chinouriri),Conducta,Right Together,,,,630,MEZtWzLF24c,,,,,
Lessons (Interplanetary Criminal ‘Back 2 Skool’ Mix),Conducta,Lessons,,,,631,ipb17j2CbEk,,,,,
Alone (Mixed),Conducta;Sammy Virji,The Kiwi Sound (DJ Mix),,,,632,loSPYYVLLY8,,,,,
Needed U,Conducta,Needed U,,,,633,jye6LvjEn2s,,,,,
3FALL,Conducta,3FALL,,,,634,aaee5L6eEjk,,,,,
Be The 1,Conducta,Handle With Care/Be The 1,,,,635,lYVzwnxucSA,,,,,
Whippet,Conducta;Sammy Virji,BK2SKL,,,,636,duo1ShRRRk8,,,,,
Vitamin C,Conducta,Ripe 'n' Ready (A Kiwi Rekords Sampler),,,,637,vDWUCPEpJq0,,,,,
Handle With Care,Conducta,Handle With Care/Be The 1,,,,638,Q58iG4A3Bz4,,,,,
Spice Up My Life (feat. Paige Eliza),Sammy Virji,Spice Up My Life,,,,639,_3jdZLRDSUs,,,,,
Bogeyman,Sammy Virji,Bogeyman,,,,640,8W3ZqwLifu0,,,,,
Foundation,Sammy Virji;Oppidan,Blue Breeze,,,,641,qqDYIDe9Yx4,,,,,
Alright (feat. Lucy Virji),Sammy Virji & Lucy Virji,Alright (feat. Lucy Virji),,,,642,7G48IFTweZ4,,,,,
Dis Badman,Sammy Virji;Champion;IRAH,Dis Badman,,,,643,MEuFGGe5sLk,,,,,
No Other (feat. Ragga Twins),Sammy Virji,BLOOM,,,,644,Oxlq6QU3oYg,,,,,
Somebody Else (Mixed),Sammy Virji;Yemi,The Kiwi Sound (DJ Mix),,,,645,jMdxDjo7a_Q,,,,,
Match My Mood,Sammy Virji;Spice;Flowdan,Same Day Cleaning,,,,646,CA8m3VjyZcY,,,,,
Moonlight,Sammy Virji,Moonlight,,,,647,eWqje5jVOPs,,,,,
Daga Da,Sammy Virji,We'll Be Alright,,,,648,L9nm50vmQks,,,,,
925,Sammy Virji;Chris Lake;RoRo,925,,,,649,PRxzWR6sxMY,,,,,
Nostalgia,Sammy Virji;Issey Cross,Nostalgia,,,,650,24WMzx04plk,,,,,
Damager,Sammy Virji;Interplanetary Criminal,Damager,,,,651,QNbf_IVs9ok,,,,,
Shella Verse,Sammy Virji;Flowdan,Shella Verse,,,,652,YSGM4hOF6S4,,,,,
Find My Way Home,Sammy Virji,Find My Way Home,,,,653,Ye6SMTXLXog,,,,,
go!,salute & Nakamura Minami,TRUE MAGIC,,,,654,K7kqQ_A-hjE,,,,,
Therapy,salute,Therapy,,,,655,JuexQnvyloI,,,,,
reason,salute & Karma Kid,TRUE MAGIC,,,,656,-Na0pEvRmX8,,,,,
Feel The Same,Salute,Feel The Same,,,,657,Wqzbne_NDwE,,,,,
one of those nights,salute;Empress Of,TRUE MAGIC,,,,658,OaBPiz3GY78,,,,,
Honey,Salute,Condition,,,,659,JkE_vnjw934,,,,,
All About U,Salute,Condition II,,,,660,EPsZkh1Xl6k,,,,,
system,salute,system,,,,661,qD6J_Linb-A,,,,,
maybe it's u,salute & Sam Gellaitry,maybe it's u,,,,662,fzYJpRShYf4,,,,,
lift off!,salute;Disclosure,lift off!,,,,663,EHWGyOKwV0A,,,,,
heaven in your arms,salute;Jessie Ware,heaven in your arms,,,,664,HLZQulK5iN0,,,,,
Joy,salute,Joy,,,,665,B9FxpLNDdts,,,,,
Peach,salute;Sammy Virji,Peach,,,,666,4SOeAzErjxM,,,,,
saving flowers,salute;Rina Sawayama,saving flowers,,,,667,bwNNskob_cg,,,,,
Cherry,Daphni,Cherry,,,,668,cKaPkL3ezEQ,,,,,
Cloudy,Daphni,Cherry,,,,669,0dIg4TYQ-qs,,,,,
Waiting So Long,Daphni,Butterfly,,,,670,UDftd3D0bSc,,,,,
Ahora,Daphni,Jiaolong,,,,671,L9Jw14rjY48,,,,,
Light,Daphni,Jiaolong,,,,672,YJNTnM0Mc6o,,,,,
Sizzling (feat. Paradise),Daphni,Sizzling EP,,,,673,E8eAYth5Ac0,,,,,
Ye Ye,Daphni,Jiaolong,,,,674,Li0mjm_E36E,,,,,
"Yes, I Know",Daphni,Jiaolong,,,,675,1e4X27_y4zA,,,,,
Ne Noya (Daphni Mix),Daphni,Jiaolong,,,,676,-iMoUGKSBLY,,,,,
Falling,Daphni,Cherry,,,,677,njv9hVasOIs,,,,,
Hello Hammerheads,Caribou,The Milk of Human Kindness,,,,678,XiVGTT4q43w,,,,,
Our Love,Caribou,Our Love,,5:35,,679,kt-H12e9L6k,,,,,
Lalibela,Caribou,Swim,,2:26,,680,juWSXN1A4nk,,,,,
Hannibal,Caribou,Swim,,6:16,,681,FSN4zm66Yp0,,,,,
Silver,Caribou,Our Love,,5:17,,682,_CCTpzAGp6k,,,,,
Jamelia (feat. Luke Lalonde),Caribou,Swim,,3:59,,683,hc_C1Uf4vTk,,,,,
Bowls,Caribou,Swim,,6:22,,684,pDiVrKzmYUk,,,,,
Melody Day,Caribou,Andorra,,,,685,EgMayCOscOY,,,,,
Leave House,Caribou,Swim,,5:13,,686,3_EcsBZ4w8k,,,,,
Bees,Caribou,The Milk of Human Kindness,,,,687,X1Ph5kNZXWY,,,,,
Found Out,Caribou,Swim,,3:19,,688,Rq7zEur3jig,,,,,
Sun,Caribou,Swim,,5:45,,689,JYh0gvMBtdI,,,,,
Can't Do Without You,Caribou,Our Love,,3:57,,690,LVlNpQOzYdE,,,,,
Odessa,Caribou,Swim,,5:16,,691,9odCI44uQ5g,,,,,
Happy Birthday Nick,Ross from Friends,Family Portrait,,,,692,CXRtjyiudso,,,,,
XXX Olympiad,Ross from Friends,Tread,,,,693,CHxox3_4Oso,,,,,
Epiphany,Ross from Friends,Epiphany,,,,694,0YtNJoHr2Xo,,,,,
Gettin' It Done,Ross From Friends,You'll Understand,,,,695,hJ05QEsOkDE,,,,,
Project Cybersyn,Ross from Friends,Family Portrait,,,,696,laW13iruInQ,,,,,
John Cage,Ross from Friends,John Cage,,,,697,O13ork7kN-8,,,,,
Thank God I'm A Lizard,Ross from Friends,Family Portrait,,,,698,t8PaEC63MyI,,,,,
The Knife,Ross from Friends,Family Portrait,,,,699,AIlOzfQlcIA,,,,,
Pale Blue Dot,Ross from Friends,Family Portrait,,,,700,dD1CEDu0KOo,,,,,
Wear Me Down,Ross from Friends,Family Portrait,,,,701,murnZzrP-Y8,,,,,
A Brand New Start,Ross from Friends,Tread,,,,702,rSKhH40A5vY,,,,,
Family Portrait,Ross from Friends,Family Portrait,,,,703,MkBKztt58GE,,,,,
The Daisy,Ross from Friends,Tread,,,,704,6GmxU8SteqY,,,,,
Talk To Me You'll Understand,Ross From Friends,You'll Understand,,,,705,s93kHQe8Upc,,,,,
Vesta,O'Flynn,Vesta,,,,706,XYmTwD8ghzU,,,,,
Painted Wolf (K-Lone Remix),O'Flynn,Aletheia Remixes,,,,707,9vWOq_T-uUU,,,,,
Swiss Sensation,O'Flynn,Swiss Sensation,,,,708,Y5o5IBXVZSg,,,,,
Mesablanca,O'Flynn,Mesablanca,,,,709,yLy1wixenrg,,,,,
Call For Noise,O'Flynn;Frazer Ray,Shimmer,,,,710,DOHfon_DyqM,,,,,
Spyglass,O'Flynn,Oberyn / Spyglass,,,,711,c4cPl8YhekU,,,,,
Katara,O'Flynn;Frazer Ray,Shimmer,,,,712,90EQhXySVBA,,,,,
TKOTN (Mixed),O'Flynn,fabric presents Bonobo (DJ Mix),,,,713,oR5cwQsvF40,,,,,
Sunspear,O'Flynn,Sunspear,,,,714,_yuECqd3o9c,,,,,
Satyr,O'Flynn;Frazer Ray,Satyr,,,,715,GQtWz3pmkZQ,,,,,
Talia,O'Flynn,Talia,,,,716,sj9Y_7-MSek,,,,,
Tru Dancing,O'Flynn,Tru Dancing,,,,717,Jgeco7ZtdmQ,,,,,
60 Rutledge,O'Flynn,Aletheia,,,,718,ssOWM5hgVC4,,,,,
Desmond's Empire,O'Flynn,Desmond's Empire,,,,719,3FhhwkPryqc,,,,,
Rosalina,Oppidan,Sol,,,,720,l2_YC0630vQ,,,,,
Send It,Oppidan,Send It,,,,721,wNqysSPeT7s,,,,,
UNTITLED SINES,Oppidan,UNTITLED SINES,,,,722,1sNPOEFGOxY,,,,,
You & I,Oppidan,You & I,,,,723,2Gr2Eh1w1B8,,,,,
lose my head,Oppidan,lose my head,,,,724,Q5mAh3RjR7k,,,,,
WHERE'S MY VAPE?,Oppidan,WHERE'S MY VAPE?,,,,725,XohDEag0WA4,,,,,
Remember,Oppidan,Remember,,,,726,iqwxGgFXBRg,,,,,
FRESH AND NEW,Oppidan & Frisco,FRESH AND NEW,,,,727,4tRP-mMpAf4,,,,,
WAKE AND BREAK,Oppidan,WAKE AND BREAK,,,,728,Y8eRczIVDyA,,,,,
hold tight,Oppidan & camoufly,hold tight,,,,729,VLUkhtUH4mA,,,,,
over you,Oppidan;venbee,over you,,,,730,AJMWwtsgfv0,,,,,
..FEISTY (Oppidan remix),Fred again..;BIA;Oppidan,..FEISTY (Oppidan remix),,,,731,fDcqZ5vglYc,,,,,
Gravity,Oppidan;Hans Glader,Gravity,,,,732,BFHtkCDuwek,,,,,
Armed & Dangerous,Oppidan;Cutty Ranks,Armed & Dangerous,,,,733,52OS7R34qdg,,,,,
MR. SANDMAN,Oppidan,MR. SANDMAN,,,,734,lfaE_O6KNNU,,,,,
Swang,Shred Meyer,Swang,,,,735,Sh-l0w3MaSQ,,,,,
Swimming Pools (Drank),Shred Meyer,Shrovers,,,,736,uUsxsjKDUmg,,,,,
Trap Queen,Shred Meyer,Shrovers II,,,,737,QrHeNDJb3yM,,,,,
Kiss Me Thru The Phone,Shred Meyer,Shrovers,,,,738,N81dScKVUi4,,,,,
Spaced Out,Young Nudy,Slimeball,,,,739,3f0TJT7p08E,,,,,
Is It Supposed,Hudson Mohawke,Cry Sugar,,,,740,LvTGVGe9vyY,,,,,
Puppet,SAULT,Chapter 1,,,,741,PlH1nvGWMxA,,,,,
Olinda,VHOOR,Maré,,,,742,gw8DJ8Jds6Y,,,,,
Days Go By,James Blake,Trying Times,,,,743,TZf7t0vzLmY,,,,,
URUDHI MOZHIGAL,RANJ,27 CLUB,,3:02,,744,u0LuTjL3kgc,,,,,
I'm Sorry We Lied,Blood Orange,Coastal Grooves,,,,745,5zho6u9ATq4,,,,,
Sutphin Boulevard,Blood Orange,Coastal Grooves,,,,746,UDXkfS3EVZM,,,,,
Knowledge,Criso;Joe Nice,Countdown EP,,,,747,RPTWEzID-VQ,,,,,
This Love,Maroon 5,Songs About Jane,,,,748,AqQuRw0S6b4,,,,,
Muero,CA7RIEL & Paco Amoroso,FREE SPIRITS,,,,749,lnpBwaH_Rk4,,,,,
CALLING (feat. Sunday Service Choir),M.I.A.,M.I.7,,,,750,EYPjjbAzB6o,,,,,
SYRINX,Skrillex;RHR;Me Jesmay;Lucas Swatch,GÍRIA,,,,751,Q3RPB9nWlvw,,,,,
Lose Yourself to Dance (feat. Pharrell Williams),Daft Punk;Pharrell Williams,Random Access Memories,,,,752,iU7oF4OXZSE,,,,,
Only Human,Mariah the Scientist,Buckles Laboratories Presents: The Intermission,,,,753,y-y650e8Z04,,,,,
Ride (feat. Young Thug),Mariah the Scientist,To Be Eaten Alive,,,,754,txi9eGCq_1w,,,,,
Beggin',Madcon,Beggin',,,,755,tiGinpV44qg,,,,,
Side Effects,ZAYN,KONNAKOL,,,,756,a4jqyVWRT1w,,,,,
Fatal,ZAYN,KONNAKOL,,,,757,PFjCQbTH_P8,,,,,
Tu,Talwiinder;Sanjoy,Tu,,,,758,uOQG38DriDM,,,,,
Pal Pal (with Talwiinder),Afusic;Talwiinder;AliSoomroMusic,Pal Pal (with Talwiinder),,,,759,YfqJktv2nuA,,,,,
Akhiyaan,Mitraz,Akhiyaan,100.021,3:11,2,760,T35uru7JCIo,,,,,
Sohne Lagde,Sidhu Moose Wala;The PropheC,,,,,761,qo9yq5LoCjM,,,,,
Left With Me,Raf-Saperra;Bobby Kang,Venomz Vol. II,,,,762,qgQLhLP5NDw,,,,,
PYAAR KI EK KAHANI,"SONU NIGAM, SHREYA GHOSHAL, RAJESH ROSHAN, and IBRAHIM ASHQ",KRRISH,,,,763,_ZwmiSp32Ow,,,,,
Dirty Diana,Michael Jackson,Bad (25th Anniversary),,,,764,1R4pJc6vNn8,,,,,
Separation (feat. onlywoke),Westwood,Glamour,,,,765,Ph7O9kOXCvA,,,,,
Sarah,Alex G,Trick,,,,766,wQSxzUvQY7k,,,,,
Jab Se,Baalti;Lapgan,Threads,,,,767,Gw6vy9v6DXs,,,,,
Say Nothing [Ivy Lab Dub Mix] (feat. MAY-A),Flume;Ivy Lab,"Palaces : The Remixes, Pt. 2",,,,768,duT8BT15vkI,,,,,
Cascade,CARRTOONS;Wiki;Rae Khalil;The Kount,Cascade,,,,769,lV7oBle5wsw,,,,,
129 Amoroso,Vanyfox,Sonho Azul,,,,770,-cHlCvhgtHY,,,,,
Hooligan,BTS,ARIRANG,,,,771,lKgzkmTKvHU,,,,,
If It's Lovin' That You Want,Rihanna,Music Of The Sun,,,,772,QDzNZkC-OGw,,,,,
Music Of The Sun,Rihanna,Music Of The Sun,,,,773,OQmVmPD633U,,,,,
All Night,Beyoncé,Lemonade,,,,774,jn1ikLWOr3w,,,,,
Zara Larsson   All Night Beyoncé cover in the Live Lounge,ERICK VÁZQUEZ PLAY,,,,,775,iUYGKix45Lo,,,,,
SAME SH!T,Isaiah Rashad,SAME SH!T,,,,776,NCJNcQde2HU,,,,,
Play Me,Fcukers,Play Me,,,,777,c8I5EH49Sn0,,,,,
"if you wanna party, come over to my house",Fcukers,"if you wanna party, come over to my house",,,,778,jLwFKYPFX88,,,,,
Don't Phunk With My Heart,The Black Eyed Peas,Monkey Business,,,,779,UvgOT91-3Po,,,,,
Here I Go Again (feat. J-Status),Rihanna,Music Of The Sun,,,,780,TkkAN99VstE,,,,,
Head Over Heels,Japanese Breakfast,Head Over Heels b/w Essentially,,,,781,s6QbIcpqrRM,,,,,
Lonely,Fcukers,Ö,,,,782,Lt3xFeaBgRg,,,,,
Dracula (feat. JENNIE),Tame Impala,Dracula (with JENNIE) + Instrumental,,,,783,DXO288FnB-A,,,,,
Digital Love,Daft Punk,Discovery,124.726,,9,784,Smi8vAbm_8o,,,,,
Nightvision,Daft Punk,Discovery,,,,785,iRHo9cz2wFc,,,,,
Counting (Taiki Nulight Remix),Hamdi,Counting,142.135,,23,786,Wfqfp-VxYkg,,,,,
Meet The Frownies,DJ Lycox,Na Casa (Edits),,,,787,cKXurkagyF4,,,,,
Gas Me Up (Diligent),Skepta,Gas Me Up (Diligent),,,,788,GNxxXX5kXpg,,,,,
Come Around (feat. Timbaland),M.I.A.,Kala,,,,789,BCv3N8IEgGQ,,,,,
oblivion (feat. Common & Ayoni),Noname,Sundial,,,,790,y2_4zNAT_R8,,,,,
Back Home,MIKE;SURF GANG,Home on the Range // Back Home,,,,791,GxjNHNyjTYo,,,,,
sipping my tea,Zack Fox,sipping my tea,,,,792,fUUTRcQ6Smg,,,,,
Stars Out,Chance the Rapper,Stars Out,,,,793,cAvuSAWVwzE,,,,,
Skurrr,MIKE;Tony Seltzer,Pinball,,,,794,MNDOAfKq4Sk,,,,,
She Knows Too Much,Thundercat;Mac Miller,Distracted,,,,795,CJj-u4kRL6k,,,,,
Murda,Lil Yachty,Murda,,,,796,HN0H2DyQ-sQ,,,,,
2 Again,Body Meat,Truck Music,,,,797,MRVHilHDiI0,,,,,
in regrowth,Tristan Arp,"a pool, a portal",,,,798,dXzQpKq-H_s,,,,,
soulboy (IZCO Remix),p-rallel;Greentea Peng,soulboy (IZCO Remix),,,,799,iKGZXULgslw,,,,,
Riyaaz,Baalti;Lapgan,Threads,,,,800,ZyODZwmI0mw,,,,,
THIS A MUST,Kanye West;Ye,BULLY,,,,801,cbdL1DBD7BY,,,,,
WHATEVER WORKS,Kanye West;Ye,BULLY,,,,802,L77ieCSTAK4,,,,,
FATHER (feat. Travis Scott),Kanye West;Ye,BULLY,,,,803,unypqeWmyNI,,,,,
Basmati,Chilly Gonzales,Solo Piano,,,,804,S1Hzy16JVm8,,,,,
Silly,Alice Phoebe Lou,Child's Play,,,,805,0LTtFG11k-M,,,,,
Restart,Alana Markel,Restart,,,,806,wGOA2qHw2cw,,,,,
An Insatiable High,Masayoshi Takanaka,An Insatiable High,,,,807,RPaRjRqcyiU,,,,,
Good (Bad?) Old Days,Masayoshi Takanaka,An Insatiable High,,,,808,hQUvY6F4q34,,,,,
London Summers,Odeal,London Summers,,,,809,02gzbHt9YrU,,,,,
Jamming,Bob Marley & The Wailers,Exodus (Deluxe Edition),123.643,,11,810,s0eCr0U6AiY,,,,,
REAL ONES NEVER DIE,Kid Cudi,HAVE U BN 2 HEAVEN @ NITE?,,,,811,SSjvk_MP9NA,,,,,
Distance,Yebba,Dawn,139.955,4:15,0,812,jezPhW2aQDE,,,,,
One More Night,BTS,ARIRANG,,,,813,CP_-s-kHEDk,,,,,
Udu,O'Flynn,Aletheia,,,,814,kCfXNiGRW4s,,,,,
DO IT!,Samant,RIGIO (fall 4 u),,,,815,PTUU_Y-N_Ek,,,,,
RIGIO (fall 4 u),Samant,RIGIO (fall 4 u),107.212,2:58,1,816,2YQ9lUnqo3o,,,,,
MANDELA,Westside Gunn,HEELS HAVE EYES 2,,,,817,r1Cx9IsPwtw,,,,,
Mamou,Franco Luambo;Madilu System,Mamou,,,,818,exFBqy2knPc,,,,,
Birds & the Bees,Baby Keem,Ca$ino,,,,819,Rsz_MFfU2u8,,,,,
full moon. (fall in tokyo) [bonus track],Brent Faiyaz,Icon (Director's Cut),,,,820,JHa4NPWKux8,,,,,
other side.,Brent Faiyaz,Icon,,,,821,tx8dHNFwjy4,,,,,
LOSING YOUR MIND,Ye;Kanye West,BULLY,,,,822,xuOkuuFeE5A,,,,,
Chinna Chinna Asai,Minmini,Roja,,,,823,tsA-BrglLM4,,,,,
Murder On The Dancefloor,Sophie Ellis-Bextor,Murder On The Dancefloor,,,,824,RCtTDJgxPDA,,,,,
Break Me,Manni Dee & BODUR,Boys Noize presents ONES and ZEROS,,,,825,g9mgb5pRcgE,,,,,
War of the Hearts,Sade,Promise,,,,826,IjpjnOIHIdI,,,,,
Transportin',Kodak Black,Project Baby 2: All Grown Up,,,,827,cU1e2-0G3XE,,,,,
Playboi Carti & Lil Uzi Vert - Break The Bank,isaacdiditagain,,,,,828,9qR2bVt0y-w,,,,,
Shadow (Extended),Rohaan,Shadow,,,,829,ElSe3ciHLzE,,,,,
Roots,Bob Marley & The Wailers,Exodus (Deluxe Edition),,,,830,e5nzpyH3XRM,,,,,
Sweet Dreams (Are Made Of This),Anish Kumar;Arooj Aftab,Bait (Music From & Inspired by the Original Series),,,,831,nJi-V2Xo1wI,,,,,
Clocks (feat. Coldplay),Rhythms Del Mundo,Cuba - EP,,,,832,4lsYNsrDxaM,,,,,
Esdeekid - 4 Raws [Goshfather Remix] | Disco House,Goshfather,,,,,833,4FrkJdi1Lbc,,,,,
Clairo - For Now,David Dean Burkhart,,,,,834,ruUtBllqKCU,,,,,
Yelda,Yhapojj,Yelda,,,,835,XAtK85YanPI,,,,,
AAA,Mike WiLL Made-It & Sid Sriram,R3SET,,,,836,ihSOZlk-sMI,,,,,
Bichiyal,Bad Bunny;Yaviah,YHLQMDLG,,,,837,0whC1c7V4Co,,,,,
Me Vale,Maná,Six Pack: Maná - EP (Digital),,,,838,8jOXtJ4d-gE,,,,,
The First Taste,Fiona Apple,Tidal,,,,839,-zgIiwohjR4,,,,,
Astro Black,Quasimoto,The Unseen,,,,840,h4kqd8OQyXM,,,,,
Poo Maalaye (Flip),4am;Ilaiyaraaja;S. Janaki,Poo Maalaye (Flip),,,,841,VJCeRtmWCTM,,,,,
kraken,RISUS ROME,PRESTO PRIMO,,,,842,MmJN4s4vWww,,,,,
current,RISUS ROME,PRESTO PRIMO,,,,843,7hl-0kmLryQ,,,,,
Clear,Lunice;The Alchemist,Moving Parts,,,,844,rH-PcXjDRoE,,,,,
Pretty,Chance the Rapper,STAR LINE,,,,845,LqND7jClXsA,,,,,
BRXCX LXX,TRXGGX,BRXCX LXX,,,,846,YRwv44wkgTA,,,,,
Dramatic Girl (feat. Che Ecru),Baby Keem,Ca$ino,,,,847,DMwlXxZQLM4,,,,,
Love Demons,Peter Cat Recording Co.,Portrait of a Time: 2010-2016,,,,848,3jBNaYS6oJ8,,,,,
Copulations,Peter Cat Recording Co.,Portrait of a Time: 2010-2016,,,,849,iBh4m32lKz8,,,,,
Feel Good Inc. - Little Simz (Lyrics) Covering Gorillaz - For Triple j's Like A Version,Musicdevolution 💀 DarkerBluez,,,,,850,XGJK1SGPPXE,,,,,
Earth,Earl Sweatshirt;SURF GANG,POMPEII // UTILITY,,,,852,lyCMNALVaN0,,,,,
Jab Se,Baalti;Lapgan,Jab Se,,,,853,2dFO3HOX6VU,,,,,
Afer Ventus,Enya,Shepherd Moons,,,,854,XEctrR_e_gw,,,,,
Passionfruit,Anish Kumar,AK Cuts: Vol. 3,,,,855,bwFp_kqYFko,,,,,
Dance No More,Harry Styles,"Kiss All The Time. Disco, Occasionally.",,,,856,EvCbWzzd40M,,,,,
Echo Park Donut,Luke Temple,Hungry Animal,,,,857,NcPn1vH_oGM,,,,,
Mala - Alicia,Dubstep Classics,,,,,858,zpV7radKuwo,,,,,
I Did This To Myself (feat. Flying Lotus),Thundercat;Lil Yachty,Distracted,,,,859,Vyo8YS52y_8,,,,,
Baby keem & kendrick lamar - Family ties [egnever drum remix] (MMP intro) (dirty)-DJ megatones,Hazard Cil,,,,,860,X5b_a9hafYg,,,,,
Frostbite,Batu,Frostbite,,,,862,HrifpNUMhv4,,,,,
GLAIR - Overly (Official Snippet Video),GLAIR,,,,,863,tC3nvKw077E,,,,,
What You Saying,Lil Uzi Vert,What You Saying,,,,864,pwVEpinyTTQ,,,,,
I'm Zooted by Soulja Boy,metromami803,,,,,865,8PCjhUb_LkU,,,,,
Future Reflections,MGMT,,,,,866,KFKsoIdhkpQ,,,,,
Kiss It Better (Four Tet Remix),Rihanna,,,,,867,KhLrtfU8S_Y,,,,,
Midnight Request Line,Skream,Midnight Request Line / I,139.955,5:04,1,868,kaILQDcJZAo,,,,,
"The Nutcracker Suite, Op.71a: VIII. Waltz of the Flowers",The London Festival Orchestra,,,,,869,iNRT64ZYLz8,,,,,
Wasted,Gucci Mane,,,,,870,77xVrkoyzPs,,,,,
Stoned,Gucci Mane,,,,,871,Vc2WGlWisxo,,,,,
Casablanca,Gorillaz,,,,,872,hBSulEWZbaE,,,,,
The Shadowy Light,Gorillaz,,,,,873,9iwuW5qkY8M,,,,,
The Manifesto,Gorillaz,,,,,874,TGXgH-KkmxM,,,,,
The Happy Dictator,Gorillaz,,,,,875,sPQG9WTDfIU,,,,,
The Moon Cave,Gorillaz,,,,,876,2TdLuQqempg,,,,,
Halo,Beyoncé,I AM...SASHA FIERCE,79.983,4:21,11,877,Ws0sCcEf-XQ,,,,,
Really Love,D'Angelo and The Vanguard,,,,,878,2haOtNzacIs,,,,,
Everything Allocated,Larry June,,,,,879,v_Ar98AZfqk,,,,,
O Let's Do It (feat. Cap),Waka Flocka Flame,Flockaveli,130.085,,1,880,NK-LditKLFc,,,,,
Throw It In,Lil Wayne,No Ceilings,,,,881,u1RPZuDSxrs,,,,,
Skrilla,Kodak Black,Skrilla,,,,882,fYnsLvfrKyU,,,,,
Thinking Clean,Blood Orange,Freetown Sound,124.949,,20,883,7v6PXMl__Kk,,,,,
Love on Acid,Fatima,,,,,884,W9_e_nYJ2e0,,,,,
Myself,NAV,Good Intentions,,,,885,sB46GqPpVdQ,,,,,
Hate Runs Deep,Saukrates,,,,,886,rNxDoDGMwrg,,,,,
Cape Reinga,Alix Perez,Sabotage LP,106.186,,19,887,vvbPvfQuvwk,,,,,
Miss Me,Lucki,,,,,888,-T9D_8sEK6Q,,,,,
United Provinces Of India,Cornershop,,,,,889,oBpSjb42ySE,,,,,
Natch,Cornershop,,,,,890,Ei-oRaIRrqo,,,,,
Double Decker Eyelashes,Cornershop,,,,,891,hFLgJB3ifmw,,,,,
Brimful of Asha,Cornershop,,,,,892,MHQ2GOIQpw4,,,,,
Deep Harbour,Commodo,Deep Harbour,67.491,,11,894,8fxvsCrSEpY,,,,,
Palo Santo,Larry June;Curren$y;The Alchemist,Spiral Staircases,,,,895,a-dCKTKBFJw,,,,,
Time: Donut of the Heart,Jaubi,Chalo,,1:10,,896,MrEE5w2jPz8,,,,,
Take Your Time!,Madame Gandhi,Let Me Be Water,,,,897,e-WBjp1-h7A,,,,,
Turn Your Phone Off,PinkPantheress,,172.266,,3,898,Tn1S5Zu8zQc,,,,,
What Is Love (feat. SZA),KINGDOM,Tears XL,,,,899,EQRS7tw_IF4,,,,,
She Died There,Machinedrum,Room(s),,,,900,hSIDAtpyF6Y,,,,,
Takuya Nakamura (DJ Set) - Elevator Music,Elevator Music,,,,,901,iSeR_qrtGmk,,,,,
Procession,Commodo,Procession,,,,902,V3esTsZQ20M,,,,,
Zindagi Dub (feat. Delhi Sultanate & Begum X),V.I.V.E.K,System Sound,,,,903,oXnujPx3gQc,,,,,
Spread Love,V.I.V.E.K,Eyes Down,,,,904,O_KDXQxZsgk,,,,,
Midnight Request Line,Skream,Midnight Request Line / I,,,,905,UFvEoJcLvgM,,,,,
Recorddeals,1 9 0 5;Former City Records,Ghettoboom Vol. 1,,,,906,b5CngY0mGpk,,,,,
5 Star Residence,Lil Keed,,,2:45,,907,wR3tPpLzUgo,,,,,
Disposition,TOOL,,,4:47,,908,UfuTV6plR0Q,,,,,
BIGGAVEL,LUCKI,,,2:50,,909,ohiAOXoCg_o,,,,,
MILLIONAIRE,Concrete Boys;Lil Yachty;Draft Day;Dc2trill,MILLIONAIRE,,,,910,jWXXZfaci14,,,,,
Still Water,Nomine,,139.925,5:33,10,911,gRO_vOMjwHg,,,,,
Indian Stomp,Cyrus,,,5:05,,912,RH8r2asRpg4,,,,,
A Place In The Sun,Marine Girls,,,2:35,,913,RwkcWsQ4U5s,,,,,
Come On Let's Go,Broadcast,The Noise Made By People,,,,914,AyWKWcEfE-Y,,,,,
intentions.,Knx.,,,3:42,,915,j8Zq6w7CXtk,,,,,
Allure,JAY-Z,The Black Album,86.287,4:52,9,916,o_e8CAZC3Tw,,,,,
Taken,Hayley Williams,,,2:46,,917,X6bchhNm5IA,,,,,
No Partial,Rhythm & Sound,Rhythm & Sound,154.714,6:15,1,918,KqEIJ6VWqow,,,,,
Look at Stars (Machinedrum Remix),SBTRKT,Living Like I Do,,,,919,LNaHOgIldW4,,,,,
NO INTENTION (feat. LEILAH),SBTRKT,THE RAT ROAD,127.194,4:08,23,920,6vWeze2jwCs,,,,,
GO TO GROUND,SBTRKT,,88.308,0:45,17,921,rWSxU0IZNyE,,,,,
Phatty Drummer,Skream,Gritty / Phatty Drummer,,,,922,V5XE-HpJNN8,,,,,
Discreet Dub,Calibre,Tenopause,,,,923,28YxZTx9UD4,,,,,
Miracles,Mala,"Deep Medi Releases, Vol. 2",,,,925,ZTXIztOCTHA,,,,,
Bye.,J Dilla,,90.202,1:28,9,926,Ig0ne2qbGP8,,,,,
Tripper,Alex G,DSU,,,,927,NoVrH6KGStU,,,,,
Waiting for You (Bonus Track),Alex G,,,3:31,,928,45mEO_-vBRo,,,,,
16 Mirrors,Alex G,Trick,,,,929,HGQgF3fU00I,,,,,
Turn it up,PinkPantheress,Turn it up,,,,930,Y3WsgDMXg-A,,,,,
Anish Kumar - Sunday Sessions | 7 | 01.02.2026,Anish Kumar,,,,,931,PHjW4tisL2s,,,,,
Flies,Peter Cat Recording Co.,Portrait of a Time: 2010-2016,,,,932,wNKwcpobYx4,,,,,
Chino,Madlib Invazion,,,1:58,,933,l8tYjz_TaSQ,,,,,
Vishnu,Peter Cat Recording Co.,,107.973,4:26,22,934,RWkoW64rtTw,,,,,
Close To Me,33 Below,,,3:27,,935,_GOumZeSOAQ,,,,,
Kill Jill (feat. Killer Mike & Jeezy),Big Boi,BOOMIVERSE,,,,936,d9ak4Qun0bc,,,,,
Afford You,Amaria,Free Fallin',,,,937,dG1LtAcRaYg,,,,,
Moving Mountains,Syd,Always Never Home,,,,938,mjY-QKYhWvs,,,,,
On the Road,Syd,Always Never Home,,,,939,s-G6XUUJMvc,,,,,
Bad Dream/No Looking Back,Syd,,,4:55,,940,VwdBPcHkA9s,,,,,
Still In Love With The Pain,Labrinth,COSMIC OPERA ACT I,,,,941,IVt05G874TM,,,,,
Dhum Dhum,Sodhivine,,89.941,2:14,11,942,H_JvG11S_Ss,,,,,
Love Dub (Refix),Cooly G,Narst / Love Dub,,,,943,X4VtV1VV2gM,,,,,
$NOT - Human [Official Audio],$NOT,,,,,944,TLdNNw_Nb84,,,,,
No No Yes Yes,Deradoorian,No No Yes Yes,116.017,4:36,4,945,x9JfxVRNvg4,,,,,
Dali's Elephant Caravan Melting Desert,Deradoorian,"Disembodied Improvisations, Vol. 1",,,,946,rSBgiPyDxhM,,,,,
Pure Love,Hayley Williams,,,,,947,YWhaoHOI__0,,,,,
Darling,Esbe,Bloomsday,,,,948,_eeKioqMZeU,,,,,
Mother,Kyoshi,Kyoshi,,,,949,Wr3yumDULlk,,,,,
Inner West Hustle (feat. KOOL A.D.),Kyoshi,Kyoshi,,,,950,BL7xL_tqN9s,,,,,
Disco Wich Aa (Baalti Remix),Mohinder Kaur Bhamra;Baalti,Disco Wich Aa,,,,951,hxkgtx6kkFg,,,,,
Kolkata '78,Baalti,Kolkata' 78,117.498,5:39,9,952,Q7z664LhZV0,,,,,
Ustad,Baalti,Thandai - Flavours of the East,123.971,,5,953,nzIjPBfVSXU,,,,,
100 Rs Kilo,makaan,100 Rs Kilo,128.019,4:11,1,954,CV9LeMDX_uc,,,,,
Astitva,Multani,Astitva,103.073,2:52,1,955,NYDdDt9Q72A,,,,,
Thillana,6091,Thillana,157.045,2:45,8,956,yKRb3C0seGk,,,,,
Really (Nothing is Cool),Anushka;Victoria Port;Max Wheeler,Really (Nothing is Cool),120.008,4:26,2,957,tUE9BbCYiiU,,,,,
wild heart,Lapgan,Badmaash,82.992,1:15,7,958,f-M57MeA82w,,,,,
Duniya Kya Hai,Lapgan,Duniya Kya Hai,83.031,1:03,6,958,f-M57MeA82w,,,,,
Liminal State Of Mind,Lapgan;megiapa,Liminal State Of Mind,177.984,3:14,8,959,o7HgHCgtqTw,,,,,
Control,RHYTHOM,Control,127.898,4:07,10,960,L_oHy-oV7ro,,,,,
Thee,RHYTHOM,Thee,179.793,3:45,9,961,xvnGGqoMCeI,,,,,
god's chariots,Oklou,,,,,962,EEK7k4xTF7Q,,,,,
Infest,Tony Shhnow,,,,,963,DyjDyOvfY34,,,,,
You got time and I got money,Smerz,,,,,964,UOEp3s2iVTo,,,,,
Two Thieves,Erika de Casier,,,,,965,tR4qsEPSlzY,,,,,
Change Clothes,JAY-Z,The Black Album (Explicit),104.009,4:18,10,966,71-qWbczSmc,,,,,
Cariño,Susana Baca,Palabras Urgentes,113.564,4:09,7,967,Xwtx1DnlYQQ,,,,,
"sister, idea",Munir Hossn & Ganavya,"sister, idea",,2:47,,968,4C03tJF8iLs,,,,,
Semmaan Magalai,Pradeep Kumar,Vaazhl (Original Motion Picture Soundtrack),125.997,4:17,4,969,kKzq6anjSA0,,,,,
Arunachala,Gayathri Krishnan,Arunachala,109.486,1:08,7,970,7y32dU8EdIM,,,,,
No Room for Doubt,Lianne La Havas,,,,,971,42GlKX5vY3k,,,,,
Can We Pretend,Bill Withers,'Justments,82.067,3:49,9,972,qiSmeCIi3Lo,,,,,
Cryptogram for Sam,Unnayanaa,Osmosis Prelude,172.065,5:24,0,973,Km9WZxZKK5I,,,,,
Mothertongue: I. Archive,Nico Muhly,Mothertongue,176.333,5:49,9,974,1oCzBzshXpU,,,,,
"Siyavuma (we accept, we surrender)",Sonic Interventions,Do You Remember?,131.903,4:49,5,975,Fd5qp7MfJ9c,,,,,
Ever So Lonely / Eyes / Ocean,Sheila Chandra,Weaving My Ancestors' Voices (Real World Gold),137.705,3:24,5,976,ooaMt_5jjSs,,,,,
"Chana (feat. Rosalía, Jordi Franco, Roger Blàvia & Cristo Fontecilla)",Kejaleo,Alaire,114.033,4:12,7,977,JY70RixQ9ks,,,,,
Lately,Jorja Smith,falling or flying,122.972,2:07,7,978,tw1AbEqAhv4,,,,,
Almeda,Solange,When I Get Home,110.015,3:56,1,979,xS19Hfj0hI8,,,,,
Pandemic is a Portal (PiaP),Krithi;Smaran,Pandemic is a Portal (PiaP),160.032,3:27,2,980,pKK0Rla7HgY,,,,,
Pandemic is a Portal (PiaP),Krithi & Smaran,Pandemic is a Portal (PiaP),,3:27,,980,pKK0Rla7HgY,,,,,
Wisdom Eye,Alice Coltrane,Eternity,80.9,3:10,4,981,shOfu810phM,,,,,
Tea Time in Tamil Nadu,Jatinder Singh Durhailay,Yātrā,49.84,1:23,5,982,44ZmgaUBl0c,,,,,
"Oh, Pyar",Lapgan,History,151.455,1:20,11,983,tP7X-6cH5No,,,,,
Salad Days,Jatayu,,92.192,,18,984,fGzuO_LeEQ0,,,,,
Thoppai Vibes,Jatayu,,92.856,,17,985,w9jGqzedaVo,,,,,
Turn Me Inside,Vegyn;Léa Sen,The Road To Hell Is Paved With Good Intentions,123.957,2:54,9,986,HWK3z5c5V-g,,,,,
A Dream Goes On Forever,Vegyn;John Glacier,The Road To Hell Is Paved With Good Intentions,,,,987,DnGaxdmehrE,,,,,
Only Human,KH;Nelly Furtado,Only Human,,,,988,n33HBxVUYrs,,,,,
In the Front,Vegyn,,135.456,3:48,21,989,MC6tWEeKbxU,,,,,
TRUMP THE BILL,SUNSHINE,TRUMP THE BILL,,,,990,TjgGfVQpN7o,,,,,
Flight Of The Tiger Lily,Hiatus Kaiyote,Mood Valiant,112.678,0:36,15,991,8CUVkuNKIrY,,,,,
Blood And Marrow,Hiatus Kaiyote,Mood Valiant,87.714,3:30,15,992,eBDUkstcWTk,,,,,
Stone Or Lavender,Hiatus Kaiyote,Mood Valiant,108.766,5:30,4,993,_xgAmLR6lyw,,,,,
Sparkle Tape Break Up,Hiatus Kaiyote,Mood Valiant,72.295,5:16,3,994,YT5_C5mEQS8,,,,,
All The Words We Don't Say,Hiatus Kaiyote,Mood Valiant,135.143,5:07,19,995,UBwHcZS3aZg,,,,,
Get Sun,Hiatus Kaiyote;Arthur Verocai,Get Sun,90.315,5:37,7,996,kS3mojo2EYE,,,,,
KEEP IT PLAYA,VER & Origami Beats,KEEP IT PLAYA,,3:06,,997,cHg5nR9f3co,,,,,
Kimpton,Barry Can’t Swim;O'Flynn,Kimpton,121.981,3:49,4,998,IJxMhAKzOos,,,,,
Crawling,bôa,Whiplash (Deluxe),143.012,3:40,1,999,G6MxEu9KSP4,,,,,
REM,makaan,REM,123.962,5:16,22,1000,kzEjXgkmHA8,,,,,
Back in Town,V V N;Denizen Gray,Back in Town,112.897,3:02,7,1001,SWr-sKsJTa8,,,,,
Diosa,Kali Uchis,ORQUÍDEAS,,2:37,,1002,_nm2XqfHDx0,,,,,
Dark Pulse,Alix Perez,Entanglements,123.068,5:27,11,1003,hpAFT8V3N_E,,,,,
Homebody,Nai Palm,Homebody,100.432,,1,1004,9eUBX05HP14,,,,,
I Fxxking Love You,Colde,Love Part 1,,4:03,,1005,RKw-hFFkvFU,,,,,
Love Like,Kim Ximya X D. Sanders,Moonshine,,2:52,,1006,mELDXLomvks,,,,,
ꞌCosmicꞌ.m4a,Denzel Curry;Kenny Beats,UNLOCKED,96.301,2:46,7,1007,2YN0tVmgcWw,,,,,
¿y por Qué Te Voy a Creer?,Alberto Iglesias,Lucía y el Sexo (Banda Sonora Original),132.97,1:12,1,1008,9oQnRbjWkP4,,,,,
¿puedo Hablar Contigo?,Alberto Iglesias,Lucía y el Sexo (Banda Sonora Original),137.371,2:28,3,1009,lzabBWHLYAc,,,,,
¡lo Adivinas Todo!,Alberto Iglesias,Lucía y el Sexo (Banda Sonora Original),135.66,4:46,1,1010,PmH31FjZBO4,,,,,
zzz pt.ⅰiii,HARU NEMURI,harutosyura,0,0:17,0,1011,BrYAAObmuOc,,,,,
zzz pt.ⅰi,HARU NEMURI,harutosyura,100.084,1:38,7,1012,iWAdQqq-WzA,,,,,
zzz pt.ⅰ,HARU NEMURI,harutosyura,54.758,1:18,1,1013,v7ZR4UXy5hY,,,,,
Zugzwang,Yung Heazy,Whenever You're Around I Hate Everything Less,165.033,2:58,0,1014,wUQHC40w7B4,,,,,
Zorro,A.CHAL,FAR FROM GAZ,167.95,3:10,9,1015,kCVzEXH9Jqg,,,,,
Zoot,B.o.B,Zoot,134.947,4:49,6,1016,VC3ZYbe2mHg,,,,,
Zoom Zoom,Polo & Pan,Caravelle,94.003,3:29,7,1017,SPHshwlI9SM,,,,,
Zoom,Commodores,Commodores,174.042,6:44,6,1018,K5tGaInyKPM,,,,,
Zoned,Jaden Smith,CTV2,,3:40,,1019,_4LtL-4h-U4,,,,,
"Zone 3 (feat. Tilla, Josh Arcé & Chuck20)",Little Simz,Stillness in Wonderland,132.502,3:42,3,1020,30F819giCqM,,,,,
Zombies,Childish Gambino,"""Awaken, My Love!""",160.055,4:41,17,1021,XEGKUg7A2I8,,,,,
Zombie,The Cranberries,No Need To Argue (The Complete Sessions 1994-1995),166.915,5:06,7,1022,lSDfCdycdvk,,,,,
Zipcodes,Joey Bada$$,Zipcodes,75.176,4:27,4,1023,SBp1trJS1AM,,,,,
Zionsville,Khruangbin,The Universe Smiles Upon You,80.656,4:11,2,1024,rvLmMkV6O_M,,,,,
Zion Wolf Theme (Unfinished),Jai Paul,Leak 04-13 (Bait Ones),,3:08,,1025,aC5WsYKMWeA,,,,,
Zero Sum,The Smile,Cutouts,130.079,2:47,0,1026,nMf2EmUPTtE,,,,,
"Zahmet El Ayam (feat. Ehab Tawfik, Hisham Abbas & Mostafa Amar)",Hamid El Shaeri,Zahmet El Ayam,,4:22,,1027,OV2He7xLenY,,,,,
ゆめをみよう - yumewomiyou,HARU NEMURI,harutosyura,,3:12,,1028,2FjdpUYwviQ,,,,,
Yr Not Invited,TV Girl;George Clanton,Fauxllennium (Japanese Deluxe Edition),120.08,3:43,10,1029,9EojfvR-NBU,,,,,
Your Teeth In My Neck,Kali Uchis,Isolation,116,3:06,3,1030,ZMm-M3Y1ISI,,,,,
Your Soul,Hippie Sabotage,The Sunny Album (Deluxe Edition),94.46,5:24,7,1031,qd_CE8y9qxo,,,,,
your sonnet,haruka nakamura,Still Life,123.605,4:22,3,1032,zLaC5CTxJaA,,,,,
Your Small Town,Foxwarren;Andy Shauf;Darryl Kissick,Foxwarren,120.049,2:48,7,1033,q-13CfqkDa0,,,,,
Your Potential//The Beyond (Instrumental),Flying Lotus,You're Dead! (Deluxe Edition),129.386,2:53,23,1034,wD6IkZAx0bU,,,,,
Your Potential//The Beyond (feat. Niki Randa),Flying Lotus,You're Dead!,135.672,1:46,23,1035,232tfKrDxOE,,,,,
YOUR GONNA DIE IN THIS CAR,Afourteen,YOUR GONNA DIE IN THIS CAR,119.995,3:05,0,1036,ZnmmhB4glns,,,,,
Young Metro,"Future, Metro Boomin, & The Weeknd",WE DON'T TRUST YOU,,3:26,,1037,zFBz2zZJC9U,,,,,
Young Lion,Vampire Weekend,Modern Vampires of the City,180.314,1:45,10,1038,AhkP3it3vaM,,,,,
Young Lady (feat. Father John Misty),Kid Cudi,Indicud,117.597,4:25,6,1039,vqRBKv-XviE,,,,,
Young & Reckless,Jaden Smith,CTV2,,2:44,,1040,YOPj5vuS4fU,,,,,
Youlogy,Shabazz Palaces,Black Up,105.265,3:58,11,1041,f5xLrrl5rpU,,,,,
"You, Forever",Sam Evian,"You, Forever",130.472,3:31,10,1042,yesUXJZ60T8,,,,,
"You, Dear",Eloise,This Thing Called Living,71.021,3:07,11,1043,SpDVSZIbQms,,,,,
You've lost that feeling,Garden City Movement,Never On Time,115.993,3:29,6,1044,93rbWiQneRM,,,,,
You're So Right,The Strokes,Angles,168.089,2:33,2,1045,loa9wkmrwgw,,,,,
You're Not My Girl,Ryan Leslie,Transition (Deluxe Edition),108.012,3:54,8,1046,ml8CXtQaXr4,,,,,
You're My Sunshine,Cazzi Opeia,You're My Sunshine,125.111,3:01,7,1047,aD4fMjUTpPI,,,,,
I've Been Hurt,trapboy Freddy,No Feelings,,2:47,,1048,1C_e-BAbDsI,,,,,
You Talk Way Too Much,The Strokes,Room On Fire,127.856,3:06,4,1049,G9OLlofojX8,,,,,
You Stopped Loving Me,Luther Vandross,Never Too Much,100.09,5:16,2,1050,CUNlpwqAYBw,,,,,
you should see me in a crown,Billie Eilish,"WHEN WE ALL FALL ASLEEP, WHERE DO WE GO?",150.455,3:00,4,1051,K6xBwcQTGac,,,,,
You Should Know (feat. Busta Rhymes),Rapsody,Laila’s Wisdom,80.539,6:18,1,1052,FIBD0kgeACw,,,,,
You Sent Me Flying / Cherry,Amy Winehouse,Frank,99.481,6:50,0,1053,qfZj2h1t0Jc,,,,,
You Said That to Me Tuesday,Good Morning,The Option,106.031,1:29,4,1054,S-gQjxeLQRw,,,,,
You Right,Doja Cat;The Weeknd,Planet Her,128.986,3:06,8,1055,fdrjPRnTYC0,,,,,
You Oughta Know,Das Racist;Heems,"Shut Up, Dude",81.902,2:55,9,1056,fdVtku8oq2I,,,,,
You Love It,Roy Woods,Waking at Dawn,136.014,3:06,6,1057,pPFKcLskuiI,,,,,
You Know I Should Be Leaving Soon,American Football,American Football (Deluxe Edition),109.67,3:43,7,1058,KWKSAjLCEzE,,,,,
You Hid,Toro y Moi,Causers Of This,180.027,3:24,8,1059,HDv8TiGFmNU,,,,,
You Got Me Floatin',The Jimi Hendrix Experience,Axis: Bold As Love,,2:49,,1060,lOfv4k63vtQ,,,,,
You First,Paramore,This Is Why,77.119,4:05,6,1061,JHRRdV1WI94,,,,,
You don't need my love?,Colde,Love Part 1,103.002,3:12,5,1062,vUXPVPULo9w,,,,,
You Don't Know,Nico Play,You Don't Know,205.794,2:56,4,1063,-5xcd-mMqVE,,,,,
You Could Use Me as a Weapon,The F16s,Triggerpunkte,130.012,3:58,8,1064,KyPGu0fu9iA,,,,,
You Can't Always Get What You Want,Erika de Casier,Lifetime,199.974,3:30,3,1065,HIV3sEJmIZ0,,,,,
You Can Kill With It (feat. Xavier Wulf),idontknowjeffery,The Night Is Young II,130.053,2:31,10,1066,cU-mAooQXdk,,,,,
You Can Go,Tara Lily,You Can Go,116.006,2:22,3,1067,WTBQ8pir9Z8,,,,,
You Can Do It Too (feat. Jamie Cullum),Pharrell,In My Mind,85.091,5:23,17,1068,8B0R2sDJlL4,,,,,
YOU BROKE MY HEART BUT IMMA FIX IT,SBTRKT,THE RAT ROAD,149.982,2:49,11,1069,OnKssE9hohU,,,,,
You Belong To Me (feat. The Jordanaires),Patsy Cline,Sentimentally Yours,109.311,3:04,3,1070,PRmGQxdGy54,,,,,
You Are Here,Jhené Aiko,Trip,140.847,3:39,4,1071,YnbN31XvVIk,,,,,
You Are All You Need (feat. Georgia Anne Muldrow),Clever Austin,Pareidolia,159.513,3:57,1,1072,F2LnYPJ4v8I,,,,,
You and Yours,Cloudkicker,Let Yourself Be Huge,83.376,4:48,3,1073,Y0bc05A8SbE,,,,,
You And Whose Army?,Radiohead,Amnesiac,137.504,3:11,1,1074,QQnc-hM80UQ,,,,,
You Ain't No DJ (feat. Yelawolf),Big Boi,Sir Lucious Left Foot...The Son Of Chico Dusty,170.046,5:32,7,1075,eJMJpImR8fs,,,,,
You Ain't Alone,Alabama Shakes,Boys & Girls,118.637,4:44,5,1076,AmycDOIH5dw,,,,,
You & Me (Rivo Remix) (feat. Eliza Doolittle),Disclosure;Rivo,You & Me (Rivo Remix),122.467,3:29,5,1077,4d_vkvE3Iys,,,,,
You & Me (Flume Remix) (feat. Eliza Doolittle),Disclosure,Settle (Special Edition),149.947,4:43,5,1078,Q3_vX-I16I0,,,,,
You,Majid Jordan,The Space Between,140.048,5:42,0,1079,Ju645LhTn1I,,,,,
You,Odette,To A Stranger,139.715,3:40,1,1080,N15io72oZK0,,,,,
You,Larry Lovestein & The Velvet Revival,You,99.854,5:52,10,1081,-csLPmJ3t-U,,,,,
夜を泳いでた (Nemu remix) - yoruwooyoideta (Nemu remix),HARU NEMURI,harutosyura,,4:17,,1082,Bm3ERGBZUCo,,,,,
夜を泳いでた - yoruwooyoideta,HARU NEMURI,harutosyura,,3:00,,1083,qm5FsnqsQbA,,,,,
Yoppenheimer,Lelo,Yoppenheimer,161.253,2:15,0,1084,-F-tYYxGrCg,,,,,
YOO,Denzel Curry,ZUU,72.735,1:04,6,1085,MfY-Q3Joouc,,,,,
YNO (feat. Big Sean),Rae Sremmurd,SremmLife,105.021,5:25,7,1086,4Cxo0-vbU68,,,,,
YNGTC,Honest;Lil Yachty;SKT Boo;Kkruggerr,YNGTC,156.117,2:57,11,1087,7zwel3kdUTg,,,,,
YiPiYaY,Aminé,TWOPOINTFIVE,147.036,1:45,7,1088,PZlK3IglqsA,,,,,
Yikes,Kanye West,ye,173.931,3:08,1,1089,kPPyUO6m3-4,,,,,
Yesterday,J Dilla,Jay Love Japan,104.068,,5,1090,VYnvhWkTbNo,,,,,
"Yes, Honey?",Anish Kumar,"Yes, Honey?",115.965,3:22,9,1091,T5cT-1zXXj8,,,,,
Yes,Coldplay,Viva La Vida (Prospekt's March Edition),161.577,,6,1092,N9hpzrA-27c,,,,,
Yellow Snow Freestyle (feat. J.I.D),Spillage Village,Bears Like This Too Much,160.206,,1,1093,7FxyvoJPhFE,,,,,
Yellow Diamonds,Wiz Khalifa;Sledgren,Wiz Owens,134.067,,1,1094,jLQ1XpIqocA,,,,,
Yellow Belly (feat. Tierra Whack),Flying Lotus,Flamagra,148.293,,6,1095,9TUaC58csaY,,,,,
YEH HAWA YEH FIZA AA BHI JA,MAHENDRA KAPOOR,GUMRAH,100.896,,9,1096,6-_y0E20kn0,,,,,
Yeh Bandhan Toh,Kumar Sanu;Udit Narayan;Alka Yagnik,Karan Arjun (Original Motion Picture Soundtrack),78.248,,0,1097,g-uUxqGns44,,,,,
yeah you,Shabazz Palaces,Black Up,121.139,,6,1098,3AP-r2L1LX8,,,,,
Yeah Yeah,Jaden,The Sunset Tapes: A Cool Tape Story,124.004,,6,1099,9lguvIW69kg,,,,,
YEAH RIGHT,Joji,BALLADS 1,169.033,2:54,1,1100,iRarH5OwV-Y,,,,,
Yeah Right,Toro y Moi,What For?,148.768,,6,1101,NLn86x5PL7g,,,,,
Yeah (bonus),Mac Miller,Faces,,,,1102,FKvElVh61ck,,,,,
Yeah (Fantasizing),boy pablo,Roy Pablo,127.941,,4,1103,M6h4kOCstIM,,,,,
Yazhiha,Vidya Vox & Rohith Jayaraman,Sundari,,,,1104,wizYU9crQuE,,,,,
YAYO,Rema,HEIS,117.993,,10,1105,g0Z6S5pyeTs,,,,,
YaYaYa,RY X,Unfurl,92.586,,1,1106,OY8dePjK2Mk,,,,,
Yas (feat. Mario Camarena & Erick Hansel),Polyphia,New Levels New Devils,144.961,,1,1107,sIwab2A1Knw,,,,,
Yao Ming,Gunna,Drip or Drown 2,139.976,,4,1108,JgP9AvoSdB0,,,,,
YAJNA,KÁRYYN,THE QUANTA SERIES,110.023,,1,1109,WIJPKiAxWyQ,,,,,
Yada Yada,Anderson .Paak,Ventura,92.165,,6,1110,9DJez2SmlOI,,,,,
Yaar,The PropheC;Ezu,The Remedy,77.034,,8,1111,c7meP6yq714,,,,,
Yaad Kar,The PropheC,The Season,111.959,,6,1112,FlRBA0VGns4,,,,,
Ya No Te Oye,Alberto Iglesias,Lucía y el Sexo (Banda Sonora Original),136.081,,2,1113,uBj0csR9D6I,,,,,
Y la Luna Se Llama...,Alberto Iglesias,Lucía y el Sexo (Banda Sonora Original),101.44,,0,1114,yUYjifXIizY,,,,,
Xtasy,Ravyn Lenae,HYPNOS,107.05,,5,1115,yP8NqUvy4sg,,,,,
Xizi She Knows,Imogen Heap,Sparks (Deluxe Version),150.013,,5,1116,FqaINUVT_ZQ,,,,,
Mega Xerecation,"Sanchezz DJ, DJ NARDINI, & JHONA!",Mega Xerecation,,,,1117,xzQWWzk2cQ4,,,,,
XENA,Skrillex;Nai Barghouti,Quest For Fire,145.027,4:11,1,1118,gqnogTUiQm4,,,,,
xanny,Billie Eilish,"WHEN WE ALL FALL ASLEEP, WHERE DO WE GO?",111.554,,9,1119,GbjwfQG_N_Y,,,,,
X6 (feat. LUCKI),Luchii,X6,146.009,,9,1120,aMdvh9IbUKU,,,,,
Wyclef Jean,Young Thug,JEFFERY,132.054,,5,1121,DWqRZPCmeaE,,,,,
Wut U On (feat. Sango),Michael Christmas,Wut U On,97.002,,9,1122,cmtR95DDPnM,,,,,
Wut The... (Poop),Chon,Newborn Sun,0,,1,1123,mjkLclyKfc0,,,,,
Wus Good / Curious,PARTYNEXTDOOR,PARTYNEXTDOOR,82.878,,8,1124,1YEZxCNeiMI,,,,,
Wu-Tang Forever,Drake,Nothing Was The Same,99.935,,8,1125,UpDBIPOuNRk,,,,,
wRoNg (feat. Kehlani),ZAYN;Kehlani,Mind Of Mine (Deluxe Edition),99.968,3:32,7,1126,DZays_iCJ4A,,,,,
Writer In The Dark,Lorde,Melodrama,71.855,,7,1127,JsWq1YfBzDc,,,,,
Wounds (feat. Chronixx),Little Simz,GREY Area,133.16,,4,1128,REeF_8TlGUs,,,,,
Wouldn't Leave (feat. PARTYNEXTDOOR),Kanye West,ye,164.236,,3,1129,nMkXJohQiuQ,,,,,
worthy,San Holo,album1,104.913,,4,1130,pb3g_DDkuRM,,,,,
Worst Behavior,Drake,Nothing Was The Same,109.944,,9,1131,XacUgjIpV6M,,,,,
Worship You,Vampire Weekend,Modern Vampires of the City,149.055,,11,1132,f5KLYx9jsBA,,,,,
Wormhole,Flume,Hi This Is Flume (Mixtape),134.759,,11,1133,CnVG2ixJPmo,,,,,
World In My Hands (feat. Smino & Legit),Saba,Bucket List Project,136.057,,1,1134,NNuhS07blNk,,,,,
Workin Out,JID,DiCaprio 2,126.938,,10,1135,Dmt7S66ulGc,,,,,
Work Ain't Nuthin',Mera Bhai,Work Ain't Nuthin',135.994,3:24,5,1136,h-LygSz8BWE,,,,,
Work,Charlotte Day Wilson,Late Night Tales: Badbadnotgood,130.016,,1,1137,AF6RzVJyeDk,,,,,
Words,Gregory Alan Isakov,This Empty Northern Hemisphere,118.018,,1,1138,IXaMF4FqIkM,,,,,
Word On Da Street,Yung Bans,Yung Bans Vol. 5,141.716,,10,1139,VTq-NBYHMfY,,,,,
Wool (feat. Vince Staples),Earl Sweatshirt,"I Don't Like Shit, I Don't Go Outside: An Album by Earl Sweatshirt",47.811,,1,1140,gTGCXZheif4,,,,,
Woodside,Soft Glas,Orange Earth,113.987,,4,1141,E9mvHYeIYq8,,,,,
Woo,Beach House,7,164.27,,0,1142,fmrK-XjLaLs,,,,,
Wolf (feat. Quin),Miguel,War & Leisure,179.685,,10,1143,W24PLfO_c0g,,,,,
Wok (feat. OKTOTSUシ),Sypha;Gleem,Lean Legends,,,,1144,UT4cCqtuesA,,,,,
Wockhardt,RRoxket,RRoxket,,,,1145,YOzlCIe4DSI,,,,,
Wockesha (Remix),Moneybagg Yo;Lil Wayne;Ashanti,A Gangsta’s Pain: Reloaded,,,,1146,hIny5CzAWRM,,,,,
Wngs,NxWorries;Anderson .Paak;Knxwledge,Yes Lawd!,77.09,,2,1147,u1yV7znGIik,,,,,
Witness,Santigold,Spirituals,155.01,2:35,2,1148,dJSxKBwOkqI,,,,,
Without You (feat. Rapsody),Anderson .Paak,Malibu,83.322,,7,1149,UkNF5j1nXGw,,,,,
Without Me,Eminem,The Eminem Show (Expanded Edition),112.238,,7,1150,9SbT3q1a6dQ,,,,,
with you/for you,Prateek Kuhad,cold / mess,114.095,,6,1151,5ZR09MJ4DyM,,,,,
With you,Noname,Room 25,83.78,,3,1152,vjIukRQega8,,,,,
With You,Jasper Tygner,Eyes Open EP,131.999,1:36,11,1153,eFwZLR8VeK0,,,,,
With That,Young Thug,,123.997,,9,1154,b-QCLrTN5pE,,,,,
With A Little Help From My Friends (Remastered 2009),The Beatles,,,,,1155,0C58ttB2-Qg,,,,,
Witchcraft,Frank Sinatra,,124.272,,3,1156,cUuDYhMfuR0,,,,,
Wit It,Gunna,,125.905,,7,1157,Lq51QO-HFIc,,,,,
wish you were gay,Billie Eilish,,118.028,,7,1158,z0_zOC20jbM,,,,,
WISH,Denzel Curry,,95.017,,5,1159,qps4j5X9yvg,,,,,
Winona,Miloe,,,,,1160,MZB7KxHLsb0,,,,,
Windows,N.E.R.D.,,,,,1161,DGg3cMvkWVw,,,,,
Window (feat. Phoelix),Noname,Room 25,111.028,4:39,12,1162,6qEj7Kg6O5o,,,,,
wilted,Medasin;Anatole Muster,sounds,94.961,4:03,3,1163,Zh_XHTmK8lY,,,,,
Wilma,Soft Glas,,138.955,,9,1164,oiWBQTrrKcg,,,,,
Will I See You Again?,Thee Sacred Souls,,169.931,,9,1165,63MO1jPE8BE,,,,,
Wildflower,Beach House,,81.084,,3,1166,PcmgB-LjUoI,,,,,
Wildcat,Ratatat,,115.993,,1,1167,tArdmbr_znI,,,,,
Wild Wild West,Offset,,114.008,,9,1168,Vj6fLYNIm7M,,,,,
Wild Time (Rough Trade Session),Weyes Blood,Rough Trade Session,,4:39,,1169,P-azF9mVywA,,,,,
Wild Time,Weyes Blood,Titanic Rising,141.359,,7,1170,zjw17szxD7c,,,,,
Wild for the Night,A$AP Rocky,,141.99,,21,1171,SqqZ1ltotS8,,,,,
Wide Awake,Parquet Courts,Wide Awake!,122.047,2:38,8,1172,S5uKMcT7oVI,,,,,
Wicked,Future,EVOL,157.97,2:53,11,1173,TXp7JW-lN8I,,,,,
Wicked,ICYTWAT,Siddhi,149.138,2:41,10,1174,LnoSALoXHHo,,,,,
Why'z it so hard,Brent Faiyaz,Lost,85.975,2:41,7,1175,tSOaZG0GiOk,,,,,
Why'd You Only Call Me When You're High?,Arctic Monkeys,AM,92.004,2:41,2,1176,VsxlqmSDmBU,,,,,
Why You Do That,Max B,"Library of a Legend, Vol. 10",165.976,4:42,10,1177,ef0Oe18rRME,,,,,
Why Why,Liim,Liim Lasalle Loves You,100.042,3:25,8,1178,0ydGnfCmpK8,,,,,
Why Like This?,Teebs,Ardour,90.004,2:57,6,1179,2DLP3V7UQro,,,,,
Why I do em Like that,Westside Gunn,,151.542,,21,1180,SPHiol5-upY,,,,,
Why Don't You Call Me,James Blake,James Blake,64.919,1:32,4,1181,MGkfwphzyA4,,,,,
Why Do You Run,Planet Giza,Don't Throw Rocks At The Moon,83.959,,6,1182,umO5AhDgTHo,,,,,
Why Do I Cry,Margo Guryan,27 Demos,99.673,2:14,9,1183,kLa7Q5Wgw1o,,,,,
Why Can't We Live Together,Timmy Thomas,70er Jahre Soul,105.658,4:37,7,1184,hULALx9PuXA,,,,,
WHY AM I STILL IN LA,Joji,,124.968,,0,1185,qkmPCExHfCo,,,,,
Why,Dominic Fike,What Could Possibly Go Wrong,117.027,,6,1186,YMgVBrlZtKU,,,,,
Whopper Wednesday,Big Head,Bad Luck,175.841,,9,1187,jeybaJCeLhg,,,,,
Whoopty Doo,Young Thug,UY SCUTI,145.38,,7,1188,oiQd3BcNsQo,,,,,
"Whoa (feat. Tyler, The Creator)",Earl Sweatshirt,Doris,79.616,,2,1189,BvrIFt8tkCc,,,,,
Who's to Blame,Good Morning,Prize//Reward,128.04,,0,1190,7EimLHYHFag,,,,,
Who Will Survive In America,Kanye West,My Beautiful Dark Twisted Fantasy,116.166,,1,1191,UB6sXiZ1ldw,,,,,
Who the Fuck Is You,Xavier Wulf,"Greatest Hits, Pt. 1",129.983,,1,1192,3c0NS8qJePA,,,,,
Who The Fuck Are Arctic Monkeys?,Arctic Monkeys,Who The F*** Are Arctic Monkeys?,,,,1193,y1N8ob9FtKY,,,,,
Who R U?,Anderson .Paak,Oxnard,92.009,,1,1194,pg6pyzpUybQ,,,,,
Who I Am,Toro y Moi,Outer Peace,119.989,3:28,8,1195,XOe-Nw2xLKk,,,,,
Who I Am,Wiz Khalifa,Deal Or No Deal,74.94,,7,1196,dnzcV4X6K4Q,,,,,
Who He Iz,KAYTRAMINÉ;Aminé;KAYTRANADA,KAYTRAMINÉ,106.169,,2,1197,vVoa0Yj9TMQ,,,,,
Who Dat Boy (feat. A$AP Rocky),"Tyler, The Creator;A$AP Rocky",Flower Boy,115.414,3:25,8,1198,Bq-JNmqYW4s,,,,,
White Willow Bark,MF DOOM,Special Herbs Vol. 5 & 6,96.6,,5,1199,jgZLo6nsQkU,,,,,
White Teeth Teens,Lorde,Pure Heroine,113.992,,6,1200,lDwOa57FdBI,,,,,
White Tee,Rozie Ramati,White Tee,112.747,,9,1201,350hc-9xMkM,,,,,
White Rabbit,Hiatus Kaiyote,Love Heart Cheat Code,109.315,,7,1202,67Cw0OoCnIM,,,,,
White Man'z World,2Pac,The Don Killuminati: The 7 Day Theory,,,,1203,XEVN0Cukm6c,,,,,
White Label,Nas,NASIR,75.505,,11,1204,q-mT2WWtB4c,,,,,
White Girls (feat. Travi$ Scott),Belly,Up For Days,112.886,,9,1205,ygLuAhTW-sU,,,,,
White Ferrari,Frank Ocean,Blonde,108.741,,0,1206,ToO4VFCoR7U,,,,,
White Bronco,Action Bronson,White Bronco,80.751,,11,1207,anWb6yQejJU,,,,,
White (feat. John Mayer),Frank Ocean,channel ORANGE,139.232,,1,1208,ifF6560hkn8,,,,,
Whiskey Demo,Ojerime,B4 I Breakdown,93.931,,6,1209,iC4GrcNYC5M,,,,,
Whiskey,Arooj Aftab,Night Reign,111.135,,5,1210,-5ATQ7a2U94,,,,,
While You Were Sleeping,Laufey,Bewitched,156.164,,4,1211,on_kE6Q0qDo,,,,,
While You Wait For The Others,Grizzly Bear,Veckatimest,80.44,,6,1212,OPQfT1cLb3s,,,,,
Which Way,G Jones,Daydreams / Which Way,123.452,,1,1213,tYMLDQ_jX28,,,,,
wherever u r (feat. V of BTS and NATURE),"UMI, NATURE, & V",wherever u r (feat. V of BTS and NATURE),,,,1214,AeN2TS_0ce0,,,,,
Wherever I Go,Brent Faiyaz,Larger Than Life,73.981,,3,1215,D3ZLqpLrBDw,,,,,
Where's The Party Tonight? (DAYTIMERS Presents: Alterations),"Mrii, Zenjah, DAYTIMERS, Shaan, Vasundhara Das, Loy Mendonsa, and Shankar Mahadevan",Where's The Party Tonight? (DAYTIMERS Presents: Alterations),,,,1216,njwnB5f53JU,,,,,
Where You Been,The PropheC,The Season,76.957,,2,1217,wI-MEvWq904,,,,,
Where You Are (feat. Willow),PinkPantheress,Where you are,134.994,,0,1218,4UulQEM7-K8,,,,,
Where The Monstaz Be,Curren$y;Monstabeatz,Radioactive,83.77,,1,1219,-wBB3paqqG0,,,,,
Where the Money Flows,Peter Cat Recording Co.,Bismillah,75.032,,2,1220,fYNkPydLaLg,,,,,
WHERE THE CASH AT,BROCKHAMPTON,iridescence,156.032,,2,1221,_FbkfgwSAhA,,,,,
Where I'm Going,Thundercat,Drunk,151.954,,5,1222,qpvlWQi1BCs,,,,,
Where I End and You Begin,Radiohead,Hail To the Thief,121.326,4:29,8,1223,pyTY6Z-Fqzw,,,,,
Where Did You Go?,Sam Evian,"You, Forever",114.989,,2,1224,H_WCsfpTS1I,,,,,
Where Did I Go?,Jorja Smith,Lost & Found,97.048,,5,1225,Hpq0SNpd42I,,,,,
When You're Small,MGMT,Little Dark Age,140.001,,2,1226,5Li-LgF73fI,,,,,
When You're Ready,Justine Skye,BARE WITH ME (The Album),119.843,,0,1227,u7KoUQrxUCE,,,,,
When You Die,MGMT,Little Dark Age,140.886,,11,1228,w1nGMgaukcE,,,,,
When We Love,Jhené Aiko,Trip,169.907,,1,1229,udpEmTJpdUY,,,,,
When The Sun Goes Down,Arctic Monkeys,"Whatever People Say I Am, That's What I'm Not",169.152,,11,1230,zr0p6qqtlcw,,,,,
WHEN THE METEORS HIT,EVAN GIIA,STAMINA,84.801,,10,1231,1askAi2H2_c,,,,,
When i was young,Wiz Khalifa;Sledgren,Wiz Owens,95.051,,8,1232,tXF_5K2Pj98,,,,,
WHEN I BALL,BROCKHAMPTON,"ROADRUNNER: NEW LIGHT, NEW MACHINE",82.024,,11,1233,bV_hij6LfQk,,,,,
What’s Yo Phone Number / Telephone (Medley / Ghost Of Screw Mix),Erykah Badu,But You Caint Use My Phone (Mixtape),,,,1234,9piNK32ZeOM,,,,,
Whateverer,STRFKR,Vault Vol. 2,120.105,,9,1235,7XGJUY51M9w,,,,,
whatever u like,UMI,Forest in the City,91.92,,2,1236,De-QSFKbvS0,,,,,
What's Goodie (feat. Cakes da Killa),Injury Reserve,Floss,127.057,,4,1237,tcU5MuQE2ck,,,,,
Wanted,MOONCHILD,Prologue.,,,,1238,rr49p49pxJ4,,,,,
What You Want,THEY.,Nü Religion: HYENA,147.927,,0,1239,552xg9pnzEE,,,,,
What You Know Bout Love,Pop Smoke,Shoot For The Stars Aim For The Moon,83.995,,10,1240,TKeZ8svgZ-Y,,,,,
What You Do to Me,Majid Jordan,The Space Between,101.726,,2,1241,88UucI3a7AE,,,,,
What Now,Brittany Howard,What Now,99.949,,11,1242,DsbSrMeIoS8,,,,,
What Made Me,Dave East,P2,95.957,,1,1243,tywYmj6m0Xk,,,,,
WHAT KIND OF RAPPIN' IS THIS?,JPEGMAFIA,LP!,139.03,,1,1244,9ixhPxLD-DA,,,,,
What Is the Light?,The Flaming Lips,The Soft Bulletin,,,,1245,u1fWF8uD6pw,,,,,
What Is It About Men,Amy Winehouse,Frank,76.411,,11,1246,mZENbrwz6nw,,,,,
What If I Go? (feat. Bonzai),Mura Masa;Bonzai,Mura Masa,200.066,3:15,7,1247,__EDZIxYpT4,,,,,
WHAT I LOOK LIKE (DNU - Rough Mix for Fingerprinting) (feat. Freddie Gibbs),Maxo Kream,WEIGHT OF THE WORLD,,,,1248,swfV8nzX5C0,,,,,
What I Got,Sublime,Sublime,95.721,,7,1249,0LZzpx0VLPM,,,,,
What I Am,ZAYN,ROOM UNDER THE STAIRS,79.183,,7,1250,X3ZmxD6USJc,,,,,
"What Happens (feat. A$AP Rocky, A$AP Ferg, Joey Bada$$ & Kirk Knight)",A$AP Mob,Cozy Tapes Vol. 2: Too Cozy,144.607,,2,1251,FW7PoGb5u4s,,,,,
What Happened To That Boy (feat. Clipse),Baby,Birdman,93.073,4:19,2,1252,pUToSfwUf54,,,,,
What Ever Happened?,The Strokes,,116.17,,11,1253,yQOJTLylm-A,,,,,
"What Does Your Soul Look Like, Pt. 1 (Blue Sky Revisit)",DJ Shadow,,,,,1254,DyzGu8ZaCrw,,,,,
What Child Is This,Vince Guaraldi Trio,,85.218,,5,1255,ugvNbgzXhvk,,,,,
What Can We Do?,Anderson .Paak,,101.561,,10,1256,kpiOtHqMvcA,,,,,
what are you so afraid of,XXXTENTACION,SKINS,103.369,2:30,0,1257,7S_ixWKNslQ,,,,,
What Are You On?,Roy Woods,,179.874,,5,1258,oday6VXIwYY,,,,,
What a Year It’s Been,Injury Reserve,,80.321,,11,1259,ganeN2aEGTo,,,,,
Wetin You Smoke,Prettyboy D-O,,119.087,,8,1260,_fy4sNF0_q4,,,,,
Westside,Fatima,And Yet It's All Love,105.929,4:23,4,1261,3wjpR2GX7O4,,,,,
Weston Road Flows,Drake,,82.874,,1,1262,CQpQsooQRKM,,,,,
West Side Highway,A$AP Rocky,,92.996,,7,1263,8efQfUr6mSk,,,,,
West Savannah,Outkast,Aquemini,84.942,4:06,9,1264,jPeRi2CNYQA,,,,,
West,River Tiber,,115.309,,8,1265,z47xeb5r-Rs,,,,,
Werewolf,Fiona Apple,,123.223,,9,1266,C3tH1ZsrRnU,,,,,
Wenta Fe Hodny,Hamid El Shaeri,Ana Baba,,2:58,,1267,LcPVpeU9Di4,,,,,
Welt,Chelsea Wolfe,,90.558,,0,1268,JSItooLTFEQ,,,,,
Wells Fargo (Interlude),Dreamville,,,,,1269,Lln8b9na2Vc,,,,,
Welcome To The Party,Pop Smoke,Meet The Woo,143.024,,2,1270,-Oy3UHPY3f0,,,,,
Welcome To Atlanta,Jermaine Dupri;Ludacris,Word Of Mouf,95.921,3:23,8,1271,w1F0AnpzeTw,,,,,
Welcome Back,Cloudkicker,Let Yourself Be Huge,83.461,1:42,7,1272,VDfUHK84KYc,,,,,
Welcome Back,Joey Bada$$;Chris Brown;Capella Grey,2000,90.534,3:42,8,1273,LV3cE7tYZwo,,,,,
Weird Fishes/ Arpeggi,Friko,Weird Fishes/ Arpeggi,144.841,,11,1274,RAUB-nw_2Dg,,,,,
Weightless,Animals As Leaders,Weightless,114.95,5:15,1,1275,vfBFHwPzsrI,,,,,
Wedding Season,Baalti,Better Together,123.997,5:12,11,1276,RTE8hJh8-jg,,,,,
Webbie Flow (U Like),Isaiah Rashad,Cilvia Demo,76.912,3:07,6,1277,xHqBj_ne6qo,,,,,
WEARY,Machinedrum;Jesse Boykins III;Mick Jenkins,3FOR82,90.117,2:18,1,1278,U1dUE-kPD7g,,,,,
We'll Be Fine,Drake;Birdman,Take Care (Deluxe),193.397,4:07,1,1279,iq6ai4HAY7c,,,,,
We Were Born The Mutants Again With Leafling,of Montreal,"Hissing Fauna, Are You The Destroyer?",127.02,4:58,5,1280,vGsPzUyHFGU,,,,,
We Turn Red,Red Hot Chili Peppers,The Getaway,164.038,3:20,2,1281,r88VHpshMkM,,,,,
We Suck Young Blood,Radiohead,Hail To the Thief,77.042,4:56,3,1282,MkSRfituw3c,,,,,
WE NEED ALL DA VIBES,Playboi Carti,,89.998,,7,1283,npCVXwqHRNs,,,,,
We Great,Your Stepdad,Your Stepdad (Deluxe),162.961,,1,1284,UDIrm0eRiEI,,,,,
We Gonna Make It (feat. Styles P),Jadakiss,Kiss Tha Game Goodbye,87.211,3:34,2,1285,MOlwobnYKAI,,,,,
We Goin' To Do It To Ya,Busta Rhymes,It Ain't Safe No More. . .,193.705,,1,1286,IafAUmp9oBI,,,,,
we fell in love in october,girl in red,we fell in love in october / forget her,129.96,,7,1287,FJX0JPXD2nM,,,,,
We Don't Trust You,Future;Metro Boomin,WE DON'T TRUST YOU,124.091,,6,1288,3cmJvY1g_bQ,,,,,
We Don't Know (Avem Remix) (feat. Sea Change),Arutani,We Don't Know (Avem Remix),,,,1289,zlwtuWHyNUY,,,,,
We Deal With the Freak'n (intermission),Solange,When I Get Home,62.92,,10,1290,3tsVi1wfZzU,,,,,
We Cry Together,Kendrick Lamar;Taylour Paige,Mr. Morale & The Big Steppers,106.89,,11,1291,uK0y77IXm1M,,,,,
We Could Be Free (feat. Ty Dolla $ign),VIC MENSA,The Autobiography,120.031,,1,1292,gMnsK4n0eJU,,,,,
We Can't Stop,Miley Cyrus,Bangerz (Deluxe Version),80.003,,1,1293,5bUuvZkJyRI,,,,,
We Belong Together (feat. Danielle Haim),Vampire Weekend,Father of the Bride,82.998,,9,1294,uFORWfbT2qg,,,,,
We Are God,Childish Gambino,Bando Stone and The New World,154.045,,5,1295,kSMUflmrRUE,,,,,
Wazzup,Chief Keef,4NEM,144.944,,0,1296,CusD7uECQRc,,,,,
Waze,Tierra Whack,Whack World,119.977,,11,1297,MBj79jEsFyc,,,,,
Waze,Skepta;Chip;Young Adz,Insomnia,138.028,,8,1298,ehki9xQXY38,,,,,
Wayward Tide,Golden Daze,Simpatico Demos,66.746,,7,1299,GV2LTTaU0xI,,,,,
Way to the Show,Solange,When I Get Home,80.095,,1,1300,VClroNJjEQU,,,,,
Way Back,Skrillex;PinkPantheress;Trippie Redd,Don’t Get Too Close,175.014,,7,1301,cHxiwouZB7s,,,,,
Wax On (feat. Freddie Gibbs),Injury Reserve,Injury Reserve,158.024,,4,1302,ndc6Mx0ot44,,,,,
Wavy (Interlude) (feat. James Fauntleroy),SZA,Ctrl,78.99,,0,1303,r8OFo-8winw,,,,,
Waves Know Shores,James Blake,The Colour In Anything,78.473,,10,1304,p2n1dRAM814,,,,,
Waves,Kanye West,The Life Of Pablo,96.091,,10,1305,ML8Yq1Rd6I0,,,,,
Waves,Joey Bada$$,1999,90.221,,8,1306,DSmSYiQGf2A,,,,,
Wave Bounce,Chon,Homey,92.531,,8,1307,tv75bAlsgzQ,,,,,
Wave,Whethan,Fantasy,134.91,,4,1308,o3BXrrOyCcA,,,,,
WAV Files,Lupe Fiasco,DROGAS WAVE,207.852,,5,1309,sG8DXQhNEGU,,,,,
Watts (feat. Big Time Watts),Freddie Gibbs;Madlib,Piñata,164.093,,2,1310,cg17SVqsCFM,,,,,
Waterslide,Chon,Homey,173.849,,9,1311,VP6XC5r86HU,,,,,
Watering My Plants,Larry June,Adjust To The Game,76.697,,11,1312,72_br_h8N4s,,,,,
Water Fall (Interluuube),Anderson .Paak,Malibu,118.242,,5,1313,3mP9ol7o5Ok,,,,,
Water,Tyla,TYLA,116.941,,3,1314,l0wCX0BZzTg,,,,,
Watching Movies,Mac Miller,Watching Movies with the Sound Off,135.062,,10,1315,2hVyJeZ9-2o,,,,,
Watching Him Fade Away,Mac DeMarco,This Old Dog,,,,1316,i5zMbhVFcAw,,,,,
Watch Me Read You,Odette,To A Stranger,122.094,,10,1317,m-ww4OvlWp0,,,,,
Watch Me,Jaden,SYRE,129.927,,0,1318,lwmtXIoNpGU,,,,,
Watch,Tony Shhnow,Out The Woods,70.113,,2,1319,t-ca-I_-63g,,,,,
Wat it feel lykë,Yeat,Lyfë,135.117,,7,1320,lp-SRyuipAU,,,,,
Wasting Away,STRFKR,Vault Vol. 2,105.497,,1,1321,YbAW33s9NAo,,,,,
Wasteland,Chxrry,The Other Side,137.932,,5,1322,cXa8Vhr4mlc,,,,,
Wasted (feat. Juicy J),Travis Scott,Rodeo,134.931,,10,1323,4tj6hfn-Vb8,,,,,
WASTE MY TIME,Juelz,ADRENOCHROME,140.03,,9,1324,r0A75iXAS14,,,,,
Washing Machine Heart,Mitski,Be the Cowboy,106,,9,1325,12rsVkwSsXU,,,,,
Warriors,M.I.A.,Matangi,160.064,3:40,7,1326,3Pr5AAqKNwI,,,,,
Warping,Death Grips,Bottomless Pit,107.025,,1,1327,nHYOoyksB_I,,,,,
Warm Thoughts,Flume,Flume,167.95,,5,1328,50qVNI5pKDU,,,,,
War,SiR,November,160.041,,5,1329,wGotkaMzTAk,,,,,
Waqaf,Prabh Deep,Tabia,69.965,,7,1330,DFJXdh-h67c,,,,,
Wanting U Back,JayBaloo,Wanting U Back,146.004,,11,1331,8XcLBs4w3-Y,,,,,
Wannabe,Logic,Confessions of a Dangerous Mind,134.012,,2,1332,F9r1HWcWVKw,,,,,
Wanna Be Me,Young Thug,Slime Season,74.954,,3,1333,OXbSfY0GtjU,,,,,
Wandering Star,Portishead,Dummy,80.152,,6,1334,8T0cRt8efsQ,,,,,
Wandering Romance,Jorja Smith,Lost & Found,78.558,,1,1335,azjOefV3jik,,,,,
Wandering Mt. Moon,Barry Can’t Swim,Loner,,3:05,,1336,3qqPua0Po_0,,,,,
Wall Of Eyes,The Smile,Wall Of Eyes,141.716,,0,1337,eNO_94-_XoM,,,,,
Walkin (Key Glock remix),Denzel Curry,Walkin (Key Glock remix),,,,1338,21foqO46_7g,,,,,
Walk On By (feat. Kendrick Lamar),Thundercat,Drunk,94.955,,8,1339,sYKcMR1WK6A,,,,,
Walk Away,Duke & Jones & Nicole Millar,Walk Away,,,,1340,yidzTc49Tio,,,,,
Walk a Mile,alt-J,The Dream,142.266,,0,1341,7-v2M_oDBYo,,,,,
Walk,Kodak Black,Kutthroat Bill: Vol. 1,130.04,,8,1342,cTnmBD26cIM,,,,,
Waken Baken,Wiz Khalifa,Kush & Orange Juice,74.135,,9,1343,eV-Dwb8bjLM,,,,,
Wake Up,Soft Glas,Orange Earth,62.301,,0,1344,yF3nz5Pd0NA,,,,,
Wake Up,Young the Giant,American Bollywood,95.998,,4,1345,VvZyVEL9eFM,,,,,
Waiting In Vain,Bob Marley & The Wailers,Exodus,78.789,,8,1346,TBq4_pk_W24,,,,,
Waiting For You (feat. Naomi Sharon),Majid Jordan,Good People,81.976,,10,1347,Kj1ZBMjm54o,,,,,
Waiting,STRFKR,Vault Vol. 2,114.077,,10,1348,cp37lV1ps3Q,,,,,
Waitin' for a Superman (Mokran Mix) (Mokran Mix; 2017 Remaster),The Flaming Lips,The Soft Bulletin,,,,1349,hk1fR8EzuLQ,,,,,
Waitin' for a Superman,The Flaming Lips,The Soft Bulletin,,,,1350,SbDKL9wWcwE,,,,,
Wait Until Tomorrow,The Jimi Hendrix Experience,Axis: Bold As Love,,,,1351,D73GE04-l5s,,,,,
WAIT FOR U,Future,,83.389,,1,1352,y9qO_xgE34Q,,,,,
Wait For It,H.E.R.,,78.929,,5,1353,Wki3_mL7q6w,,,,,
Wahin Ka Wahin,Lifafa,,94.953,,0,1354,ovItSbeYtNs,,,,,
Wading in the Velvet Sea,Phish,,137.821,,7,1355,xW68elBLk3E,,,,,
WA-R-R,Colde,,113.011,,1,1356,GhFudOcrfpY,,,,,
"Vāzhkai, En Rose",Ganavya,Aikyam: Onnu,117.671,4:08,6,1357,m3LsHldpU6o,,,,,
Vámono,Buscabulla,,111.436,,2,1358,i-4y3sAqdy4,,,,,
vvs valentine,Destroy Lonely,,83.501,,0,1359,Ciamvp8fhNk,,,,,
VULTURES,¥$,,146.086,,1,1360,LbgS1FZLxhY,,,,,
Vulture Baby,Blood Orange,,73.708,,2,1361,4_5OVuUSHmM,,,,,
Vulnerable (feat. Cameron Hayes),MPH,Substance,139.824,2:47,6,1362,KlKsRWY6BlY,,,,,
Vroom,"The FaNaTiX, Idris Elba, Lil Tjay, Davido, Koffee, Moelogo| PS5, PS4 (from GRAN TURISMO 7)",,,,,1363,L9iMRuKB65s,,,,,
Voyeur,James Blake,,124.931,,7,1364,3sXlYO3UwuI,,,,,
Moonchild,Electric Universe,,,,,1365,ueOWYrhvEvI,,,,,
Voodoo Child (Slight Return),The Jimi Hendrix Experience,,,,,1366,C0XwPUFfFwE,,,,,
Voodoo,Spillage Village,,137.009,,1,1367,dcKYxY0pMt4,,,,,
Voltaic Acid,Lapalux,,124.036,,3,1368,mMTUR8WX1nU,,,,,
volta e meia,O Terno;Devendra Banhart;Shintaro Sakamoto,<atrás/além>,109.214,,4,1369,hmRgsot-1Dg,,,,,
Volk,Thom Yorke,Suspiria (Music for the Luca Guadagnino Film),172.106,6:24,7,1370,2KMWjZ44SJQ,,,,,
Voilà,N.E.R.D;Gucci Mane;Wale,NO ONE EVER REALLY DIES,154.102,4:20,6,1371,-PycOPwjTQA,,,,,
voices in my head,San Holo featuring The Nicholas,,,,,1372,boCxIUq8PY8,,,,,
Voices,Flume;SOPHIE;KUČKA,Hi This Is Flume (Mixtape),133.687,1:54,9,1373,BseUPnMxBqc,,,,,
Voicemails,Tony Shhnow;Mike & Keys,Self Portrait,130.21,2:28,9,1374,TBIXR9ZovF8,,,,,
Voiceless Terror,Thom Yorke,Suspiria (Music for the Luca Guadagnino Film),108.85,2:30,6,1375,FbHgSHdUL_s,,,,,
Vivo Sonhando,Stan Getz;João Gilberto;Antônio Carlos Jobim,Getz/Gilberto,140.889,2:54,7,1376,LFReYY3qYJA,,,,,
VIVID DREAMS,KAYTRANADA;River Tiber,99.9%,117.958,4:36,1,1377,Aj0929mk2Yo,,,,,
VIVID,BROCKHAMPTON,iridescence,81,2:24,2,1378,mn4PMCli1dQ,,,,,
Vitamins,Mac Miller,Macadelic (Remastered Edition),139.971,3:03,2,1379,VnOy-dXX4Go,,,,,
Vitality,Flume,Hi This Is Flume (Mixtape),96.904,1:39,1,1380,ZqTwy7fOURY,,,,,
Vision,Earl Sweatshirt,,107.975,,9,1381,eCcXId9aM3s,,,,,
VIRGO'S GROOVE,Beyoncé,RENAISSANCE,107.988,6:08,11,1382,pCMEvXPmfP4,,,,,
Virginia May,Gregory Alan Isakov,This Empty Northern Hemisphere,88.881,2:58,0,1383,dPxp2Kqe320,,,,,
Violets for Roses,Lana Del Rey,Blue Banisters,88.021,4:15,10,1384,GNPl8NZuEzo,,,,,
Violet Hill,Coldplay,Viva La Vida (Prospekt's March Edition),76.093,,1,1385,fIrEdJ_7USA,,,,,
Violet,Majid Jordan,Good People / Afterhours,149.925,,8,1386,sEcgq5izFEw,,,,,
Violent (feat. Lloyd Banks),Dave East,P2,101.623,,1,1387,z_Zld8sTRBg,,,,,
Violent,Grapetooth,Grapetooth,170.068,,2,1388,NwzyJbilFlA,,,,,
Violence,Parquet Courts,Wide Awake!,185.604,,4,1389,GTrk8U9gqC0,,,,,
Vincent's Dancer,STRFKR,Vault Vol. 3,99.852,,5,1390,nzdasGGiJZI,,,,,
Vikingman,Rodrigo y Gabriela,Rodrigo Y Gabriela (Deluxe Edition),,,,1391,iVBk19TUXjE,,,,,
Video Girl,FKA twigs,LP1,100.022,3:47,9,1392,3XRM6THQzYk,,,,,
Video (feat. Ravyn Lenae),KAYTRANADA,TIMELESS,103.781,,7,1393,cSWhnUoBTZI,,,,,
Victory Lap,Skepta;Fred again..;PlaqueBoyMax,Skepta .. Fred,140.039,,11,1394,3xBrgkasoaM,,,,,
vice grip,Melvin Knight,BACKSHOTS,97.094,,4,1395,3rdU_4Pa9RQ,,,,,
vice city,XXXTENTACION,LOOK AT ME: THE ALBUM,87.02,,9,1396,J9hkGhArDUc,,,,,
Vibin' (Unfinished),Jai Paul,Leak 04-13 (Bait Ones),,,,1397,jjWEvFBcLv0,,,,,
Vibe,Diljit Dosanjh,MoonChild Era,87.993,,1,1398,s6d6qb4a1eA,,,,,
Vex,Chelsea Wolfe,Hiss Spun,149.74,,11,1399,7eVZ7XWKmZo,,,,,
Vete,Bad Bunny,YHLQMDLG,91.976,,1,1400,iB_dfHQhKKc,,,,,
Vet,Tony Shhnow,Da World Is Ours 3,76.262,,0,1401,nYU_JHQ0Zs8,,,,,
Very Ape (2013 Mix),Nirvana,In Utero (Deluxe Edition),,,,1402,a8Sn0gfXCaM,,,,,
Vertigo,Lee Scott;Cool Calm Pete;Heems,Feed The Well // Vertigo,76.86,2:47,2,1403,Xl5FedVTTDM,,,,,
Versatile 4,Kodak Black,Dieuson Octave,125.1,,0,1404,7pC84gzL6K0,,,,,
Versace Hottie,Princess Nokia,Metallic Butterfly,124.031,,11,1405,LzQFwBlniDg,,,,,
VENT,Ovrkast.,VENT,130.04,2:40,0,1406,wBcN77bw6NQ,,,,,
Venomz Boliyan,Raf-Saperra;Bobby Kang,5 Deadly Venomz,97.981,,1,1407,mkIRJfJsKVI,,,,,
Venom (Music From The Motion Picture),Eminem,Kamikaze,,,,1408,pB-B6DUY0OY,,,,,
Venom,Little Simz,GREY Area,139.712,,7,1409,A6ieo6maHXg,,,,,
Vengo De Allá,Anthony Santos,La Batalla,151.143,,4,1410,32MUGqmV_S4,,,,,
Velvet Leaves,Puma Blue,In Praise Of Shadows,169.902,,3,1411,F47p51Kl0vY,,,,,
Vegas Collie (feat. A sample from Natvralism’s Nanoloop),Flying Lotus,Reset EP,196.013,,10,1412,I4ENJcAc6ig,,,,,
Vega,Action Bronson,Only For Dolphins,142.518,,6,1413,wrf4ZXfNX-o,,,,,
Vefa,Erkin Cavus;Reentko Dirks,Istanbul 1900,130.534,,10,1414,MUtMRMSZKAc,,,,,
VEENA,Heems;RAM DULARI;Sid Vashi;Lapgan,VEENA,154.37,2:26,1,1415,srXYFZSvBaY,,,,,
"Ve Kamleya (Redux) (From ""Rocky Aur Rani Kii Prem Kahaani"")",Pritam;Tushar Joshi;Shreya Ghoshal;Amitabh Bhattacharya,Rocky Aur Rani Kii Prem Kahaani,,,,1416,3OQmde6hirY,,,,,
Vanilla Tears,Sølv,London With My Mind In LA,104.195,,9,1417,afoxFLRZfRs,,,,,
Vanilla,DILJIT DOSANJH,Drive Thru,171.96,,8,1418,dXcUdxxELEc,,,,,
VanGogh'sLeftEar,Zelooperz,Van Goghs Left Ear,129.925,,7,1419,OeuG7cbLrkU,,,,,
Vampire Bat,Glass Animals,Vampire Bat,90.009,,5,1420,WGmlwBCyt-s,,,,,
Vamo Embora,Banda do Mar,Banda do Mar,120.965,,2,1421,LZAQGIN2vEg,,,,,
Valentine,Fiona Apple,The Idler Wheel Is Wiser Than the Driver of the Screw and Whipping Cords Will Serve You More Than Ropes Will Ever Do (Expanded Edition),109.973,,2,1422,vJt0sBWU7WY,,,,,
Vajra,Secret Chiefs 3,Book M,117.834,,2,1423,s33d1D6nVQ4,,,,,
Vagabundo não é fácil,Novos Baianos,Dois Momentos,175.087,5:05,5,1424,7zlx5E69LLE,,,,,
Vacuum,Homeshake,Under The Weather,,,,1425,GnQ1ul9-qzw,,,,,
Vacay,Aminé,13 Months of Sunshine,124.924,,0,1426,QMCAh1FdoeQ,,,,,
Vacation,Takeoff,The Last Rocket,168.095,,6,1427,gtiTkgwRW2Y,,,,,
Vacation,Freddy Kalas,Vacation,,,,1428,ZKj2qa16ZC8,,,,,
Vaapa (feat. Jack' Styles),Anohnymouss;RHYTHOM;Devoid,Vaapa,79.99,,9,1429,m2iU0EPgXzI,,,,,
V. 3005,Childish Gambino,Because the Internet,165.969,,6,1430,3VmDcu5lWXI,,,,,
Used To Be My Girl,The Last Shadow Puppets,Everything You’ve Come To Expect,109.018,,9,1431,ZbfnLSoafmo,,,,,
Use Me,Kevin Abstract,ARIZONA BABY,145.06,,4,1432,vqbgrbsXQM4,,,,,
ur phone,boy pablo,Roy Pablo,180.004,,10,1433,anQt7hiZzMg,,,,,
Ur Life One Night,Unknown Mortal Orchestra,Multi-Love,75.426,,9,1434,AmucBQSrj9o,,,,,
Upset,Lelo,Upset,89.573,,10,1435,E4H7-KY3Q6g,,,,,
Upgrade,Flume,Hi This Is Flume (Mixtape),126.098,,0,1436,IcFkQ1Bp0xQ,,,,,
Up Up & Away,Kid Cudi,Man On The Moon: The End Of Day,120.018,,10,1437,MP7_VfMZuN0,,,,,
Up off X,Yeat,Lyfë,139.994,,8,1438,BSYXnWD8Yg8,,,,,
Up n Down,SURF GANG;Moh Baretta,SGB,78.727,,1,1439,oWO_Qfj-8IA,,,,,
Up Like Trump,Rae Sremmurd,SremmLife,133.061,,1,1440,Z9zwQeLMC_k,,,,,
Up From The Skies,The Jimi Hendrix Experience,Axis: Bold As Love,,,,1441,wagVqW_cD5c,,,,,
Up and Down,Medasin,Always in a Hurry,142.068,2:31,6,1442,RIXuT1PNHOk,,,,,
Up,Wiz Khalifa,Kush & Orange Juice,139.665,,6,1443,c6Rb9fzBtNY,,,,,
Untold,RY X,Unfurl,136.55,,4,1444,oQpeKXraDAY,,,,,
Untitled #4 (Njósnavélin),Sigur Rós,( ),,,,1445,Cr5XOZ1uyVE,,,,,
"Untitled #3 (Boombox Practice Session, 1998)",American Football,American Football (Deluxe Edition),,,,1446,h4p3CUj1Qrc,,,,,
"Untitled #1 - The One With the Trumpet (Boombox Practice Session, 1998)",American Football,American Football (Deluxe Edition),,,,1447,gBzcZMju-rI,,,,,
Until,April + VISTA,You Are Here,84.705,,8,1448,OHZV0iNWuCg,,,,,
Unstoppable (feat. Santigold & Lil Wayne),Drake;Santigold;Lil Wayne,So Far Gone,150.083,3:29,2,1449,SLHKNgttzj8,,,,,
Unscathed (feat. Bones),Xavier Wulf,"Greatest Hits, Pt. 1",121.955,,0,1450,cIAhJwKbEU8,,,,,
Uno,Freddie Gibbs;Madlib,Piñata,96.07,,2,1451,F69-OdskLzI,,,,,
Unmade,Thom Yorke,Suspiria (Music for the Luca Guadagnino Film),96.563,4:27,9,1452,Ly_-aIxjToI,,,,,
Unleashed,Roy Woods,,101.988,,11,1453,KOe3ya7Lv8s,,,,,
Unfuckwittable,Kid Cudi,,188.043,,10,1454,3_ckUjXOkGI,,,,,
Unforgettable,French Montana,,97.985,,6,1455,48ydDUQ16RE,,,,,
Unforgettable,Diljit Dosanjh,,114.992,,0,1456,al_UOuDB1mA,,,,,
Unfold You,Rostam,,74.956,,9,1457,wlJalCmnXq0,,,,,
Unfair,6LACK,,116.11,,5,1458,xdHnfZD97ag,,,,,
Undivided,Roy Woods,,170.053,,7,1459,ZSlchEXN3X0,,,,,
Underrated,Offset,,105.965,,8,1460,tqAOWr-zK8s,,,,,
アンダーグラウンド (shnkuti remix),underground (shnkuti remix),,,,,1461,F0qA0BcNoS8,,,,,
アンダーグラウンド,underground,,,,,1462,avHQoD-dg_w,,,,,
Undercurrent,Toro y Moi,,145.292,,6,1463,stpDrOVzXpk,,,,,
Under The Wings,Curren$y,,77.601,,11,1464,zmq9DjeAB3c,,,,,
Under Cover of Darkness,The Strokes,,199.866,,11,1465,Ho86D-yuBUw,,,,,
Uncomfortably Numb,American Football,,173.001,,8,1466,tDvjb99c7bk,,,,,
Uncle M,Young Thug,,142.104,,9,1467,gY05h7sR37E,,,,,
Uncle Al,Earl Sweatshirt,,47.092,,7,1468,lLD-QjWMmNc,,,,,
Unbothered,Ski Mask The Slump God,STOKELEY,125.008,,1,1469,u4qyJZQb-fU,,,,,
Unbearably White,Vampire Weekend,Father of the Bride,188.056,4:40,10,1470,DvTboOje_lY,,,,,
Umm Hmm,Erykah Badu,New Amerykah Part Two: Return Of The Ankh,84.037,3:45,11,1471,MRPDsiijMyI,,,,,
Ultramarine,QUIET BISON,Sequence,124.361,3:50,1,1472,Fa5KTPcMOv0,,,,,
ULTRA VIOLET,Thouxanbanfauni,CLAIRVOYANCE,159.938,2:37,1,1473,BN-mqVavBzU,,,,,
U_WANT,Machinedrum;KUČKA,3FOR82,160.042,3:43,8,1474,3Mbxb9tKCpQ,,,,,
U&ME,alt-J,U&ME,81.973,3:18,7,1475,VsphQ7RBzB8,,,,,
U With Me?,Drake,Views,174.984,4:57,2,1476,PHbmCv3XrsE,,,,,
U Used 2 Love Me,Rapsody;Terrace Martin,Laila’s Wisdom,83.638,2:42,5,1477,hcAnhUKBX_U,,,,,
U Use To Call Me,Erykah Badu,But You Caint Use My Phone (Mixtape),183.744,1:13,10,1478,rNcTbL5gHpQ,,,,,
U Know What It Is,Young Jeezy,,,,,1479,pFLsftK4wkA,,,,,
U Just R (feat. Jorge Elbrecht),Machinedrum,Psyconia,84.048,4:33,6,1480,ZlqfvvXAEl0,,,,,
U Don’t Have To Call,Erykah Badu,But You Caint Use My Phone (Mixtape),112.016,2:00,10,1481,CBR8Y2JIOLg,,,,,
U Ba Khin,STRFKR,Starfucker,95.48,3:14,2,1482,b4RHveymidI,,,,,
U and I,Ski Mask The Slump God,STOKELEY,145.059,1:52,4,1483,S_Jjf5OXgE4,,,,,
U,H.E.R.,H.E.R.,109.974,2:58,4,1484,oQAIulttty0,,,,,
Tá OK (Remix),DENNIS;MC Kevin o Chris;Maluma;Karol G,Tá OK (Remix),,,,1485,pJPmdSkO6RE,,,,,
Two Weeks,FKA twigs,LP1,109.756,4:07,0,1486,W0Q72E2tb18,,,,,
Two Spirit,Chelsea Wolfe,Hiss Spun,174.176,,2,1487,Pe9whXqNBZs,,,,,
Two Of Us (Remastered 2009),The Beatles,Let It Be,,,,1488,cLQox8e9688,,,,,
Two Men Down,James Blake,The Colour In Anything,100.019,,0,1489,h56l22lUUhw,,,,,
Two Kinds of Happiness,The Strokes,Angles,137.68,,1,1490,dr-KUP55hC8,,,,,
Two Fish and an Elephant,Khruangbin,The Universe Smiles Upon You,84.615,3:33,2,1491,6efh-dhz05w,,,,,
Two Door,MIKE;Tony Seltzer,Pinball,76.982,,0,1492,6iwMWkof8JU,,,,,
Twistin (feat. Denzel Curry),Lil Ugly Mane,Mista Thug Isolation,117.143,,1,1493,w4wOKY5UIxw,,,,,
Twin Fawn,Chelsea Wolfe,Hiss Spun,143.854,,5,1494,cT3vsSl25bQ,,,,,
Twilight,Anderson .Paak,Ventura,120.247,,9,1495,EBqvvNydW_k,,,,,
Tweaker,GELO,Tweaker,167.126,,0,1496,9EUZfKXSlwI,,,,,
Tuscan Leather,Drake,Nothing Was The Same,79.95,,6,1497,kAsoZc7MFCg,,,,,
Tus Ojitos (Vals de la Guardia Vieja) (feat. Los Macorinos),Natalia Lafourcade,"Musas (Un Homenaje al Folclore Latinoamericano en Manos de Los Macorinos), Vol. 2",150.031,,4,1498,GzCXl6Skzfc,,,,,
Turtles (Instrumental),Flying Lotus,You're Dead! (Deluxe Edition),,,,1499,ZJhaUmwad60,,,,,
Turn Your Love,Half Moon Run,Sun Leads Me On,172.028,,5,1500,TOxXztGDaYE,,,,,
Turn On Me,Future,HNDRXX,126.982,,11,1501,pNFvNe-CsS8,,,,,
Turn Me Up Some,Busta Rhymes,It Ain't Safe No More. . .,91.73,,8,1502,K67_Vhl8RRc,,,,,
TURN IT UP,Cochise,THE INSPECTION,160.039,,2,1503,raE63AiSGAc,,,,,
Turkey Dog Coma (Instrumental),Flying Lotus,You're Dead! (Deluxe Edition),,,,1504,yOq5LnjeTwM,,,,,
Turkey Dog Coma,Flying Lotus,You're Dead!,168.089,,1,1505,ThnT3PlcEpw,,,,,
Tujh Mein Rab Dikhta Hai,Roop Kumar Rathod,Rab Ne Bana Di Jodi - Tujh Mein Rab Dikhta Hai,84.784,,8,1506,3E1NLVzDZ_Y,,,,,
tudo que eu não fiz,O Terno,<atrás/além>,97.078,,1,1507,TyW0Ezdw0h8,,,,,
Tu Tu Hai Wahi (Club Mix),Vaishali Samant,Bichhoo Bite,119.991,6:17,4,1508,psnlSIUlOko,,,,,
Tu Mujhe Yaad Hai,Gunda,Allah Rakha,145.09,,6,1509,EBLlZVXE8mU,,,,,
Tu Ki Jaane,The PropheC,The Season,73.589,,0,1510,54SGECWMAFg,,,,,
TTW,Rochelle Jordan,Through The Wall,125.994,,9,1511,0anM9JLE0fg,,,,,
TSLAMP,MGMT,Little Dark Age,174.11,,9,1512,T8EL51jlrJA,,,,,
Tryna See,Tony Shhnow,Out The Woods,74.875,,1,1513,AuGurDN1wS0,,,,,
Trying Your Luck,The Strokes,Is This It,143.902,3:22,9,1514,KadGvFjqGls,,,,,
Try Me,The Weeknd,"My Dear Melancholy,",92.023,,8,1515,a4x7p76ix8M,,,,,
Truth or Dare,Tyla,TYLA,154.463,,1,1516,_40h_d7yFj0,,,,,
tRuTh,ZAYN,Mind Of Mine (Deluxe Edition),85.203,,0,1517,09xwsg25_xM,,,,,
TRUST!,Rebecca Black,SALVATION,123.377,,10,1518,_XhiH0Mx0KI,,,,,
Trust My Gut,Your Stepdad,Your Stepdad (Deluxe),153.995,,1,1519,LlUywlr2Fhg,,,,,
Trust Issues,ICYTWAT,Have Mercy on Us,130.067,2:16,1,1520,_bvrTUoO2AY,,,,,
Trust,Brent Faiyaz,Lost,92.009,2:38,8,1521,vu1vQyjE1aA,,,,,
Trust,Alina Baraz,Trust,91.735,,2,1522,obndHv_8IfM,,,,,
True Love Waits,Radiohead,A Moon Shaped Pool,136.186,4:43,0,1523,WSnc_6Z7HqQ,,,,,
True Love,Coldplay,Ghost Stories,119.991,4:06,11,1524,d-6kIWaHwiY,,,,,
Troublemaker,Beach House,Bloom,177.131,,0,1525,tpnY_VnNDLw,,,,,
Trouble,Grapetooth,Grapetooth,99.999,,6,1526,4F4Y2cl3PCo,,,,,
TROUBLE,ISOKNOCK;ISOxo;Knock2,4EVR,129.975,,9,1527,skwsprxKzk4,,,,,
Tropicana,Ratatat,Classics,91.942,,9,1528,3B5BREluOj8,,,,,
Troopers,Jay Rock,Redemption,135.049,,1,1529,-aMXXlnNhKw,,,,,
TRIPS,Maxo Kream,WEIGHT OF THE WORLD,139.975,,7,1530,WMeUFYY1YB4,,,,,
Trippy (feat. J. Cole),Anderson .Paak,Oxnard,96.767,,2,1531,a9XjLpGapcA,,,,,
Triple Double (feat. A$AP Rocky),Jean Dawson,Pixel Bath,121.986,,9,1532,nmPdsM6gyGw,,,,,
Trip (feat. Mali Music),Jhené Aiko,Trip,107.644,,6,1533,4lTtNr6h_Vw,,,,,
Trinity Bellwoods,Daniel Caesar,Pilgrim's Paradise,102.918,,7,1534,aq3R4uZrP_g,,,,,
treesh,Gunna,One of Wun,130.006,,1,1535,7fbzeZnAUlk,,,,,
Treefingers,Radiohead,Kid A,138.305,,6,1536,L7p47zYKJoM,,,,,
Tree Rings,Akshara,CLONES,76.738,2:47,2,1537,GmUG7jhq0lQ,,,,,
Trash,Death Grips,Bottomless Pit,149.569,,7,1538,s3cr3LGB5Gk,,,,,
Trapped in Ice,Scale The Summit,Scale the Summit - Digital Collection,156.024,,11,1539,vIbgCACHlXw,,,,,
Trap Queen,Fetty Wap,Fetty Wap (Deluxe),148.075,,7,1540,mn-Jy65it2U,,,,,
TRAP PRAA,Raftaar;Prabh Deep,PRAA,91.468,,10,1541,Vq68hYSvMiw,,,,,
Tranz,Gorillaz,The Now Now,135.141,,7,1542,8bzcqRIhxLE,,,,,
Transcendence,MEMBA & Kahani,East Meets West,,,,1543,eKcSfmb_GJc,,,,,
Trainwreck,RRoxket,Red Ranger,,,,1544,hpPzSIiGXr8,,,,,
Trains,Porcupine Tree,In Absentia,174.261,,9,1545,nbhD-qeAXOI,,,,,
Track 1,Flume;JPEGMAFIA,We Live In A Society,96.166,,0,1546,jH60Af9nXLo,,,,,
TOXIC,EXCISE DEPT,SAB KUCH MIL GAYA MUJHE VOL 1,185.888,,1,1547,4yWT1_B3f-w,,,,,
Townie,Mitski,Bury Me At Makeout Creek,137.755,,1,1548,7NepHNyFdpo,,,,,
Touch This,DJ Sliink,Touch This,134.047,2:08,11,1549,49Vz1eVAZBI,,,,,
Touch,Amerie,Touch,115.173,3:38,8,1550,GdeqM7YK8a0,,,,,
Totally Wired,The Last Shadow Puppets,The Dream Synopsis,90.631,,2,1551,i093fy5E1tg,,,,,
Total Football,Parquet Courts,,171.283,,0,1552,oJyB-T0bPfQ,,,,,
Toss It Up,2Pac,,,,,1553,cFugf9fJPr8,,,,,
TorcH,ScHoolboy Q,,139.482,,1,1554,HFfQ5rXZxBI,,,,,
Top Left,Roy Woods,,130.372,,8,1555,qz9NauvGMdI,,,,,
Top da top,Niontay,Fada<3of$,139.851,2:17,2,1556,9JTIEPsAYd4,,,,,
Top,Gunna,,130.028,,0,1557,gcb4SEwWiO8,,,,,
Tookie Knows II,ScHoolboy Q,,115.013,,2,1558,JuVQ6lgPsOo,,,,,
Tookie Knows,ScHoolboy Q,,143.997,,4,1559,ZMitmIUVFa4,,,,,
Too Much Sauce,DJ Esco realTV,,,3:44,,1560,VpIY-TYVte8,,,,,
Too Much,Drake,,140.269,,6,1561,kS8E9O4yF9U,,,,,
too late,UMI,,115.005,,2,1562,0n_QcCXEgv4,,,,,
Too High,Stevie Wonder,,99.019,,4,1563,UvtYEdYjkJM,,,,,
Too Good,Drake,,117.996,,7,1564,ZBz12OQJT_Q,,,,,
Too Good,Arlo Parks,,95.918,,5,1565,6gNDqxQwEKo,,,,,
Too Fast,Sonder,Too Fast,98.813,5:08,4,1566,flM8-rR0_O8,,,,,
TOO DEEP TO TURN BACK,Daniel Caesar,,149.987,,9,1567,J5r3MDJGoaw,,,,,
Tony Tone,A$AP Rocky,,69.88,,1,1568,eYgm5sBHGGM,,,,,
Tony Hawk,Veeze,Ganger,86.083,,2,1569,1y_tFvuYYx0,,,,,
Tonight (demo),Amira Elfeky,Tonight (demo),179.973,3:14,3,1570,kSWFo97mzU8,,,,,
Tonight,ZAYN,Icarus Falls,121.823,3:40,10,1571,_bw5G92FjYs,,,,,
Tonight,PinkPantheress,Tonight,141.388,2:56,5,1572,AsJIueO_Q9E,,,,,
Tomorrow Will Never Know,Mac Miller,Balloonerism,130.171,11:53,2,1573,G5o1lNwRGGM,,,,,
Tomorrow Promised Us,Skiifall,Lovers Till I'm Gone,152.009,3:18,11,1574,jF7_qNSloOQ,,,,,
Tomorrow,Jorja Smith,Lost & Found,80.19,3:52,2,1575,zMC5-M15je0,,,,,
Told You So,Miguel,War & Leisure,118.037,3:10,1,1576,WsolJcLPEoM,,,,,
Told You So,Paramore,After Laughter,123.922,3:08,2,1577,EG7_za4c7xk,,,,,
Tokyo Nights,Logic,,169.963,,9,1578,yjaHErX_8Jk,,,,,
Tokyo Drift,Xavier Wulf,Tokyo Drift,128.013,1:30,6,1579,Og0cGbbA6YA,,,,,
Tokyo Calling,ATARASHII GAKKO!,Tokyo Calling,158.028,3:11,6,1580,7g8m3JNgMTM,,,,,
Tokyo,Thundercat,Drunk,151.916,2:24,11,1581,0mZsFNDBay4,,,,,
Tokyo,Julien Baker,Tokyo,110.918,3:43,9,1582,Ae9WpDmTFvQ,,,,,
Together Forever,STRFKR,Parallel Realms (Deluxe Edition),119.982,4:37,0,1583,LJrJKPd-LVw,,,,,
Together,Grapetooth,Grapetooth,121.73,3:45,7,1584,K4YC-gyM_8k,,,,,
Toddlerz,Father,Toddlerz,150.025,2:01,5,1585,oeJQ8TOP9w8,,,,,
today i did good,Gunna,One of Wun,77.649,,1,1586,4CCK8Y24FW4,,,,,
To You,BadBadNotGood,Late Night Tales: Badbadnotgood,120.985,,9,1587,3YL3A1vztyE,,,,,
TO THE MOON (Gunna Remix),JNR CHOI;Gunna,TO THE MOON (Gunna Remix),,,,1588,99XxIQchLSs,,,,,
To The Last,James Blake,Overgrown,140.048,,11,1589,jsI53Q9Ghfk,,,,,
To Sleep,Jacob Collier,Djesse Vol. 3,131.701,,8,1590,SxiuyrIfXTA,,,,,
To Live And Die In L.A.,2Pac,The Don Killuminati: The 7 Day Theory,,,,1591,wjhsJ6me19s,,,,,
To Lead You to an Overwhelming Question,Animals As Leaders,Weightless,122.338,,5,1592,3HM9HZqQXnw,,,,,
To Last,Tyla,TYLA,113,,1,1593,Ry4lZmYP93o,,,,,
To Know,RY X,Unfurl,120.983,,6,1594,I7Rl15wMpNY,,,,,
To Care (Like You),James Blake,James Blake,146.057,,1,1595,uoSdVejquiE,,,,,
To Be,Foxwarren,Foxwarren,79.137,,8,1596,pWOgL606rbA,,,,,
Titan (feat. Angel White),Kenny Mason,Angelic Hoodrat: Supercut,99.938,,0,1597,XBrqIXk7eb0,,,,,
Tiptoe,The Smile,Cutouts,81.28,,7,1598,jKF9lQ-8HnQ,,,,,
TiO,ZAYN,Mind Of Mine (Deluxe Edition),97.654,2:58,1,1599,VZjp2fezSMk,,,,,
Tints (feat. Kendrick Lamar),Anderson .Paak,Oxnard,109.076,,1,1600,YM1fyrMjjck,,,,,
Tinker Tailor Soldier Sailor Rich Man Poor Man Beggar Man Thief,Radiohead,A Moon Shaped Pool,88.205,5:03,8,1601,hetqKun4XFg,,,,,
Time to Try Again,Good Morning,Shawcross,129.812,,2,1602,Kvp-sfahr_s,,,,,
Time Takes II,Tony Shhnow,Love Streak,151.872,,9,1603,TUasoxKO4Sc,,,,,
Time Moves Slow,BADBADNOTGOOD;Samuel T. Herring,IV,140.026,,11,1604,zWYyycn_yCU,,,,,
Time Machine,WILLOW,WILLOW,81.332,2:23,3,1605,bRVIMymQODc,,,,,
Time Has Come Again (feat. Alex Turner & Miles Kane),The Last Shadow Puppets,The Age Of The Understatement,111.891,,0,1606,pZ2KM1ZlkCQ,,,,,
Time Capsule,Godard,ID SAY IM LOST,115.16,,8,1607,oI7marVVh50,,,,,
Time Alone With You (feat. Daniel Caesar),Jacob Collier,Djesse Vol. 3,76.851,,1,1608,faYTWwqvd44,,,,,
Time (is),Solange,When I Get Home,116.074,,0,1609,QnTax-00IEM,,,,,
Time (feat. Ariana Grande),Childish Gambino,Atavista,171.838,,5,1610,G7LK33C6ghg,,,,,
Time,Free Nationals;Mac Miller;Kali Uchis,Free Nationals,88.968,,5,1611,xdKgp4NohYk,,,,,
Time,George Riley,Running In Waves,127.972,3:02,5,1612,6zh6iIqUPpE,,,,,
Tilted,Lupe Fiasco,Lupe Fiasco's Food & Liquor (5th Anniversary Edition; Deluxe Edition),106.12,3:32,1,1613,LCZiMb_DIjs,,,,,
Till It's Gone,Busta Rhymes,It Ain't Safe No More. . .,179.691,,0,1614,au7C2JArmkY,,,,,
Till Death,Japanese Breakfast,Soft Sounds from Another Planet,76.065,,6,1615,e_y84cSnzCk,,,,,
Tightrope,Young the Giant,Mirror Master,118.021,,0,1616,p-nXeaKvaxo,,,,,
Thursday in the Danger Room (feat. Kamasi Washington),Run The Jewels;El-P;Killer Mike,Run The Jewels 3,61.769,,7,1617,KUTEu5uxNaU,,,,,
Thursday Girl,Mitski,Puberty 2,135.87,,1,1618,LpH31xY6Mx4,,,,,
Thursday,The Weeknd,Trilogy,187.054,,5,1619,Y1k5dfiyzcE,,,,,
Thursday (feat. BJ The Chicago Kid),Tennyson;Mr. Carmack,Thursday,164.226,,2,1620,-hoF_UYV4xw,,,,,
Thugger’s Interlude,6LACK,East Atlanta Love Letter,85.282,,11,1621,WAfegQECkP4,,,,,
THUG LIFE,BROCKHAMPTON,iridescence,159.959,,0,1622,it2RLJWaNuY,,,,,
THROWAWAY (feat. Ronny J),Ski Mask The Slump God,BEWARE THE BOOK OF ELI,160.035,,1,1623,e23h94KtBQY,,,,,
Throes,Half Moon Run;Dylan Phillips,Sun Leads Me On,127.027,,2,1624,pWX5fU0BWZs,,,,,
Three Bedrooms In A Good Neighborhood,Death Grips,Bottomless Pit,176.812,,8,1625,XhB980j4EM4,,,,,
Threat 2 Society,2 Chainz,Rap Or Go To The League,83.301,,1,1626,jeVivltkmV4,,,,,
Thoughts,SURF GANG & Bobainee,SGB,,,,1627,87jpzUAbWv0,,,,,
Thought I Was Dead (feat. ScHoolboy Q & Santigold),"Tyler, The Creator",CHROMAKOPIA,129.77,,10,1628,HS1OUFCfFdY,,,,,
Thought I Knew You (feat. The Weeknd),Nicki Minaj,Queen,150.027,,1,1629,AJMho9qocHU,,,,,
Thought Contagion (Live),Muse,Simulation Theory (Super Deluxe),140.087,,5,1630,68BOtFCtQug,,,,,
Thought Contagion,Muse,Simulation Theory (Super Deluxe),139.985,,5,1631,26SvLTb5qM4,,,,,
This Ticonderoga,Red Hot Chili Peppers,The Getaway,87.843,,8,1632,773bV7xNQOQ,,,,,
This Old Dog,Mac DeMarco,This Old Dog,,,,1633,XNm6weGYVmg,,,,,
This Life,Denzel Curry,Imperial,152.043,,3,1634,o0z2_YJgKDQ,,,,,
This Isn't,Cloudkicker,Let Yourself Be Huge,123.041,,11,1635,6mAtc2IgCnM,,,,,
This Is Your Life,The Last Shadow Puppets,Everything You've Come To Expect (Deluxe Edition),86.203,,10,1636,wGXqwVezxgw,,,,,
This Is Not,Blonde Redhead,Melody of Certain Damaged Lemons,131.785,,4,1637,9p1Pr_SM7pk,,,,,
This Is 50,50 Cent,The Massacre,91.269,,2,1638,d5nLMtRkIRU,,,,,
This House Is a Circus,Arctic Monkeys,Favourite Worst Nightmare,155.311,,7,1639,S9pmDV2vCyU,,,,,
This House,Japanese Breakfast,Soft Sounds from Another Planet,163.881,,7,1640,vC9Or78q9Ac,,,,,
This Doomsday,Unknown Mortal Orchestra,Sex & Food,147.253,,1,1641,Tf7I3Zn6KPo,,,,,
This Could Be Us,Rae Sremmurd,SremmLife,143.072,,0,1642,JV9amDTMW-U,,,,,
"This Changes Everything [Feat. Buddy, Denzel Curry, Terrace Martin, James Poyser]",Robert Glasper;Buddy;Denzel Curry;Terrace Martin;James Poyser,Fuck Yo Feelings,92.84,4:16,3,1643,zqYB6SoKNHw,,,,,
Third Eye And Tikka T.V.,Monsoon,Third Eye,113.818,,5,1644,wfdWdu6soGc,,,,,
Thinking Out Loud,Weston Estate,SUPERBLOOM,171.981,3:01,9,1645,cYjEB3z7o_U,,,,,
Thinking,Sam Gellaitry,Viewfinder Vol. 1: PHOSPHENE,138.471,,11,1646,gI7yTLwwao8,,,,,
Thinkin Bout You,Frank Ocean,channel ORANGE,129.83,,0,1647,6JHu3b-pbh8,,,,,
Think Of Me,Mssingno,Think Of Me,135.99,3:06,6,1648,-I3Pkm1QEKI,,,,,
Things I Imagined,Solange,When I Get Home,75.535,1:59,10,1649,fL3OwERRPck,,,,,
Things Are Getting Better,N.E.R.D.,In Search Of...,,,,1650,dVHrnSvvVHc,,,,,
Thieves! (Screamed the Ghost) (feat. Tunde Adebimpe),Run The Jewels;El-P;Killer Mike,Run The Jewels 3,152.23,,8,1651,FHu_vw6OEdA,,,,,
Thief Rockers,Thievery Corporation,Temple Of I & I,141.006,,0,1652,t7YuHq8xKEI,,,,,
Thick Skull (Re: Julien Baker),Paramore,,131.112,,9,1653,CqjsTKs6F38,,,,,
Thick Skull,Paramore,,145.444,,1,1654,esi93f6QTrg,,,,,
THIB,Isaiah Rashad,,149.941,,1,1655,zul0eKNNcxs,,,,,
THEY TELL MË,Yeat,,144.124,,1,1656,Sa-yRej-4Nc,,,,,
THEY SAY,Maxo Kream,,150.196,,1,1657,I6VIgmFTwPU,,,,,
They Hate Us Because We're Magic,Chris Crack,,84.02,,0,1658,2a1S5BYfPV0,,,,,
There'd Better Be A Mirrorball,Arctic Monkeys,,72.062,,3,1659,B-CKookVyhA,,,,,
"There, There",Radiohead,Hail To the Thief,126.477,5:23,9,1660,Z2aH-sluR5s,,,,,
Therapy Music,Logic,,92.04,,1,1661,VIbyBzNML0c,,,,,
Theme (Instrumental),Flying Lotus,,,,,1662,eTKPS1MgD0s,,,,,
Theme,Flying Lotus,,85.828,,7,1663,0Px-jsHO1-o,,,,,
Them Changes,Thundercat,Drunk,81.678,3:08,8,1664,BuzJ5NArvgw,,,,,
The Word Water,Cloudkicker,,140.048,,11,1665,pe4V0tG35dY,,,,,
The Winged Bull,Scale The Summit,,160.043,,9,1666,sVvYo-1bOws,,,,,
The Wind Cries Mary,The Jimi Hendrix Experience,,,,,1667,Z7K5VCCdOEM,,,,,
The Wilhelm Scream,James Blake,,169.959,,7,1668,F98lMA1p_IE,,,,,
The Weekend,SZA,Ctrl,73.313,4:32,8,1669,gAX8Xan7BDw,,,,,
The Weed Smoker's Dream,Hugh Laurie,Didn't It Rain,74.535,4:17,2,1670,wFmCYFH4qWg,,,,,
The Wedding List,Kate Bush,Never for Ever,117.081,4:15,3,1671,A9v7yOo9k1Y,,,,,
The Way You Sex,Roy Woods,Say Less,125.36,3:55,1,1672,20W0fFzYw28,,,,,
The Way It Is,The Strokes,Room On Fire,137.074,2:21,11,1673,Kj1a7WQta4w,,,,,
The Water,RY X,Unfurl,126.049,4:22,1,1674,4yi3lm9kggU,,,,,
The Void (Acoustic),Muse,Simulation Theory (Super Deluxe),144.265,4:34,7,1675,8yCN7wSiWuM,,,,,
The Void,Muse,Simulation Theory (Super Deluxe),134.819,4:44,7,1676,J6PDCN8Vbko,,,,,
The Violence,Childish Gambino,Atavista,148.028,6:03,4,1677,gS2XOmkbNgw,,,,,
The View From The Afternoon,Arctic Monkeys,Who The Fuck Are The Arctic Monkeys?,146.345,3:40,9,1678,dll6698-sW0,,,,,
The Vampyre of Time and Memory,Queens of the Stone Age,...Like Clockwork,142.047,3:34,9,1679,rB4zs73hQIQ,,,,,
the valley,Miguel,Wildheart (Deluxe Version),88.938,3:05,7,1680,uhVKtGstHug,,,,,
The Universe is Indifferent,Thom Yorke,Suspiria (Music for the Luca Guadagnino Film),69.523,4:48,7,1681,Y6FOsCN4doc,,,,,
The Turn Down,Thundercat;Pharrell Williams,Drunk,82.615,2:29,6,1682,l3w47CT3BRw,,,,,
The Tunnel,Azimuth,Azimuth/ The Touchstone/ Départ,179.375,9:14,10,1683,dM7kUExqBUo,,,,,
The Truth Untold,BTS;Steve Aoki,Love Yourself 轉 'Tear',113.007,4:02,1,1684,ITc-om9SVr4,,,,,
The Tonight Show,Curren$y;The Alchemist,Continuance,79.333,,7,1685,9KBxrb_4SvU,,,,,
The Title,Ciara,Goodies (20th Anniversary),77.439,,6,1686,1pIVBowsLEU,,,,,
The Summer Ends,American Football,American Football (Deluxe Edition),165.914,,4,1687,5cOQk6aE6wY,,,,,
The Stars Keep On Calling My Name,Mac DeMarco,2,,,,1688,WeqWGLkxCDI,,,,,
The Spins,Mac Miller & Empire Of The Sun,K.I.D.S.,,,,1689,dZ5v9ujG35A,,,,,
The Spiderbite Song,The Flaming Lips,The Soft Bulletin,,,,1690,_Qta162ot5k,,,,,
the speed of sound!,Jonah Yano,portrait of a dog,,,,1691,16NC0wv9O2U,,,,,
The Spark That Bled,The Flaming Lips,The Soft Bulletin,,,,1692,ORdpLD9Meao,,,,,
The Space Between,Majid Jordan,The Space Between,102.976,,5,1693,0aMkXFE3-ek,,,,,
The Space,Chon,Homey,129.997,,10,1694,suSB--V6yGs,,,,,
The Silence,Manchester Orchestra,A Black Mile To The Surface,66.979,,1,1695,8KfwXac4ftI,,,,,
THE SHINING,Vince Staples,Vince Staples,132.054,2:40,10,1696,5zlkneqj34E,,,,,
The Secret Recipe,Lil Yachty;J. Cole,The Secret Recipe,144.642,,5,1697,CRMf2LTAPJU,,,,,
The Second Shift,Virginia Wing,Ecstatic Arrow,95.053,,2,1698,yuiBFNom4Bo,,,,,
The Scrimmage (feat. STLNDRMS),Skyzoo,All the Brilliant Things,,,,1699,WVM0FB05_UQ,,,,,
The Same,The Smile,A Light for Attracting Attention,97.002,,1,1700,0caSlLSEq2M,,,,,
The Room of Compartments,Thom Yorke,Suspiria (Music for the Luca Guadagnino Film),86.762,,10,1701,jCYL2Te_cM8,,,,,
The Right To Love Us,Talib Kweli;Madlib;Mac Miller,Liberation 2,91.996,,1,1702,X4sT4v0lz-k,,,,,
The Ride,Drake,Take Care (Deluxe),155.948,,0,1703,FPUUEVKAIRA,,,,,
The Return (feat. Freddie Gibbs),Danny Brown,Old,87.94,,10,1704,POAsUpIs5Qo,,,,,
The Resurrection Of Scott Mescudi,Kid Cudi,Indicud,114.83,,0,1705,hRot6xtCdXE,,,,,
The Real Her (feat. Lil Wayne & André 3000),Drake,Take Care (Deluxe),65.041,,8,1706,pc7SitHShpM,,,,,
The Protest (Instrumental),Flying Lotus,You're Dead! (Deluxe Edition),,,,1707,YI8f2m1AnQ4,,,,,
The Protest,Flying Lotus,You're Dead!,82.068,,9,1708,x7IHx1gcYYk,,,,,
The PropheC Mashup,PropheC,The PropheC Mashup,95.022,,1,1709,idwSRlvlFOA,,,,,
The Path Less Travelled,Vegyn,The Road To Hell Is Paved With Good Intentions,111.892,,10,1710,J2CtYBVyC2I,,,,,
The Past Is A Grotesque Animal,of Montreal,"Hissing Fauna, Are You The Destroyer?",153.007,,5,1711,U8Lxjcuty_g,,,,,
The Party & The After Party,The Weeknd,Trilogy,101.733,,5,1712,xnBM7ezV9e0,,,,,
The Other Side (feat. Mozzy & DCMBR),Jay Rock,Redemption,92.196,,6,1713,XrvZc_WKras,,,,,
Who Ever Loved Ordinary,Jonah Ausbun,Alterego,,,,1714,pJBXWEiaCbU,,,,,
The Opposite of Afternoon,Unknown Mortal Orchestra,II (10 Year Anniversary Edition),118.469,,3,1715,MGK_vTM1bv8,,,,,
The Only Exception,Paramore,Brand New Eyes,137.715,4:27,4,1716,ChXcD6Z4uvQ,,,,,
The One With the Wurlitzer,American Football,American Football (Deluxe Edition),122.345,,4,1717,GKvN6HNkX3U,,,,,
The One,Jorja Smith,Lost & Found,82.39,,0,1718,f4XVdNE0Kxc,,,,,
The Olive Tree,Scale The Summit,Scale the Summit - Digital Collection,95.041,,0,1719,FCIkLOZrO00,,,,,
The Old Estate,Pete & Bas;M24,The Old Estate,140.056,,1,1720,K3gSM5blkB8,,,,,
The Observer,The Flaming Lips,The Soft Bulletin,,,,1721,MNwWm_9Jz9A,,,,,
The Night Me and Your Mama Met,Childish Gambino,"""Awaken, My Love!""",133.867,,1,1722,w9SKMBLqx3w,,,,,
The News,Paramore,This Is Why,157.899,,4,1723,-s_y8h9Pk_Q,,,,,
The National Anthem,Radiohead,Kid A,91.52,5:51,2,1724,NfQD1QiQ9o4,,,,,
The Mourning After,Mac Miller,Macadelic,80.117,,7,1725,G72Kd_iFB8k,,,,,
The Moth,Manchester Orchestra,A Black Mile To The Surface,112.021,,1,1726,I2iv5MZ12EQ,,,,,
The Modern Age,The Strokes,Is This It,145.971,,2,1727,cy0-S7IAlS0,,,,,
The Mistake,Manchester Orchestra,A Black Mile To The Surface,124.899,,0,1728,EyEZcSjxetI,,,,,
The Miseducation Of Lauryn Hill,Lauryn Hill,The Miseducation of Lauryn Hill,69.271,,3,1729,x8QP8S9d4Vk,,,,,
The Mint (feat. Navy Blue),Earl Sweatshirt,Some Rap Songs,134.003,,11,1730,18gMI-Imhgo,,,,,
The Message,Majid Jordan,Good People / Afterhours,136.069,,3,1731,XSxK_3R__W0,,,,,
The Meeting Place (feat. Alex Turner & Miles Kane),The Last Shadow Puppets,The Age Of The Understatement,81.555,,9,1732,ryHSt7B5x5w,,,,,
The Medium (feat. Unknown Mortal Orchestra),Toro y Moi,MAHAL,90.555,,0,1733,gMKbpH1k_dQ,,,,,
The Meaning of Love,Steve Kuhn,Late Night Tales: Badbadnotgood,106.806,,7,1734,prcrc772jc0,,,,,
The Maze,Manchester Orchestra,A Black Mile To The Surface,101.249,,9,1735,tb0ld2BKX0A,,,,,
The Man Who Took My Sunglasses,Khruangbin,The Universe Smiles Upon You,82.2,,4,1736,THVNR31q1e0,,,,,
The Lung,Hiatus Kaiyote,Choose Your Weapon,112.731,,5,1737,WRHRmfY1g00,,,,,
The Louvre,Lorde,Melodrama,123.214,,0,1738,fN6KvLfd9sE,,,,,
the light is coming (feat. Nicki Minaj),Ariana Grande,Sweetener,99.034,,7,1739,a7RMVA3qYUU,,,,,
The Life,Wiz Khalifa;Curren$y,2009,96.043,,0,1740,B2Gvs2G_A0c,,,,,
The Library (Intro),Childish Gambino,Because the Internet,,,,1741,JRhHQjtXyXs,,,,,
The Levitated,Scale The Summit,Scale the Summit - Digital Collection,179.977,,4,1742,0QqEiaoOCqE,,,,,
The Last Goodbye (feat. Bettye LaVette),ODESZA,The Last Goodbye,112.47,5:59,20,1743,MYpKOOiFGqI,,,,,
The Language,Drake,Nothing Was The Same,120.064,,1,1744,C7HoDiRumfY,,,,,
The Lamp Is Low,Laurindo Almeida,Classical Current,102.605,,7,1745,hKjoLnjjp5E,,,,,
The Krockadile,King Krule,6 Feet Beneath The Moon,102.923,4:51,7,1746,hGvg-ldjx8Y,,,,,
The Knight Hawk,the jet age of tomorrow,Voyager,76.773,1:35,11,1747,c4w-Bf74ulQ,,,,,
The King's new clothes were made by his own hands,Shabazz Palaces,Black Up,129.088,,6,1748,JupkpHQ1Uuk,,,,,
The Kids Don't Stand a Chance,Vampire Weekend,Vampire Weekend,140.015,,0,1749,e1yGaf5phIA,,,,,
The Internet,Jon Bellion,Glory Sound Prep,119.168,,5,1750,NG2waF09dDQ,,,,,
The Inevitable Pull,Thom Yorke,Suspiria (Music for the Luca Guadagnino Film),138.061,,0,1751,2PSlFJKBrpQ,,,,,
The Hooks,Thom Yorke,,94.209,,2,1752,2gQ52j4Yf48,,,,,
The Grocery,Manchester Orchestra,,120.053,,6,1753,eq0dxz97ji8,,,,,
The Greatest,Alabama Shakes,,160.146,,6,1754,mw-MtJxs2Fc,,,,,
The Gospel of John Hurt,alt-J,This Is All Yours,134.923,5:15,0,1755,Wh2sfsOcI-s,,,,,
The Gold,Manchester Orchestra,,180.111,,9,1756,P9zXzy8d9w4,,,,,
The God Hour,A$AP ANT,,129.964,,0,1757,CT-05V4FFvY,,,,,
The Glory,Kanye West,,83.213,,6,1758,e-IAGmTuUmw,,,,,
The Gloaming,Radiohead,,133.243,,4,1759,Qh_iXvllR6E,,,,,
The Girl From Ipanema,Stan Getz,,129.472,,8,1760,D6tLa2silMc,,,,,
The Getaway,Red Hot Chili Peppers,,113.999,,0,1761,0FM3lsVsznM,,,,,
The Gateway,Sam Gellaitry,,136.965,,10,1762,ic39wU_oTks,,,,,
The Gash,The Flaming Lips,,,,,1763,Qo7brAQi0j4,,,,,
The Follow Through,Yung Heazy,,106.141,,4,1764,Yg_o8ELCb2A,,,,,
The Flower Called Nowhere,Stereolab,,105.691,,6,1765,qEpO2gb_lsU,,,,,
The Flight,Toro y Moi,,159.957,,11,1766,v49sN6EkKpA,,,,,
The Female Genius,Virginia Wing,,124.119,,3,1767,gywQazQ-5wA,,,,,
The Feeling,ford.;Sonn;Hanz;Ralph Castelli,The Feeling,82.999,3:53,4,1768,E-MQHI0tizw,,,,,
the fear is not real,WILLOW,ceremonial contrafact (empathogen deluxe),125.993,,11,1769,9VoUYJWStDM,,,,,
The Fastest Boxer in the East,Anish Kumar;Baalti;Stunt Doubles,Stunt Doubles,,,,1770,HTwxUt9nsyo,,,,,
The Fan,Cousin Stizz,The Fan,136.982,4:23,8,1771,6Op8RXAYZMI,,,,,
THE FALL,Planet Giza;Kiefer;Braxton Cook,"The Sky Is Recording Me: 100 Years Later, Vol. 3",103.022,3:20,5,1772,mT7uAGbTIRA,,,,,
The Eraser,Thom Yorke,The Eraser,119.078,4:55,4,1773,e97tkGJ28yU,,,,,
The Epilogue,Thom Yorke,Suspiria (Music for the Luca Guadagnino Film),82.174,2:46,2,1774,edFmSuVUMVo,,,,,
The End Has No End,The Strokes,Room On Fire,136.027,3:05,1,1775,HR_Pw_Ew868,,,,,
The Edge Of A Dream,Minnie Riperton,Perfect Angel,99.472,4:21,5,1776,mphXfRwOgIk,,,,,
The Dreamer,Anderson .Paak,,82.585,,23,1777,GvvWO4ZWPPI,,,,,
The Dream Synopsis,The Last Shadow Puppets,Everything You've Come To Expect (Deluxe Edition),129.906,3:03,4,1778,-ivSSsNq3i0,,,,,
The Divine Chord,The Avalanches;MGMT;Johnny Marr,We Will Always Love You,105.362,3:07,12,1779,bv4hpn-HKrI,,,,,
The Debt,Half Moon Run,Sun Leads Me On,88.441,4:00,9,1780,WH8HabKvQX0,,,,,
The Dark Side (Alternate Reality Version) [Instrumental] (Alternate Reality Version; Instrumental),Muse,,,,,1781,eJm2Sa0G9Bo,,,,,
The Dark Side (Alternate Reality Version),Muse,Simulation Theory (Super Deluxe),95.149,3:54,0,1782,fNtGsnjetfo,,,,,
The Dark Side,Muse,Simulation Theory (Super Deluxe),99.979,3:47,2,1783,Yl8Q6KRrVqg,,,,,
The Cycle Of Nature,Akira Kosemura,In The Dark Woods,177.289,3:39,4,1784,t8rePrlf9pw,,,,,
The Culling,Chelsea Wolfe,Hiss Spun,129.887,,0,1785,MJbAYnhMIx0,,,,,
The Count (feat. Wiz Khalifa),Curren$y;Harry Fraud,The Marina,82.673,,0,1786,USihjacXROA,,,,,
The Cool,Lupe Fiasco,Lupe Fiasco's Food & Liquor,94.186,3:46,7,1787,QVIk5pKYLJ0,,,,,
The Conservation of Energy,Vanishing Twin,Choose Your Own Adventure,92.053,4:13,7,1788,VCXPbdbUmB8,,,,,
The Conjuring of Anke,Thom Yorke,Suspiria (Music for the Luca Guadagnino Film),65.825,,0,1789,dDc39FNf54Q,,,,,
The Commander,Kid Cudi,"Passion, Pain & Demon Slayin'",155.982,,0,1790,7wDvyuo_FK4,,,,,
The Colour In Anything,James Blake,The Colour In Anything,135.491,,5,1791,lqKD1SXu7ow,,,,,
The Clock,Thom Yorke,The Eraser,134.074,,4,1792,Fw8dL4tMDlg,,,,,
The Climb (feat. Thundercat),Flying Lotus,Flamagra,88.53,,11,1793,XY7KaUkApL4,,,,,
The City,Anderson .Paak,Venice,,,,1794,c-GXqGu0yc0,,,,,
The Chase (feat. Kadhja Bonet),Anderson .Paak,Oxnard,103.288,,1,1795,oEQlFNF8bQs,,,,,
The Chamber (feat. Alex Turner & Miles Kane),The Last Shadow Puppets,The Age Of The Understatement,129.731,,6,1796,0qv162s7HVo,,,,,
The Calm,Drake,So Far Gone,160.833,,11,1797,Ooh3eoBx3aw,,,,,
THE BROWN STAINS OF DARKEESE LATIFAH PART 6-12 (REMIX) (feat. ScHoolboy Q),"Tyler, The Creator",Cherry Bomb,84.952,,1,1798,Y8SaaNqHCN4,,,,,
The Boys Who Died in Their Sleep (Instrumental),Flying Lotus,You're Dead! (Deluxe Edition),,,,1799,ep4W5q6JPd4,,,,,
The Boys Who Died in Their Sleep (feat. Captain Murphy),Flying Lotus,You're Dead!,139.834,,10,1800,H5wDH8Wd_p4,,,,,
The Boxer,Simon & Garfunkel,Bridge Over Troubled Water,93.017,,11,1801,C1VUWDcp5Sg,,,,,
The Bourne Identity,The Last Shadow Puppets,Everything You’ve Come To Expect,117.964,,5,1802,VzAqvxcZKto,,,,,
The Bounce (feat. Kanye West),JAŸ-Z,The Blueprint 2: The Gift & The Curse,95.345,,0,1803,c5lF73ilJkA,,,,,
The Body Is a Blade,Japanese Breakfast,Soft Sounds from Another Planet,109.993,,7,1804,WOUHk-0VZ8Y,,,,,
The Blow,Curren$y;Freddie Gibbs;The Alchemist,Fetti,71.182,,5,1805,qA4dPwtthZU,,,,,
The Bloodiest,Jay Rock,Redemption,147.955,,0,1806,lxBTzwYHq8U,,,,,
The Blessing,Heems,A Hundred Alibis,95.955,2:32,8,1807,QJJhUtP2P4M,,,,,
The Blacker The Berry,Kendrick Lamar,To Pimp A Butterfly,176.058,,10,1808,VdPtVZDspIY,,,,,
The Bird,Anderson .Paak,Malibu,148.733,,11,1809,3jZ0iZ2B8_E,,,,,
The Billy Williams Story,Saba,Bucket List Project,120.201,,2,1810,cGZDBQXB1Zo,,,,,
The Bends,Earl Sweatshirt,Some Rap Songs,75.978,,8,1811,jE95vcl7y_Y,,,,,
The Beast,Imogen Heap,Sparks (Deluxe Version),150.116,,8,1812,K7oTeuprmQo,,,,,
The Bean Kicked In,Zack Fox,The Bean Kicked In,73.039,,7,1813,ZRBoYUSs5Rw,,,,,
The Beach,GIVĒON,TAKE TIME,99.813,,3,1814,U6znqVKu1-o,,,,,
The Bay (feat. Mulherin),Soft Glas,Orange Earth,138.941,,9,1815,wMsHBYd-SN8,,,,,
The Ballet,Heems,A Hundred Alibis,85.894,4:00,9,1816,2HgARz8Hsuc,,,,,
The Balance of Things,Thom Yorke,Suspiria (Music for the Luca Guadagnino Film),86.758,,0,1817,DGyjyEmkh_o,,,,,
"The Art of Storytellin, Pt. 4 (feat. Outkast & Marsha Ambrosius)",DJ Drama,Gangsta Grillz The Album,83.212,,11,1818,IXi3kbPeFQw,,,,,
The Alpha K9,Xavier Wulf,"Greatest Hits, Pt. 1",129.919,,11,1819,LLnSsEh6-7w,,,,,
The Alien,Manchester Orchestra,A Black Mile To The Surface,165.278,,6,1820,PC-hXmsz6Mw,,,,,
The Age Of The Understatement (feat. Alex Turner & Miles Kane),The Last Shadow Puppets,The Age Of The Understatement,147.267,,11,1821,STt_-mfC6bU,,,,,
The Afterglow,RL Grime,PLAY,158.018,,10,1822,5vW9kFj_JLc,,,,,
The Actor,alt-J,The Dream,,,,1823,uTjXitgL4uQ,,,,,
"The 7's (Live at the Blind Pig, Champaign, IL, 1997)",American Football,American Football (Deluxe Edition),,,,1824,EaOdKFtNvJo,,,,,
Thats No Fun,Steve Lacy,The Lo-Fis,83.078,,3,1825,gIH_2qlMz9I,,,,,
That's Your Blue Home,"Merz, Laraaji, & Shahzad Ismaily",Dreams of Sleep and Wakes of Sound,,,,1826,AZzWdkGQ3wY,,,,,
That's What You Get,Paramore,Riot!,131.094,,8,1827,aVbdEnIolPo,,,,,
That's Life,Still Woozy,"If This Isn’t Nice, I Don’t Know What Is",96.104,,6,1828,Pk3NCRRUxX0,,,,,
THat Part (feat. Kanye West),ScHoolboy Q,Blank Face LP,112.961,,6,1829,tq2jFNMo41k,,,,,
That Moon Song,Gregory Alan Isakov,This Empty Northern Hemisphere,145.315,,2,1830,AtC-Xk47BcQ,,,,,
THAPPAD!,Prabh Deep,THAPPAD!,154.941,,1,1831,RrF4AUZEjjA,,,,,
THANKFUL,454,THANKFUL,107.011,,4,1832,Wns0V8KywV0,,,,,
Thank You,Dave East,P2,119.958,,5,1833,NE5sqImrkNg,,,,,
Thank You,Blood Orange,Freetown Sound,114.986,,5,1834,5urHC4rZmJ4,,,,,
Thank U Malcolm,Flying Lotus,Flamagra,112.079,,7,1835,bpBEZJs73jM,,,,,
Thank God I'm A Real Nigga,Tony Shhnow;Mike & Keys,Self Portrait,68.337,,1,1836,80ec-ww8cD8,,,,,
Thank God I Found You,Chase Ceglie,Onion,127.954,,7,1837,yZkX6zom_lM,,,,,
THANK GOD,Travis Scott,UTOPIA,134.925,,10,1838,kPpm2p_xQ40,,,,,
Thamthananam,"Jency, B. Vasantha",Puthiya Vaarppugal- Indrupoi Naalai Vaa - Suvarillaatha Chithirangal -  Rishimoolam,,,,1839,45miUB7O6Ik,,,,,
Tha Mobb,Lil Wayne,Tha Carter II,149.226,,6,1840,yGZ6sdapLz0,,,,,
Tha,Aphex Twin,Selected Ambient Works 85-92,134.762,9:07,4,1841,N3G7JPTVVEQ,,,,,
Texas Reznikoff,Mitski,Bury Me At Makeout Creek,145.647,,2,1842,AOCRa7xbO6c,,,,,
Tew'idni Dom,Hamid El Shaeri - حميد الشاعري,Tew'idni Dom,,3:25,,1843,wvVh-8YLlMI,,,,,
TEST DRIVE,Joji,BALLADS 1,75.004,,3,1844,cLLpx7vyJN4,,,,,
Tessellate,alt-J,An Awesome Wave,116.969,,2,1845,lCeYBfZiDTY,,,,,
TESSELLATE,BAYNK;Tei Shi,A STUDY IN MOVEMENT,115.982,,9,1846,piIKScfbsz8,,,,,
Tesla (Instrumental),Flying Lotus,You're Dead! (Deluxe Edition),,,,1847,agTXE9lcOZw,,,,,
Tesla,Flying Lotus,You're Dead!,169.667,,9,1848,1cpBt_Bfxro,,,,,
Terrified,Childish Gambino,"""Awaken, My Love!""",139.891,,0,1849,mZGTuDVSRaA,,,,,
Terrible 2's (feat. Run The Jewels),DJ Premier;Run The Jewels,Hip Hop 50: Vol. 1,82.062,,5,1850,JM1LngTax5s,,,,,
Terrapin,Bonobo,Visions Of Ibiza mixed by Chris Coco & LeLenny Ibizarre,152.011,,10,1851,635UCJAQpuY,,,,,
Terrapin,Clairo,,136.932,,4,1852,thL1dAywDgo,,,,,
Terminal Paradise,Big Thief,,133.417,,5,1853,6B77YDZwMV4,,,,,
Tere Bina (DAYTIMERS Presents: Alterations),Baalti;DAYTIMERS;A.R. Rahman;Chinmayi,DAYTIMERS Presents: Alterations,134.041,3:47,20,1854,rGNMWcfTmLk,,,,,
Tequila Mockingbird,SunSquabi,,112.039,,1,1855,VkZWE1Av1u8,,,,,
TenTenths,Injury Reserve,,134.633,,7,1856,a1eKVHcfkp4,,,,,
Tenderness,Parquet Courts,Wide Awake!,98.005,3:06,7,1857,eNk4JC_3S7s,,,,,
Ten Years Later,Begum,Are you ok?,110.103,2:31,7,1858,Up44xDBu7jU,,,,,
Ten Ten,Spillage Village,,109.964,,4,1859,forOuRBvHEc,,,,,
Ten Ten,Jaden,,139.975,,7,1860,yBqex6DgB_A,,,,,
Temptations,Aminé,,113.015,,3,1861,xoqBk2HPsCY,,,,,
Temptation,Raveena,,140.044,,7,1862,vMydUjdeuM0,,,,,
Tell You Anything,Sango,,140.038,,10,1863,Jd7EmuEn_-Y,,,,,
Tell Them,James Blake,,87.984,3:29,1,1864,ND06g5JTm4s,,,,,
Tell Me What I Don't Know,Danny Brown,Atrocity Exhibition,110.693,2:31,2,1865,q8wJqMbr6eY,,,,,
Telemundo,Action Bronson,,159.214,,6,1866,wnv4_ewASd8,,,,,
Telemiscommunications,deadmau5,,179.702,,1,1867,Z2PCjzeW0W0,,,,,
Teleharmonic,The Smile,,173.84,,5,1868,AW8dtYMwKvs,,,,,
Teenager,Deftones,White Pony (20th Anniversary Deluxe Edition),134.299,,6,1869,njaw2aJVo4Y,,,,,
Teenage Fantasy,Jorja Smith,Lost & Found,176.119,3:46,4,1870,YpQ_RO5zbvE,,,,,
Teddy Picker,Arctic Monkeys,Favourite Worst Nightmare,150.1,2:45,9,1871,kidRr7s6zp4,,,,,
TED TALK,demahjiae;Ovrkast.,TED TALK,92.676,1:43,0,1872,p_9kgH1V68Q,,,,,
TEARS LOST DROP,Skrillex;Sleepnet;Joker,F*CK U SKRILLEX YOU THINK UR ANDY WARHOL BUT UR NOT!! <3,150.083,1:16,5,1873,pUuYqkLXOKM,,,,,
Tear It Apart,James Vickery;Kenny Beats,Tear It Apart (with Kenny Beats),166.236,2:56,9,1874,lVP2Gjx3aeg,,,,,
Teacup,Ivy Lab,Teacup E.P,129.993,3:10,8,1875,ISkMevUL7Q0,,,,,
Te Sigo,Natalia Lafourcade,,90.106,,9,1876,VPcZoKNW8BY,,,,,
Te Regalo,Ulices Chaidez Y Sus Plebes,,,,,1877,jutZlKx1skw,,,,,
Te Quiero Ver,Ceaese;Utopiko;Polimá Westcoast;Young Cister,Utopia,90.019,3:25,7,1878,6sXwMwZ2JT4,,,,,
TE MUDASTE,Bad Bunny,EL ÚLTIMO TOUR DEL MUNDO,92.025,2:10,10,1879,gPH161ccsUY,,,,,
TBH!,Ovrkast.,TBH!,125.02,1:33,2,1880,kaOUS2jEb7Q,,,,,
Taxi Cab,Vampire Weekend,Contra,167.979,3:55,2,1881,XIB7mTKVVJo,,,,,
Taveet,Raf Saperra,Ruff Around The Edges,139.954,5:05,4,1882,xK5ERaGGo0Q,,,,,
Tats On My Face,Offset,FATHER OF 4,140.064,3:02,1,1883,9jv7R5efgAY,,,,,
Taste Of Heaven,Cazzi Opeia,Taste Of Heaven,123.928,2:50,6,1884,vA5YIKiejgQ,,,,,
Target On My Chest,Brent Faiyaz,Lost,83.121,,4,1885,CFJ2y_BgNdQ,,,,,
Tappeh,Raf Saperra,"She Loves Me, She Loves Me Not...",169.959,,6,1886,Gw3IlFWewi4,,,,,
"Tapout (feat. Lil Wayne, Birdman, Mack Maine & Nicki Minaj)",Rich Gang,Rich Gang,142.052,,8,1887,DIIXIw7cGGg,,,,,
TAPE,BROCKHAMPTON,iridescence,80.583,,7,1888,05YRKw7gDdA,,,,,
Tapatio,Curren$y;Freddie Gibbs;The Alchemist,Fetti,149.276,,11,1889,_CUA826QozM,,,,,
Tap Water Drinking,Lewis Del Mar,Lewis Del Mar,75.054,,5,1890,cWMds5DqQvo,,,,,
Tan Cola,RXKNephew,Dominican Plug,110.987,,9,1891,gKbApuN_8BE,,,,,
Tamacun,Rodrigo y Gabriela,Rodrigo Y Gabriela (Deluxe Edition),,,,1892,bLWWJ_md0X8,,,,,
TALKING WALLS,EVAN GIIA,STAMINA,126.032,,1,1893,4GuXnD7SALQ,,,,,
Talk to Me,Run The Jewels;El-P;Killer Mike,Run The Jewels 3,127.124,,7,1894,lF9uwztcJeA,,,,,
Talk To Me,ZAYN,Icarus Falls,102.517,,6,1895,EVx2SqbkHYk,,,,,
Talk To Big,Dave East,P2,149.387,,9,1896,HYJJdFIzvbc,,,,,
Talk My Shit (feat. Amaarae & Flo Milli),Childish Gambino,Bando Stone and The New World,141.079,,10,1897,aN6c7_g3jfY,,,,,
Talk 2 U,Brent Faiyaz,Sonder Son,88.018,,5,1898,xe4G-xu6yMY,,,,,
Talk,Yeat,Lyfë,139.951,,4,1899,e2NhXG6BsaE,,,,,
Talia,King Princess,Make My Bed,179.974,,2,1900,k6XhAGwi4o4,,,,,
Takin Swag,Nine Vicious,FOR NOTHING,141.985,,10,1901,X-XxB1OI_vU,,,,,
Taken for a Fool,The Strokes,Angles,137.044,,5,1902,tJoOmUp3XYQ,,,,,
Take Your Time,Blood Orange,Negro Swan,127.486,,0,1903,I1Ha6j5248k,,,,,
Take You There,H.E.R.,I Used To Know Her,151.302,,1,1904,umJZY83G5uI,,,,,
Take Time (feat. 24hrs),Roy Woods,Say Less,104.022,,4,1905,mhFzJimB2tc,,,,,
Take The Box,Amy Winehouse,Frank,115.986,,1,1906,4oT10UjOe4A,,,,,
Take Me Thru Dere,Metro Boomin;Quavo;Breskii;YKNIECE;DJ Spinz,Metro Boomin Presents: A Futuristic Summa (Hosted by DJ Spinz),144,2:42,0,1907,qhTKBBSZuNs,,,,,
Take It Or Leave It,The Strokes,Is This It,154.06,,2,1908,zThEe7YA8Ko,,,,,
Take It Off Part 2 (feat. Meka),Busta Rhymes,It Ain't Safe No More. . .,90.219,,9,1909,QE5UGlcxxcY,,,,,
Take It Home,Alina Baraz,It Was Divine,97.985,,4,1910,bVlWtPYc3is,,,,,
Take It From Here,Justin Timberlake,Justified,74.816,,0,1911,RS7AjOdBDLk,,,,,
Take It,Jay Som,Everybody Works,100.108,,2,1912,xVeBh_LPULM,,,,,
Take Care of You (feat. Syd),Charlotte Day Wilson,Take Care of You / Summertime,127.024,,4,1913,Ch0UiquYG9w,,,,,
Take Care,Young Thug,Beautiful Thugger Girls,133.999,,0,1914,A8WbyunpjVY,,,,,
Take Away (feat. Ginuwine),Missy Elliott,Miss E... So Addictive,125.852,,1,1916,RVhYbcloBOU,,,,,
Take a Trip,TV Girl;George Clanton,Fauxllennium,164.977,,7,1917,lNAuFRQtB24,,,,,
Take A Step Back (feat. XXXTENTACION),Ski Mask The Slump God,You Will Regret (Reloaded),117.003,,6,1918,kRZnDfM3fT8,,,,,
Take a Look (feat. Masta Wu),Kim Ximya X D. Sanders,Moonshine,,,,1919,bvp7Ktz-EvI,,,,,
Take A Little Trip,Minnie Riperton,Perfect Angel,176.183,,2,1920,o_51CvD8WCM,,,,,
Take A Fall For Me (feat. RZA),James Blake,Overgrown,80.558,,11,1921,FLb6CVyqtK4,,,,,
Take a Dab,King Chip,Take a Dab,,,,1922,Ww3wX1rRYTk,,,,,
Take a Chance (feat. Little Dragon),Flume,Skin,139.888,,11,1923,vI_VVizSRjo,,,,,
Takashi,Flying Lotus,Flamagra,142.382,,2,1924,QbBOKUa4dho,,,,,
Tajurba,Prabh Deep,Bhram,93.984,,2,1925,jM2kj1gjAPA,,,,,
Tadhana,Up Dharma Down,Capacities,155.977,,6,1926,aM1chZsrlNk,,,,,
Tacobel Canon,Ratatat,Classics,133.402,,7,1927,use8dcTn4tI,,,,,
Taambdi Chaamdi,Kratex;Shreyas,Taambdi Chaamdi,130.043,,7,1928,uig_ukaFib8,,,,,
Taal Se Taal (Remix),Alka Yagnik ;Udit Narayan,Taal Se Taal (Remix),,,,1929,5L3qPLhFrZE,,,,,
T5,Swet Shop Boys;Riz Ahmed;Heems,Cashmere,118.044,2:27,11,1930,kpmSi-vKNgw,,,,,
T.G.I.F. (feat. Chip Tha Ripper),Kid Cudi,Man On The Moon: The End Of Day (Deluxe),169.46,,10,1931,Jrp3K9BflDw,,,,,
T-Unit,Tems,Born in the Wild,179.863,3:03,10,1932,eBdZBxgsBfk,,,,,
t-shirt,boy pablo,Soy Pablo,108.004,,9,1933,eiXYwN-mZNI,,,,,
Só Danço Samba,Stan Getz;Luiz Bonfá,Jazz Samba Encore!,81.489,,8,1934,f6e6W304LhA,,,,,
Sétima Regra,BADBADNOTGOOD,Mid Spiral,112.759,,0,1935,503Zde86_R0,,,,,
São Paulo,The Weeknd;Anitta,Hurry Up Tomorrow,127.347,,5,1936,p8_ugAjWI5I,,,,,
SÃO PAULO (feat. Mu540 & Ak1n),Kyan & Niink,"Só Vilão, Aqui Não Tem Herói",,,,1937,Eoi9Uu42fRk,,,,,
Systëm,Yeat,Lyfë,74.956,,8,1938,P7oBEeTuepg,,,,,
System Blower,Death Grips,The Money Store,140.034,3:48,11,1939,fT8DWWhEMe0,,,,,
SYRE In Abbey Road,Jaden,The Sunset Tapes: A Cool Tape Story,170.44,,3,1940,7vF2PSrFeYo,,,,,
SYRE,Jaden,SYRE,118.802,,10,1941,SFZMMEBAlU8,,,,,
Synthesizer Speaks,Thom Yorke,Suspiria (Music for the Luca Guadagnino Film),71.124,,10,1942,IU0ZMqHFLRk,,,,,
Synchronize Vibration,Jazz Is Dead;Adrian Younge;Ali Shaheed Muhammad;Roy Ayers,Roy Ayers JID002,153.967,,2,1943,nlXOtHGpABI,,,,,
symptom of life,WILLOW,empathogen,160.049,,2,1944,8txXdr4kkqQ,,,,,
Symmetry,Saba,Bucket List Project,119.971,,8,1945,XpsYsEETbfk,,,,,
Swivel,EARTHGANG,Mirrorland,,,,1946,RWIYXWsKOgc,,,,,
SWITCH IT,"BNYX®, Yeat, & Zukenee",LOADING...,,3:02,,1947,0vfENgZ7qfQ,,,,,
Switch,Roy Woods,Waking at Dawn,91.04,,1,1948,ZN3IVgdeMUE,,,,,
Swisha,Ratatat,Classics,95.053,,11,1949,sYziVPycahw,,,,,
Swing Ya Pole,Summrs,FALLEN RAVEN,143.992,,5,1950,MhE_RMBi2gA,,,,,
Swing Lo Magellan (Acoustic Version),Unknown Mortal Orchestra,II (10 Year Anniversary Edition),,2:48,,1951,GO9XoMafUKs,,,,,
Swimming Pools (Drank),Trevor Horn,,103.567,,11,1952,B1l2OXr0RQw,,,,,
Swim In The Light,Kid Cudi,,165.273,,2,1953,yh_vwT2w_s4,,,,,
Swim and Sleep (Like a Shark),Unknown Mortal Orchestra,II (Deluxe Edition),123.509,2:45,8,1954,laqoRnB05-Y,,,,,
Swerve... the reeping of all that is worthwhile (Noir not withstanding),Shabazz Palaces,,173.944,,8,1955,PNAv9COs4yE,,,,,
Sweeter,Mac DeMarco,Guitar,147.157,2:59,2,1956,wgjgDDkFCyc,,,,,
sweetener,Ariana Grande,,119.914,,4,1957,L7hORyNan8w,,,,,
Sweet Time,Porter Robinson,Nurture,84.976,,2,1958,W_r2x12lBio,,,,,
Sweet Tides,Thievery Corporation,Radio Retaliation,158.011,,2,1959,C5BQX2ekdD8,,,,,
Sweet Robbery,Three-6 Mafia,,,,,1960,Hqw3mRjPByY,,,,,
"Sweet Dreams, TN",The Last Shadow Puppets,,112.362,,11,1961,qBeBqcqdSrk,,,,,
Sweet Dream,Alessia Cara,,123.064,,0,1962,lAOBGEA9XJU,,,,,
Sweet Chick,Anderson .Paak,,83.021,,6,1963,Vnp5urarx54,,,,,
Sweet Angel,Jimi Hendrix,,158.804,,1,1964,CGaeMErW_7E,,,,,
SWEET / I THOUGHT YOU WANTED TO DANCE,"Tyler, The Creator",,140.223,,0,1965,oCEaYar1RgU,,,,,
Swear It,Cousin Stizz,,137.05,,7,1966,2DRv_2iOoLo,,,,,
Swamp Thing,Hiatus Kaiyote,,93.235,,4,1967,wM9yqvkifDs,,,,,
Suspirium Finale,Thom Yorke,Suspiria (Music for the Luca Guadagnino Film),142.925,,1,1968,M8GpsgWFYeE,,,,,
Suspicions,Larry Lovestein & The Velvet Revival,You,110.001,3:40,9,1969,9v2jrwprp20,,,,,
Survive,Childish Gambino,,172.266,,16,1970,wI1icV6OTc0,,,,,
surface,San Holo featuring Caspian,,,,,1971,H_86LH9GhMs,,,,,
Surf & Turf,Boldy James;The Alchemist;Vince Staples,The Price Of Tea In China,78.923,3:43,6,1972,OE3N5d69z6Q,,,,,
Suraj Hua Maddham,Sandesh Shandilya;Sonu Nigam;Alka Yagnik,Kabhi Khushi Kabhie Gham (Original Motion Picture Soundtrack),80.002,7:07,5,1973,q9a3HjLeSJM,,,,,
Suplexes Inside of Complexes and Duplexes,Mac Miller,Watching Movies with the Sound Off (Deluxe Edition),80.06,2:47,7,1974,9au-HhHcT9A,,,,,
Superwoman (Where Were You When I Needed You),Stevie Wonder,Music Of My Mind,114.965,8:07,9,1975,oYpcCMxQXaE,,,,,
Superstar,Lupe Fiasco,,94.712,,19,1976,ehNk9Rfm7LY,,,,,
Superman,Eminem;Dina Rae,The Eminem Show,130.027,5:50,4,1977,K_8yRH2KPVo,,,,,
superloved!,iuky,ai nostalgia,79.53,2:18,8,1978,s3K8m6EV-3s,,,,,
Superlove,Whethan,,100.024,,18,1979,bV23wv8qcLY,,,,,
Supercut,Lorde,Melodrama,124.852,4:37,0,1980,KxSzt51xnkU,,,,,
Super Rich Kids,Sly5thAve,,,,,1981,SakMjOsIFXQ,,,,,
Super Geek,Yelawolf;DJ Paul,Slumafia,83.024,3:27,11,1982,W7zilU9JCgI,,,,,
Sunset Lover,Petit Biscuit,Presence,90.853,3:58,6,1983,WrWcOLlmv7k,,,,,
Sunset Canyon,Foxwarren,Foxwarren,110.205,,1,1984,LtieDKyqlzU,,,,,
Sunset,Nitin Sawhney,Prophesy,99.994,4:45,9,1985,UWYeGfahOzo,,,,,
Sunflower (Spider-Man: Into the Spider-Verse),Post Malone;Swae Lee,Spider-Man: Into the Spider-Verse (Soundtrack From & Inspired by the Motion Picture),,2:39,,1986,r7Rn4ryE_w8,,,,,
Sunday Service (feat. Isaiah Rashad),YGTUT,Preacher's Son,119.992,,5,1987,LCbswo60aKE,,,,,
Sunday Candy,Donnie Trumpet & The Social Experiment,Surf,,,,1988,ydl5zDuvO5w,,,,,
Sunburn,Dominic Fike,Sunburn,93.775,,0,1989,_MgqqGGvkHs,,,,,
SUN STORY,Kal Banx;Isaiah Rashad,RHODA,159.988,,1,1990,NtwDkySUIJ0,,,,,
Sun Gong No.1,Laraaji,Sun Gong,70.596,13:43,3,1991,VahC9YTG0O0,,,,,
sun drums and soil,Four Tet,Everything Ecstatic,131.992,,8,1992,s4Hkwst3mP0,,,,,
Sun (Ambient),RY X,Unfurl,,,,1993,Vya8jvSl_kU,,,,,
Summer Off Relaxxx,Tony Shhnow,Reflexions,143.768,,1,1994,5hOOvZgosUY,,,,,
Summer Nights,Lauv,All 4 Nothing,139.956,,0,1995,RE-469uRu3A,,,,,
Summer Love,Justin Timberlake,FutureSex/LoveSounds,95.802,4:12,0,1996,SpmCfl2UrPc,,,,,
Summer in My Lungs,The F16s,Triggerpunkte,145.029,,7,1997,RbB2xWcj88c,,,,,
Summer High,AP Dhillon,Two Hearts Never Break The Same,114.984,,1,1998,CnBX7_ErLvA,,,,,
Summer Girl,Hush Forte;Q,Summer Girl,171.649,,8,1999,iefnrpEFRec,,,,,
Summer Games,Drake,Scorpion,136.015,,1,2000,rTNmdqzZllE,,,,,
"Summer Friends (feat. Jeremih, Francis & The Lights)",Chance the Rapper,Coloring Book,144.796,,8,2001,RAo3mDkUekQ,,,,,
Summer Fool,Paul Bender,Summer Fool,84.562,4:55,7,2002,93GvW-X2GOU,,,,,
Summer Day,Sam Evian,"You, Forever",202.222,,7,2003,JPHcjxEuOY0,,,,,
Sum 2 do,Yeat,AftërLyfe,151.066,,9,2004,OLXXiJ87f3o,,,,,
Sultan Rahi,Raf-Saperra;Ricky Chohan,Sultan Rahi,139.971,,9,2005,yMqkAq4ZsY0,,,,,
Suit & Tie (feat. JAY-Z),Justin Timberlake,The 20/20 Experience (Deluxe Version),101.985,,11,2006,L8Jj2LeZNDo,,,,,
SUICIDE SEASON,Ski Mask The Slump God,BEWARE THE BOOK OF ELI,115.918,,1,2007,hSf3UusK5oI,,,,,
SUGARPARENTS (feat. Rico Nasty),Aminé,ONEPOINTFIVE,121.034,,5,2008,byjHpKQhk2k,,,,,
Sugar and Spice (I Found Me a Girl),Luther Vandross,Never Too Much,110.508,,5,2009,CczVKYIL8jc,,,,,
Suffer For Fashion,of Montreal,"Hissing Fauna, Are You The Destroyer?",147.938,,2,2010,OJlfxLTO4dE,,,,,
Suddenly Everything Has Changed,The Flaming Lips,The Soft Bulletin,,,,2011,uEVbyd-u2X4,,,,,
Suddenly,A$AP Rocky,LONG.LIVE.A$AP (Deluxe Version),129.522,,2,2012,45zr0vkFKa0,,,,,
Suddenly,Peter Cat Recording Co.,BETA,94.248,,9,2013,aO4UGoz6oeM,,,,,
Such Small Scenes,Lewis Del Mar,Lewis Del Mar,116.077,,5,2014,NqmR5nfV6K8,,,,,
Successful (feat. Trey Songz & Lil Wayne),Drake,So Far Gone,159.517,,8,2015,s_IATuze-R0,,,,,
Subtracting the Egg,Will Hofbauer,The Shovel is a Shovel was a Shovel,123.003,,7,2016,hgiQObvg9Bs,,,,,
Subterranean Homesick Alien,Radiohead,OK Computer,150.537,4:27,0,2017,_fTWmUlTEqE,,,,,
Substance,MPH & EV,Substance,131.96,3:15,5,2018,nN8k7S4I6ws,,,,,
Sub,Good Morning,The Option,124.266,,2,2019,pgIqK6q95tw,,,,,
Stuntin’ like my baba (feat. lil peanutbutter),Niontay & lil peanutbutter,Fada<3of$,,,,2020,A0IPGdY9SRI,,,,,
Stuntin Like My Daddy,Yung Bans,Yung Bans Vol. 5,138.075,,7,2021,sAuzQmwcnJM,,,,,
Stunt On Em,Curren$y,Andretti 10/30,82.522,3:49,8,2022,2DgwmfwmqWo,,,,,
Studio (feat. BJ The Chicago Kid),ScHoolboy Q,Oxymoron,133.921,,8,2023,AKM6hnTY4R4,,,,,
Structure No. 3,BADBADNOTGOOD,IV,144.238,,2,2024,0XySyze3Al4,,,,,
stripper hoes,Vayda,breeze,80.77,,10,2025,-zT-3-KesA4,,,,,
Strider,MEMBA,Strider,109.987,,7,2026,_vq2uT5HJ5o,,,,,
Stressed (with J. Cole & T-Shyne) (feat. J. Cole & T-Shyne),Young Thug,Punk,81.021,,0,2027,-iWYHw6GsGs,,,,,
Streetcar,Daniel Caesar,Pilgrim's Paradise,109.651,4:06,3,2028,ftqfjEKBvWk,,,,,
Street Sweeper,RL Grime & 1nonly,PLAY: GRID,,,,2029,yhZyBpfDw8Q,,,,,
Street Spirit (Fade Out),Radiohead,The Bends,138.076,4:13,4,2030,2y6kop0VTXY,,,,,
Strapped,Jaylib;Madlib;J Dilla;Guilty Simpson,Champion Sound,119.751,3:13,2,2031,lykvrnCD_pw,,,,,
Strangers,Portishead,Dummy,84.078,,6,2032,wCAURNnKqFo,,,,,
Strangers,The PropheC,The Season,110.656,,7,2033,Gj8vlOvsx7Q,,,,,
Stranger,Vampire Weekend,Father of the Bride,81.258,,7,2034,u7peRaveVPc,,,,,
Strain,Chelsea Wolfe,Hiss Spun,138.099,,11,2035,WoS1oT41rHQ,,,,,
Straightjacket,Quinn XCII,The Story of Us,137.027,,5,2036,HYWM8h1jFi0,,,,,
Straightenin,Migos,Culture III,135.957,,9,2037,XeZmCSkXP-E,,,,,
Str8 Bars,Kodak Black,Project Baby,152.216,,1,2038,P52yOVvTieA,,,,,
Story: No Title,Denzel Curry,Imperial,103.978,,1,2039,AaL1Km4sq5s,,,,,
Stop Breathing,Playboi Carti,Whole Lotta Red,154.967,,9,2040,mRsebLsMCpk,,,,,
Stop,J Dilla,Donuts,85.899,,6,2041,zg1vKijo1p4,,,,,
Stoned Gentleman,Wiz Khalifa;Curren$y,2009,79.958,,10,2042,zOPmxJMs1qA,,,,,
Stoned 2,STRFKR,Vault Vol. 2,99.963,,2,2043,InItZ_MiyOc,,,,,
Stone Cold,66shadows,Comprehension,79.964,,7,2044,WpgkblfNKyg,,,,,
Stone,Cousin Stizz,Just for You,128.979,,9,2045,Vn3tO0crSVI,,,,,
Stolas,Scale The Summit,Scale the Summit - Digital Collection,120.066,,11,2046,NDJLdWN1-HQ,,,,,
Stockholm Syndrome,One Direction,FOUR (Deluxe),120.572,,2,2047,FwdgR9As16c,,,,,
Stirring (Instrumental),Flying Lotus,You're Dead! (Deluxe Edition),,,,2048,zt21tgf1WZc,,,,,
Stirring,Flying Lotus,You're Dead!,65.866,,1,2049,7urTPsve2dc,,,,,
Stir Fry,Migos,Culture II,181.982,,2,2050,gF9dSBNmOQw,,,,,
Stingray,QUIET BISON,,93.988,,4,2051,vL1Bt8Ryhus,,,,,
Stillness of the Holy Place,Akira Kosemura,,82.297,,9,2052,b4mQwx2YX2U,,,,,
Still Will,Xavier Wulf,,157.905,,6,2053,1hjukXcJZTM,,,,,
Still Together,Mac DeMarco,2,,,,2054,73HJNdXCfXs,,,,,
Still Stoned on Ocean,Curren$y,,145.297,,8,2055,xgUaSrFX500,,,,,
Still Serving,21 Savage,,115.956,,5,2056,iqQqzss12Uk,,,,,
still prevail,Gunna,,139.996,,2,2057,IWqjPGixrrg,,,,,
Still into You,Paramore,Paramore (Deluxe Edition),136.01,3:36,5,2058,r61VHM9Q3bY,,,,,
STILL IN THE PAINT,Denzel Curry,,,,,2059,zFRmXJN438k,,,,,
Still Here,Drake,,133.938,,0,2060,jn9YgvyRhhs,,,,,
Still Down,H.E.R.,,189.715,,0,2061,hA-sBjHEmco,,,,,
Still Commit Crimes,Good Morning,,124.658,,11,2062,33WMqtbq7uo,,,,,
Still Blazin,Wiz Khalifa,,144.221,,6,2063,mltDjJf9JNI,,,,,
Still,Lil Wayne,,89.194,,1,2064,PPCb9JpO3mU,,,,,
Stiff Necked Fools,Bob Marley & The Wailers,,143.363,,9,2065,FCA4nJySNCQ,,,,,
Sticky,SunSquabi,,108.008,,5,2066,Pw_hwQdFndQ,,,,,
Sticky,Ravyn Lenae,,120.016,,4,2067,5tD9kc4wE8A,,,,,
Stick,Snail Mail,Lush,117.895,,3,2068,jo_NNdLXans,,,,,
Sthir,Prabh Deep,Tabia,120.031,4:40,6,2069,RnOBEzbaT1Y,,,,,
STFU3,KAYTRAMINÉ;Aminé;KAYTRANADA,KAYTRAMINÉ,92.964,2:20,1,2070,b0y1cRbNKVk,,,,,
STFU2,Aminé,ONEPOINTFIVE,80.03,1:44,2,2071,lV_VqQK2q4I,,,,,
Steps Beach,Childish Gambino,Bando Stone and The New World,99.644,3:48,11,2072,SM7ESDpGDNE,,,,,
Stepping Stone,Eminem,Kamikaze,179.503,5:09,7,2073,Ia3ZgnQF5ko,,,,,
STEN,EXCISE DEPT,SAB KUCH MIL GAYA MUJHE VOL 1,112.462,2:34,8,2074,GzV6cLdQFQA,,,,,
Stefflon Don,Westside Gunn,Supreme Blientele,115.2,1:07,6,2075,cWoWSoytamk,,,,,
Steel Doors,Freddie Gibbs,You Only Die 1nce,158.096,2:54,1,2076,qNFpJjfkp9E,,,,,
Steamroller,Anish Kumar,Postcards,132.11,2:55,7,2077,t_IPjNiH3gU,,,,,
Stealing Happy Hours,311,Transistor,95.846,5:50,11,2078,P22-e4Ol49s,,,,,
Stayëd tha same,Yeat,Up 2 Më,142.007,2:35,16,2079,fw3pRm8OBZU,,,,,
stayinit,Fred again..;Lil Yachty;Overmono,USB,,,,2080,9MXSBGOhJ08,,,,,
Staying In Touch,Baalti,Better Together,126.024,5:38,1,2081,GraJW27giPs,,,,,
Stay With Me,Roy Woods,Stay With Me,100.088,3:04,9,2082,0pz7TTFBpes,,,,,
Stay The Same - Radio Edit,Bonobo;Andreya Triana,Stay The Same,100.014,3:30,1,2083,VmYq4SsY60U,,,,,
"Stay Home (Boombox Practice Session, 1998)",American Football,American Football (Deluxe Edition),,,,2084,vXbTWCrWZes,,,,,
Stay Home,American Football,American Football (Deluxe Edition),119.947,,5,2085,TTxw7xez_oM,,,,,
Stay High,Childish Gambino;Brittany Howard,Jaime (Reimagined),,,,2086,bTKcFXvqnw0,,,,,
Stay Gold,Run The Jewels;El-P;Killer Mike,Run The Jewels 3,143.747,,1,2087,O9MhrqJZPOY,,,,,
Stay Gold,Bryson Tiller,Bryson Tiller,83.156,,7,2088,Z_CwNUSnLeo,,,,,
Stay Down,Brent Faiyaz,Sonder Son,84.695,,11,2089,l87PDUJRpAs,,,,,
Stay Down,Freddie Gibbs,Baby Face Killa,147.947,,10,2090,HBUtPSPRdd8,,,,,
Stay (Petit Biscuit Remix),Zedd;Alessia Cara;Petit Biscuit,Stay (Remixes),,,,2091,8fpKAvyTD94,,,,,
Stay,Milky Chance,Blossom,179.968,,7,2092,3F5VBcv4Rzg,,,,,
Stay (feat. Jenny Penkin),Garden City Movement,Never On Time,123.95,,11,2093,McryOQyx6V4,,,,,
Statues,DROELOE;MoonZz,PILLARS ///,137.916,,0,2094,wgWnhZzYHjs,,,,,
Static Hum,Chelsea Wolfe,Hiss Spun,65.867,,1,2095,_E4G8VobMNU,,,,,
Stateside,PinkPantheress,Fancy That,123.433,,11,2096,Ma16tc9GmK0,,,,,
Started From the Bottom,Drake,Nothing Was The Same,86.318,,8,2097,SLFN-XfeYXw,,,,,
Start Over,Planet Giza,Don't Throw Rocks At The Moon,81.475,,7,2098,VN8QSW7PJgo,,,,,
Start & Stop,Sir Spyro;Killa P,Start & Stop,139.89,2:47,11,2099,gyKrglVd0k0,,,,,
Start,Frank Ocean,channel ORANGE,82.85,,7,2100,xEQ_946TO_g,,,,,
Starstrukk (feat. Michael Christmas & Chuck Inglish),LNDN DRGS;Jay Worthy;Sean House,Burnout 4,102.79,,0,2101,o36Wh384Ns4,,,,,
Stars (feat. Yasiin Bey),JID,The Forever Story (Extended Version),117.927,,10,2102,fGOgJxuwVNs,,,,,
Stars,Ivy Lab,Stars E.P,144.31,3:39,15,2103,OdssLfw2PqU,,,,,
Stars,PinkPantheress,Fancy That,138.763,,8,2104,eh59FZMLvLA,,,,,
Starlite,NxWorries,Yes Lawd!,140.788,3:23,5,2105,MpAX3GTmJjU,,,,,
Starlight,Dave Corbett,Starlight (Nativity),,,,2106,IzenjkVVckE,,,,,
Starlight,Muse,Black Holes and Revelations,121.61,,4,2107,2G9_5ZQYXVY,,,,,
STAR KILLER,Curtis Waters,BAD SON,,,,2108,xnvYrYjXaAI,,,,,
Standing Next To Me (feat. Alex Turner & Miles Kane),The Last Shadow Puppets,The Age Of The Understatement,182.778,,9,2109,u0MPP9RshJI,,,,,
Stand Off,MEMBA;Ehiorobo,Stand Off,156.087,,6,2110,PL0fyyA6F7E,,,,,
Stan,6LACK,East Atlanta Love Letter,131.594,,8,2111,uu_x8oAfq-k,,,,,
STAMINA,EVAN GIIA;MEMBA,STAMINA,130.045,,4,2112,u6azeSg6zTU,,,,,
Stairway to Heaven,Rodrigo y Gabriela,Rodrigo Y Gabriela (Deluxe Edition),,,,2113,AaZQHBtqnj4,,,,,
Stage or Screen,Unknown Mortal Orchestra,Multi-Love,106.931,,3,2114,0bA74PxnfwQ,,,,,
Stacks In My Slacks (feat. Tracy) (feat. Tracy),Yung Bans,Yung Bans Vol. 5,155.022,,8,2115,M6HA7TDyi1w,,,,,
St. Sebastian,of Montreal,UR FUN,133.974,,1,2116,F3pDdEkoOHI,,,,,
SS San Francisco (feat. Zelooperz),Injury Reserve,By the Time I Get to Phoenix,123.968,,10,2117,O0XtMGmSUDk,,,,,
ss,Ken Carson,A Great Chaos (Deluxe),137.625,,11,2118,KavaUJxnNVU,,,,,
Sri Lanka,Heems;Lapgan;Your Old Droog,LAFANDAR,86.138,2:06,11,2119,BLwVzEEuPuQ,,,,,
SQUISHY CLIP,Skrillex,F*CK U SKRILLEX YOU THINK UR ANDY WARHOL BUT UR NOT!! <3,74.937,,2,2120,TaDcl6dUCy0,,,,,
Squash Squash,Blood Orange,Freetown Sound,110.014,,1,2121,IF3u0hwFHbc,,,,,
SquabCat,SunSquabi,Odyssey,95.981,,9,2122,Yr3S3o47XwE,,,,,
Spun,Chelsea Wolfe,Hiss Spun,103.892,,7,2123,0_UDAP2GgQc,,,,,
Spring Snow,Vampire Weekend,Father of the Bride,118.045,,1,2124,ey6SFgI5mSw,,,,,
Spring breakers,Charli xcx,Brat and it’s the same but there’s three more songs so it’s not,120.018,,10,2125,r-bcrZKDUfs,,,,,
Spring,Flume;Eprom,Hi This Is Flume (Mixtape),60.352,,4,2126,NgRkm1CsECk,,,,,
SPREAD LIKE BUTTA,Yakiyn,SPREAD LIKE BUTTA,127.818,3:16,11,2127,iJ9wGW6bZC8,,,,,
Spotlight (feat. Killa Kyleon),Wiz Khalifa,Kush & Orange Juice,80.016,,5,2128,vh0Z_a2Hc1w,,,,,
Spontaneous (feat. Little Dragon),Flying Lotus,Spontaneous / Takashi,114.477,,5,2129,E9QDSTlAnpk,,,,,
SPOKE 2 ALIENS FINALLY 1.3 [2020 Export Wav],Flume,Things Don't Always Go The Way You Plan,129.911,,8,2130,dSPZSpFEoPA,,,,,
Splat!,MIKE;Tony Seltzer,Pinball II,93.602,,1,2131,dCE-fsYzJrc,,,,,
Splash Waterfalls,Ludacris,Chicken - N - Beer,145.894,,11,2132,BJL9EQd_IQ0,,,,,
Splash,Action Bronson,Only For Dolphins,91.285,,7,2133,Wwf8CkgCF1k,,,,,
Spitshine,Smino,blkswn,90.111,,11,2134,DOXrN_GbIXE,,,,,
Spiritual State (feat. Uyama Hiroto),Nujabes,Spiritual State,99.971,,0,2135,L95z7M8uU9k,,,,,
Spinback,Comethazine,Comethazine The Album,127.003,,11,2136,CRe3Mw2cXgo,,,,,
spin the block (feat. M.E.R.C),Melvin Knight,BACKSHOTS,88.264,,5,2137,6G5zS6aZVgo,,,,,
Spin Blocks (feat. Father),Machinedrum,A View of U,94.004,,11,2138,C4mVm8WllPs,,,,,
Spin,Kodak Black,Kutthroat Bill: Vol. 1,101.997,,1,2139,XRTc2qL_clM,,,,,
Spilling,Baalti,Better Together,140.034,,7,2140,Q2urNFIe8Yc,,,,,
Spikes,Death Grips,Bottomless Pit,179.909,,8,2141,Mnhu80T2G6c,,,,,
Spicy Sammich,Flying Lotus,Reset EP,95.968,,1,2142,aaz3H-lRoYI,,,,,
Sphinx Gate,Hiatus Kaiyote,Tawk Tomahawk,95.729,,8,2143,gA1nJSCK17c,,,,,
Sphere,Akira Kosemura,In The Dark Woods,105.763,,2,2144,vWAezA--fGo,,,,,
Speeding Cars,Vitamin String Quartet,Vitamin String Quartet Performs Imogen Heap,,,,2145,GxgW9-Yki4M,,,,,
SPEEDBOAT,Denzel Curry,ZUU,120.021,,6,2146,5qIRCfB7UA0,,,,,
Speed Law,Mos Def,Black On Both Sides,98.024,,11,2147,1XTDgYRi_GY,,,,,
Speckle,Clever Austin,Pareidolia,85.985,,9,2148,skB9VVxP2eE,,,,,
Speaking Gently,BADBADNOTGOOD,IV,78.198,,5,2149,lmYqOyDpz8c,,,,,
Speak Up (feat. Flee),Tony Shhnow,Dis Should Hold U Over,140.11,,0,2150,Zawn5ql9150,,,,,
Sparks,Beach House,,95.946,,3,2151,OX82rsDrmpQ,,,,,
Spark,Akira Kosemura,,206.843,,0,2152,iR2LSWkuJaE,,,,,
Spanish Castle Magic,The Jimi Hendrix Experience,,,,,2153,P6lDmcrRths,,,,,
Spaced,Spillage Village,,83.282,,7,2154,lkrT5tZTgxA,,,,,
Space Jam,An Odyssey,,,,,2155,gs36K1AJIds,,,,,
Space Is the Place,Men I Trust,,92.001,,0,2156,y56Uy1p0F9c,,,,,
Space Boy (feat. Lucki),Manny Laurenko & Lucki,Storm Coming,,2:46,,2157,VnpZfVZss8E,,,,,
Southern Point,Grizzly Bear,,96.994,,4,2158,asN3vtrANu8,,,,,
South Side,Moby,,97.148,,4,2159,jWj-UVA1304,,,,,
"South of Heaven’s Chanting Mermaids (From ""Pirates of the Caribbean: On Stranger Tides""/Soundtrack Version)",Rodrigo y Gabriela,,,,,2160,ZTFcNIalBxw,,,,,
Jail Full Track,Suraj Patel,,,,,2161,6mLyw2vJR9E,,,,,
SOUTH ATLANTA BABY,Playboi Carti,,97.692,,10,2162,a_CCciQvNaE,,,,,
south africa,Baby Keem,,117.868,,5,2163,iP-BK8lOuFY,,,,,
Sour Diesel,ZAYN,,94.979,,4,2164,rs2Z3gomto0,,,,,
Soundtrack 2 My Life,Kid Cudi,,86.496,,9,2165,c4zeGoka4tg,,,,,
Sound Track,STRFKR,,140.122,,9,2166,nrg2et_Dcpk,,,,,
Sound & Color,Alabama Shakes,,114.928,,2,2167,bBh71Sl1i2Y,,,,,
Soulless Friends,Peter Cat Recording Co.,Bismillah,109.966,,9,2168,PebKkuzMvdg,,,,,
Soul Plane,Takeoff,The Last Rocket,154.985,3:18,0,2169,7RZ2FymsjQU,,,,,
Soul Food Sunday,Romeo Casanova;Michael Christmas;Paul Willis;MaceyOMaze;Macky Ukiyo;JASSIEL;AJARY;Najee Janey,Soul Food Sunday,78.042,7:36,0,2170,1IByOt7_Oyo,,,,,
Soria Moria,Scale the Summit,Scale the Summit - Digital Collection,179.987,5:50,11,2171,S7FM7bbDa10,,,,,
Sore Throat,parth tunes,Slow Morning & Sore Throat,65.996,2:28,3,2172,XboYETolU9E,,,,,
Sore Loser,Tierra Whack,Whack World,145.35,1:00,1,2173,_RgU-x2h3Go,,,,,
Sorcererz,Gorillaz,The Now Now,84.075,3:00,9,2174,rqGyAkKUTA8,,,,,
Sooner Than Later,Drake,So Far Gone,94.554,4:22,5,2175,ndCnatxRaF8,,,,,
Sonie Ni Sonie,Sahara,Access All Areas,137.776,3:28,9,2176,QSJhe3pCuDE,,,,,
Sonic Boom,Roy Woods,Waking at Dawn,141.961,3:04,5,2177,-MmNaH3uBm8,,,,,
Song of Solomon,Animals As Leaders,Animals as Leaders - Encore Edition,112.846,4:16,8,2178,XFGB5GiMHo8,,,,,
Sonder Son (Interlude),Brent Faiyaz,Sonder Son,152.862,1:40,2,2179,YLWBTsLAjL8,,,,,
Somthing's Missing,The Internet,Ego Death,100.004,6:21,5,2180,cut1o6buefk,,,,,
Somnarium,Animals As Leaders,Weightless,159.997,4:15,4,2181,W-bmo6b-dbo,,,,,
Sometimes,Heems,Eat Pray Thug,96.318,4:01,6,2182,qooBh35FITs,,,,,
Something Special,Pop Smoke,Shoot For The Stars Aim For The Moon,91.071,2:38,7,2183,FJ-EVwUGUjw,,,,,
Something New,SiR,November,74.767,,3,2184,J0XmQoZc5rw,,,,,
Something In The Way (triple j Like A Version),RÜFÜS DU SOL,Something In The Way (triple j Like A Version),,,,2185,_UtsDI6RtRQ,,,,,
Something Human (Acoustic),Muse,Simulation Theory (Super Deluxe),105.023,,9,2186,a9oU9ZDB8G8,,,,,
Something Human,Muse,Simulation Theory (Super Deluxe),105.018,,9,2187,FDxnh3WuODM,,,,,
Something Good,alt-J,An Awesome Wave,108.98,,7,2188,9BrQUWQV1XQ,,,,,
SOMETHING ABOUT HIM,BROCKHAMPTON,iridescence,79.924,,6,2189,c2jTXZEkbMg,,,,,
Soma,The Strokes,Is This It,148.928,,0,2190,EY9nr4Lkfw0,,,,,
Solo Whale,Frank Watlington,Songs of the Humpback Whale,114.596,,11,2191,_yc2T03zbLk,,,,,
Solo Dolo Part II (feat. Kendrick Lamar),Kid Cudi,Indicud,105.192,,7,2192,NcwhNqW0dzE,,,,,
Solo Dolo (Nightmare),Kid Cudi,Man On The Moon: The End Of Day,79.124,,7,2193,9f0iRfOBb6A,,,,,
Solo de Mí,Bad Bunny,X 100PRE,,,,2194,bpzx_A0gI2M,,,,,
Solo,Frank Ocean,Blonde,133.805,,5,2195,OkZTH88B3A8,,,,,
Solo,Cousin Stizz,Solo,169.945,,4,2196,vwlheuSbPZs,,,,,
Solitaire (feat. Migos & Lil Yachty),Gucci Mane,Evil Genius,138.026,,11,2197,RWUBot27Yb4,,,,,
Solid as a Rock,Michael Christmas,Unsexy,130.168,,7,2198,CC-A0lKVZ4E,,,,,
Solid (feat. Drake),Young Stoner Life;Young Thug;Gunna,Slime Language 2 (Deluxe),125.987,,11,2199,igpHMXzXJE0,,,,,
Solar Freestyle,Comethazine,Comethazine The Album,150.903,,5,2200,R62N88gXW60,,,,,
SOHO,Jaden,The Sunset Tapes: A Cool Tape Story,159.985,,8,2201,QkpGnsp9xTw,,,,,
Soft Spot (955 remix),JMSN;Sada Baby,Soft Spot (Single Deluxe Edition),,,,2202,3DK7ut9f3jY,,,,,
Soft Sounds from Another Planet,Japanese Breakfast,Soft Sounds from Another Planet,82.014,,2,2203,MiOGtssMuFw,,,,,
Sofia,Clairo,Immunity,,,,2204,xF1Yu-amFfk,,,,,
Social Cues,Teezo Touchdown,Social Cues,155.138,,7,2205,qVv_PgDUh1o,,,,,
Sober II (Melodrama),Lorde,Melodrama,112.948,2:58,8,2206,YE8RhxaaxMo,,,,,
Sober,Lorde,Melodrama,107.901,,6,2207,toRoWDWTCMo,,,,,
Sober,Donald Glover,,,4:13,,2208,7CQ-4dZmVoQ,,,,,
So What? (Episode 01),Vince Staples,So What? (Episode 01),,,,2209,5B3OWJwAvOE,,,,,
So What,BTS,LOVE YOURSELF 轉 'Tear',129.947,,9,2210,zdLvqiOmWq4,,,,,
So Strange (feat. Cuco),Polyphia,New Levels New Devils,96.025,,0,2211,QK3WOK91aZE,,,,,
So Pretty,B5,B5,127.634,3:36,8,2212,w4sjaQ5G6rM,,,,,
So NY,Heems,Eat Pray Thug,158.168,3:40,9,2213,4RHr5O8Q5Ow,,,,,
So Many Tears,Nine Vicious,FOR NOTHING,72.509,,1,2214,ZsPdEaF33qM,,,,,
So It Goes,Mac Miller,Swimming,148.173,,0,2215,oLj7bpqN_i4,,,,,
So High,Doja Cat,Purrr!,132.718,,10,2216,_tcAUcxb1ww,,,,,
So Good At Being In Trouble (Acoustic Version),Unknown Mortal Orchestra,II (10 Year Anniversary Edition),,,,2217,3Vdlx4nQQII,,,,,
So Good,OAFF;Kayan,So Good,149.936,,8,2218,jjB5QEybulw,,,,,
So Far Gone / Fast Life Bluez,Brent Faiyaz,Sonder Son,159.815,,9,2219,nSVz-LbJOKM,,,,,
So Easy,Curren$y,Pilot Talk 4,82.94,,2,2220,VO61nZpg0NQ,,,,,
So Awful ENT,Father,Hu$band 2,132.017,,10,2221,wSXFToV9jf0,,,,,
So Ambitious (feat. Pharrell Williams),JAY-Z,The Blueprint 3,,4:13,,2222,RipuJZ5HS-4,,,,,
Snowy Sky,Akira Kosemura,In The Dark Woods,144.095,,2,2223,bjQYl_x1hlI,,,,,
Snowmen (feat. Ecco & Bladee),Xavier Wulf,"Greatest Hits, Pt. 1",112.081,,4,2224,c0GbhguAGow,,,,,
Snow Tires,STRFKR,Vault Vol. 2,99.882,,1,2225,B6A6B7Mq85I,,,,,
Snapback 90′S Nigga (Rare) [R.I.P. Eazy E! Bring Back the 90′S],SpaceGhostPurrp,Nasa Gang,164.442,,7,2226,hKTaBDN5Wwk,,,,,
Snap Out Of It,Arctic Monkeys,AM,130.014,3:13,5,2227,yfrEMQgBc2Y,,,,,
Snake Skit (Skit),Spillage Village,Bears Like This Too Much,138.868,,6,2228,YYE7KrT9fmo,,,,,
Smoke Break (feat. Future),Chance the Rapper,Coloring Book,124.942,,3,2229,nPY2mSf4C70,,,,,
Smoke Break,Maxo Kream,The Persona Tape,81.514,,11,2230,4P8cz0aJBbc,,,,,
Smoke break,Wiz Khalifa,Wiz Owens,82.929,,7,2231,u43l74TOBM0,,,,,
Smoke,Blood Orange,Negro Swan,82.248,,0,2232,FllwhU1pPNk,,,,,
Smile/Petty (feat. Sonyae Elise),Anderson .Paak,Oxnard,91.914,,2,2233,UmCYo_XE2Ow,,,,,
Smile Please (feat. Elias Rønnenfelt),Dean Blunt,Smile Please,,,,2234,ToLvSHFcxV4,,,,,
Smile #5 (see page 103 and 107),Slauson Malone 1,Vergangenheitsbewältigung (Crater Speak),59.507,,7,2235,GjtdIlMgzrM,,,,,
Smile #2 (feat. Maxo),Slauson Malone 1,"A Quiet Farwell, 2016–2018 (Crater Speak)",85.854,,7,2236,MNVR7bLYfrY,,,,,
Smells Like a Rip Off,Begum,W.A.E,131.754,,9,2237,W250107aF28,,,,,
Smara,MEMBA,SAGA-II,110.113,,1,2238,y5hsdPYTVCU,,,,,
Small Worlds,Mac Miller,Swimming,78.267,,5,2239,crDBuh4WZMg,,,,,
Slump,Outkast,Aquemini,92.904,5:08,1,2240,4Mm566HG3Fc,,,,,
slower than,jabeau,slower than,110.821,,4,2241,TyW4BRglOz0,,,,,
yes girl,Bea Miller,yes girl,,,,2242,fEg2HbPd8Yw,,,,,
SLOW DANCING IN THE DARK,Joji,BALLADS 1,88.964,,3,2243,4De_ERjvuUI,,,,,
SLIP (feat. Toro Y Moi),Kenny Mason,9,117.039,,2,2244,8i_KCn1BYqk,,,,,
Slidin,21 Savage;Metro Boomin,SAVAGE MODE II,152.891,,2,2245,pIJLYyn4yh4,,,,,
Slide Tackle,Japanese Breakfast,Jubilee,127.989,,5,2246,0-EMiEpXLJg,,,,,
Slick Talk,JID,DiCaprio 2,77.511,,7,2247,ejz7g3eeyKQ,,,,,
Sleepy Tea,Chon,Homey,174.917,,2,2248,vNK1P_oQqhU,,,,,
Deep Relaxing Sleep Music (3 Hours),Jason Stephenson,Deep Relaxing Sleep Music (3 Hours),,,,2249,t194__SJYL4,,,,,
Sleeping on the Roof,The Flaming Lips,The Soft Bulletin,,,,2250,FoL-ZiV4ZPY,,,,,
Sleep 9,Sigur Rós,,69.215,,4,2251,mNN_uKBzS_U,,,,,
Sleep 3,Sigur Rós,,85.279,,9,2252,Q4UmwbY0Wjg,,,,,
Sleep,OAKK,,101.001,,8,2253,eEBI1nNxgoE,,,,,
SLEDOM,Lupe Fiasco,,176.213,,6,2254,_C6AYQ-UPCU,,,,,
Sleaze,Shades,,87.879,,11,2255,ZeHqUfh3qjs,,,,,
Slay Like Santa,Kodak Black,,112.905,,11,2256,j8ET9pjC8Lo,,,,,
Slamm,Yeat,,142.048,,0,2257,MvzvjI-NIRY,,,,,
Skyline To,Frank Ocean,Blonde,129.048,3:04,3,2258,T2FA1BzehdY,,,,,
Skyfall,Travis Scott,,98.442,,11,2259,21n-V9r4EyE,,,,,
Sky Walker,Miguel,,145.965,,6,2260,y1UR2jVgvIU,,,,,
Sky Might Fall,Kid Cudi,,194.275,,10,2261,_yyMDJL0aCU,,,,,
Sky in the Lake,Soft Glas,,154.987,,7,2262,piATkiBe3SE,,,,,
Sky,Spillage Village,,78.674,,10,2263,vaS6ngzFrdM,,,,,
sky,redveil,,81.423,,4,2264,IAZ3yw_OB0Q,,,,,
Skit #2,Kanye West,,66.512,,11,2265,vRBOIbTyTnU,,,,,
Skit #2,Westside Gunn,,81.293,,1,2266,AMZbCtcufao,,,,,
Skip Divided,Thom Yorke,,136.988,,9,2267,aiqjTfsCDfU,,,,,
SKI,Future,MIXTAPE PLUTO,135.028,,11,2268,gMv_nrSuRgs,,,,,
Sit Down. Stand Up,Radiohead,Hail To the Thief,161.046,4:19,5,2269,dS-GVkz5qMU,,,,,
Sisters & Brothers,Khruangbin,Hasta El Cielo,81.892,4:00,7,2270,bd9eWRzB3Lo,,,,,
Sister,Mac DeMarco,This Old Dog,,,,2271,aTkTY1gwQo0,,,,,
Sirens of Your Toxic Spirit,of Montreal,lousy with sylvianbriar,109.71,4:06,4,2272,6MFr45zCI-U,,,,,
Sirens,Flume;Caroline Polachek,Sirens,149.236,3:58,6,2273,hghyumkP6FE,,,,,
Siren Song (Instrumental),Flying Lotus,,99.013,,17,2274,pmSpAinhGV0,,,,,
Sir,Nicki Minaj,,142.982,,11,2275,mGwR4TSliqA,,,,,
Sink The Seine,of Montreal,"Hissing Fauna, Are You The Destroyer?",100.013,1:04,2,2276,nHAeD_kHqwM,,,,,
SINK 2 RISE,Laila!,Gap Year!,88.476,2:37,6,2277,iD8uJj89rf8,,,,,
Sink,Benny The Butcher;Harry Fraud,Sink,73.383,2:04,1,2278,UtKjvjvukrg,,,,,
Sing To Me,Jhené Aiko;Namiko Love,Trip,165.866,2:27,1,2279,Ln31QeUseP4,,,,,
Since Way Back,Drake;PARTYNEXTDOOR,More Life,153.294,6:08,0,2280,-I8oNLTQL-Q,,,,,
Simplify,Young the Giant,Mirror Master,99.159,3:32,4,2281,vur1bq9QtUI,,,,,
Simple As...,Kid Cudi,Man On The Moon: The End Of Day,95,2:31,1,2282,rxc63Sc1sMg,,,,,
Chops,Sam Byrk,,,,,2283,xA7olnCWWoU,,,,,
Silk Pillows (feat. Akenya),Smino,blkswn,118.335,,1,2284,mINq_r5irWE,,,,,
Silk Durag,Xavy Rusan;FVNTVNV,Dead Sirius,106.004,,1,2285,nSeYZc6lfek,,,,,
Silicon Valley,Anderson .Paak,Malibu,115.21,,3,2286,5f0MtL7Au2Q,,,,,
Silhouette,Little Simz,NO THANK YOU,95.232,,5,2287,XnUKYwItijo,,,,,
Silent Hill,Kendrick Lamar;Kodak Black,Mr. Morale & The Big Steppers,140.07,3:40,1,2288,rhed981WqtE,,,,,
Silence,J Rick & Merlyn Wood,Silence,,,,2289,6KhjGZu_PZM,,,,,
Signals,Nicole Millar,Communication,100.02,,10,2290,_AEBvjkHLDU,,,,,
Sign of the Times,Harry Styles,Harry Styles,119.972,,5,2291,oHVVoe2Vj8s,,,,,
Side By Side,Crumb,AMAMA,142.016,,5,2292,n4W1-yOMcPk,,,,,
Siddhi Anthem,ICYTWAT,Siddhi Anthem,139.972,,8,2293,8pafSWv6RV0,,,,,
Sick!,Earl Sweatshirt,SICK!,140.35,,1,2294,8ZqVk6ENE1w,,,,,
Sick Love,Red Hot Chili Peppers,The Getaway,147.974,,4,2295,AxTmGEyy3qY,,,,,
Sick & Tired,Denzel Curry,Imperial,145.021,,8,2296,f69djj8dsKc,,,,,
Shuffle,Tony Shhnow,Da World Is Ours 2,140.111,,5,2297,cXgLdi9Pg24,,,,,
Shrooms,Zelooperz,Dali Aint Dead,134.683,,9,2298,OMo24L73X8Q,,,,,
Show Pony,Glass Animals,I Love You So F***ing Much,161.048,,11,2299,G-sEkjsUXa4,,,,,
Show No Regret,Daniel Caesar,Pilgrim's Paradise,132.046,,2,2300,QtrcEVy8aWw,,,,,
Show Me,Alina Baraz;Galimatias,Urban Flora,99.92,,0,2301,IT6uGWlQPRs,,,,,
Show Me,Joey Bada$$,2000,176.153,,6,2302,WB7LS3p7Tb4,,,,,
Show Me,ODESZA,A Moment Apart,107.765,,9,2303,7WZ2HOVTPec,,,,,
Shotgun,Soccer Mommy,"Sometimes, Forever",119.994,,5,2304,j5jSsiE9ZeY,,,,,
Shot Gun,STRFKR,Vault Vol. 3,112.301,,5,2305,1auV0Pp_fbI,,,,,
Shot For Me,Drake,Take Care (Deluxe),143.015,,2,2306,wc7JPaRV5uU,,,,,
Shortline,RY X,Dawn,119.721,,3,2307,8CZZzqVAUw4,,,,,
Short and Sweet,Brittany Howard,Jaime,88.807,,7,2308,SNCoBWW0sgU,,,,,
Shootouts In Soho (feat. A$AP Rocky & Stove God Cooks),Westside Gunn,10,82.489,,9,2309,BgWzCJFref8,,,,,
SHOES (feat. Virgil Abloh),Lupe Fiasco;Kaelin Ellis,HOUSE,79.553,,1,2310,fGzmLXtsOf0,,,,,
Shoegaze,Alabama Shakes,Sound & Color,117.897,,9,2311,SOericzuuyE,,,,,
Shiver,Coldplay,Parachutes,116.705,,4,2312,ujbS9mHRXDw,,,,,
Shitsville,Freddie Gibbs;Madlib,Piñata,91.973,,1,2313,Y1Eu6PkQNbY,,,,,
Shit Real (feat. Tee Grizzley),Jay Rock,Redemption,104.02,,8,2314,n_neBfxtuIA,,,,,
"Shit Got Old, Got Sick",Father,"Shit Got Old, Got Sick",130.105,2:02,6,2315,yIsTGqe2_44,,,,,
Shirt,SZA,SOS,119.959,,3,2316,ea5w1VqzVIY,,,,,
Shine,Robert Glasper;D Smoke;Tiffany Gouché,Shine,,,,2317,SCUmOXw0Yz8,,,,,
Sherrill,Mac DeMarco,2,,,,2318,U0sPpiMPmkw,,,,,
Sheared Box,Portishead,Glory Box,89.956,,11,2319,bpWf6BDYNRc,,,,,
She's So Fine,The Jimi Hendrix Experience,Axis: Bold As Love,,,,2320,830mKGB5juc,,,,,
She's a Super Lady,Luther Vandross,Never Too Much,119.121,,0,2321,Bc7vBEdYfbA,,,,,
She's A Rejecter,of Montreal,"Hissing Fauna, Are You The Destroyer?",127.001,,5,2322,85Ttw0wByEw,,,,,
She Works Out Too Much,MGMT,Little Dark Age,147.97,4:38,5,2323,e0QT4N-5PA4,,,,,
She Said (Big Jet Plane),Trinix;Queen D,She Said (Big Jet Plane),108.026,,0,2324,OYIGhxErW3c,,,,,
She Refused to Say,Loving,Loving,158.805,3:13,8,2325,TrMgMwIfC0o,,,,,
She Notice,Young Thug,Slime Season 2,130.971,,8,2326,itDgt8KzV4Q,,,,,
She Needs Me (Remix) (feat. Dom Kennedy & Murs),Kendrick Lamar,Overly Dedicated,100.145,,5,2327,WR5k-huT4uI,,,,,
She Live (feat. Megan Thee Stallion),Maxo Kream,Brandon Banks,119.974,,1,2328,sEgvS18FdHo,,,,,
She Knows About Me,Roy Woods,Waking at Dawn,81.656,,9,2329,zdyv0JrGE3g,,,,,
She Gon Wink,Takeoff,The Last Rocket,140.993,,1,2330,rNE2a59LgNM,,,,,
She Does The Woods,The Last Shadow Puppets,Everything You’ve Come To Expect,112.963,,9,2331,BDMC7ZFS1xg,,,,,
sHe,ZAYN,Mind Of Mine (Deluxe Edition),91.245,,8,2332,L1B0iR4TiY0,,,,,
She (feat. Frank Ocean),"Tyler, The Creator",Goblin,83.375,,8,2333,jeVW1sZ8u0c,,,,,
Shawn vs. Flair,Westside Gunn,Pray for Paris,87.646,,8,2334,NgWEMu0XOpI,,,,,
Shattered Dreams,Earl Sweatshirt,Some Rap Songs,145.254,,11,2335,Xjt0wy-hOfo,,,,,
Shapeshifter,Lorde,Virgin,139.914,,0,2336,0-W6AQ0J1Zc,,,,,
Shaolin Monk Motherfunk,Hiatus Kaiyote,Choose Your Weapon,96.1,,6,2337,igpnRIrmm3o,,,,,
Shangri La,Freddie Gibbs;The Alchemist,Alfredo 2,95.942,3:02,1,2338,68B7XAGcnjY,,,,,
Shame On The Devil,Vince Staples,Dark Times,134.487,,8,2339,iLoI5BQz4JQ,,,,,
SHAKE 88 (feat. Sam Sneak),Denzel Curry,ZUU,181.94,,2,2340,YfG5uAW2n6s,,,,,
Shadowshow,Jerkcurb,Air Con Eden,94.97,,5,2341,f6WV04XYXYA,,,,,
Shadow,Akira Kosemura,In The Dark Woods,154.048,,10,2342,VzOCpjrP78A,,,,,
Shades of Man,Khruangbin,Con Todo El Mundo,82.636,,4,2343,_MYFPQSKzQI,,,,,
Shadayee,The PropheC,Futureproof,73.488,,11,2344,oa1QAaNYWi8,,,,,
Sh*t Sad,ian & Chief Keef,Goodbye Horses,,,,2345,D3S8ZvZ0xNo,,,,,
Sh!t,Future,Sh!t,105.983,4:52,2,2346,owFw-ufk_8o,,,,,
Señorita,Justin Timberlake,Justified,97.964,,1,2347,hsWrBme4cG8,,,,,
Sex n' Drugs (feat. Copper King),Abhi The Nomad;Harrison Sands,Marbled,,,,2348,5OwQW59Ah0M,,,,,
Session Cypher,Xavier Wulf,"Greatest Hits, Pt. 1",109.982,4:59,7,2349,aL4u2_BRjAs,,,,,
Servin,Gucci Mane,Trap God 2,137.992,,1,2350,UBvLS_0kPio,,,,,
Serious,RRoxket,RRoxket,,,,2351,KYnnC6HWKQU,,,,,
SERENDIPITY,WondaGurl & late year,METAL TAIL,,3:02,,2352,mN2XmaRj-BA,,,,,
Seraphims,Princess Nokia,,155.016,,6,2353,oH4GpQFKERs,,,,,
Sept. 16,Kid Cudi,,140.987,,4,2354,EggRxP_kW3o,,,,,
Sephiroth,Father,,125.011,,1,2355,JMRa3Di0v7I,,,,,
Separate And Ever Deadly,The Last Shadow Puppets,,151.776,,11,2356,uPKNrHWnF8E,,,,,
Sent from Above,River Tiber,,69.9,,4,2357,Mdjn9QIfXto,,,,,
SENSITIVE SOUL,EVAN GIIA,,135.98,,1,2358,T8_UL6NRHb8,,,,,
Sensitive,STRFKR,,199.982,,7,2359,Zio-3U1qLOI,,,,,
Sensations (Whethan Remix),Elohim,Sensations (Whethan Remix),,3:52,,2360,l2bT473HfxQ,,,,,
Senorita XXX,Rodrigo y Gabriela,,,,,2361,I6kE1EDaMw8,,,,,
Senorita,Farhan Akhtar | Hrithik Roshan | Abhay Deol | Maria Del Mar Fernandez,,,,,2362,gjEl0_-OFW4,,,,,
Semonun,Tsehaye Yohannes,,176.731,,6,2363,EWSfJ-INTKs,,,,,
Semi on Em,Chief Keef,,134.997,,1,2364,cPQbZDINjYc,,,,,
Sell Out,Rico Nasty,,78.299,,7,2365,iZ-YF42UUpw,,,,,
Selfish,Little Simz,,100.063,,6,2366,jADt4Jpa3_w,,,,,
Selfish,Robb Bank$,,139.819,,11,2367,alexr2q1G04,,,,,
Self Care,Mac Miller,Swimming,141.894,,1,2368,rn4mVQswfNg,,,,,
せかいをとりかえしておくれ,sekaiwotorikaeshiteokure,,,,,2369,J2wAvZfG4xw,,,,,
Seja Como For,Banda do Mar,Banda do Mar,120.011,3:39,0,2370,msleQbbo29E,,,,,
Segue To Infinity,Laraaji,Segue To Infinity,80.435,21:34,11,2371,hqoSyIZLsTM,,,,,
Seeyaanotherday,Point Point,Seeyaanotherday,99.97,3:04,6,2372,i0mI38GPNMo,,,,,
Seeing You This Way,Minnie Riperton,Perfect Angel,127.608,2:44,5,2373,3YqbMJAFM-c,,,,,
Seeing Green,Nicki Minaj,,,,,2374,rHVvaC5owIY,,,,,
Seeing 20,Mel V,Chapolations,,,,2375,D2mFhjoEId8,,,,,
See You Sweat,Injury Reserve,Drive It Like It's Stolen,98.743,3:10,4,2376,rbvf4m7kiLc,,,,,
See Through,Chief Keef,4NEM,140.09,2:30,2,2377,L-kzpYeV2Fs,,,,,
SEE ME NOW!,JELEEL!,SEE ME NOW!,200.028,2:09,7,2378,3jSiiE1Yf7c,,,,,
Secrets,Parekh & Singh,Ocean (Deluxe),75.762,1:53,7,2379,koF5X-6qRQI,,,,,
Secret Xtians,Unknown Mortal Orchestra,II (Deluxe Edition),89.275,2:43,11,2380,W5eWAbiQHNQ,,,,,
Secret Life Of Tigers,N.E.R.D;Pharrell Williams,NO ONE EVER REALLY DIES,135.013,3:45,1,2381,C9gxWs7-D2M,,,,,
Second 2 None,Mura Masa,,89.993,,2,2382,GCIWlZ9W5W8,,,,,
Seasons,6LACK,,141.954,,0,2383,JLPp5tKvB6I,,,,,
Sean-Jared,Paris Texas,MID AIR,127.986,,9,2384,mFPlOV8n3bA,,,,,
Sea of Cloud,Nujabes,Modal Soul,103.55,,2,2385,na81A_tR1Rs,,,,,
sdp interlude,Travis Scott,Birds In The Trap Sing McKnight,108.164,3:11,0,2386,vVXCtDXgfz0,,,,,
Scripture,6LACK,East Atlanta Love Letter,92.18,,4,2387,VWhvA__knsM,,,,,
Scrape,Chelsea Wolfe,Hiss Spun,180.025,,8,2388,w24RZGKB4rs,,,,,
Scorsese Baby Daddy,SZA,SOS Deluxe: LANA,103.991,,4,2389,BySWTFt1KcE,,,,,
Scorpio,Moneybagg Yo,A Gangsta’s Pain: Reloaded,84.983,,1,2390,c5aP4s7HLno,,,,,
Score (feat. 6LACK & SZA),Isaiah Rashad,The House Is Burning,179.767,,11,2391,RC7EY6yla30,,,,,
Scoliosis (with Lil Double 0) (feat. Lil Double 0),Young Thug,Punk,129.965,,2,2392,dEIHW_wx1es,,,,,
Scissor Salad (feat. Nathaniel Sametz & Hanumankind),Till Apes,Scissor Salad,129.984,,4,2393,WVunrpD17wI,,,,,
Schools Out,MEMBA,SAGA-II,178.125,,10,2394,e-njh3R_yus,,,,,
Scent,Colde,Love Part 1,84.019,,2,2395,VRaAXjtgK-E,,,,,
Scatterbrain,Radiohead,Hail To the Thief,126.138,3:21,7,2396,r7mN9BLr4jU,,,,,
Scatter Brain (feat. Ludacris & JID),Conway The Machine,La Maquina,135.987,,1,2397,Er0OeQVbeUs,,,,,
Scary,RRoxket,Red Ranger,,,,2398,KvdQf3QJZDs,,,,,
SCARING THE HOES,JPEGMAFIA;Danny Brown,SCARING THE HOES,133.196,,0,2399,5HlRwXxK3S0,,,,,
Scarface,Freddie Gibbs;Madlib,Piñata,89.581,,11,2400,cuBN0ytFYJ0,,,,,
Scared Money,NxWorries,Yes Lawd!,84.937,2:57,14,2401,CANejd-uKIA,,,,,
Scales (feat. Kelela),Solange;Kelela,A Seat at the Table,97.104,3:39,1,2402,0PuEMSf-kLc,,,,,
SB-09,Unknown Mortal Orchestra,SB-09,138.999,,1,2403,pdZyZYLH5Sg,,,,,
Say You Know,Alina Baraz,It Was Divine,120.275,,9,2404,Lj5iqS4dZwg,,,,,
Say Ya Grace,Lyrical Lemonade;Chief Keef;Lil Yachty,All Is Yellow,,,,2405,sqlDgKosPdo,,,,,
Say What's Real,Drake,So Far Gone,86.157,,8,2406,fuwNaY3gItU,,,,,
Say The Word,Navy Blue,Memoirs In Armour,148.848,,10,2407,0UuRSBngzgQ,,,,,
Say Something,Flying Lotus,Flamagra,177.153,1:15,9,2408,WRYenycZfz4,,,,,
Say Less,Roy Woods,Say Less,93.023,,3,2409,Rnwu_QsLqSU,,,,,
Say It Right,Nelly Furtado,Loose,116.946,3:43,1,2410,7JFtfM9rVvQ,,,,,
Say It Again,H.E.R.,H.E.R.,86.94,2:52,3,2411,cvipBl6K7Vc,,,,,
Savior (Interlude),Kendrick Lamar,Mr. Morale & The Big Steppers,,,,2412,qfEPquKQtrM,,,,,
Savior,Kendrick Lamar;Baby Keem;Sam Dew,Mr. Morale & The Big Steppers,124.84,,8,2413,HMIrpcNtk9E,,,,,
Save Me Pt 2 (feat. Austin Lam),Ski Mask The Slump God,STOKELEY,123.079,,0,2414,KGWFo51CIyQ,,,,,
Savage Nomad,Danny Brown,uknowhatimsayin¿,143.242,,1,2415,MFU_soE49yM,,,,,
Saucy,Polyphia,New Levels New Devils,96.354,,9,2416,sVHBBXf27Yo,,,,,
Saturday Pt. 2,Ty Segall,"""Hello, Hi""",80.212,,10,2417,Ji2KtFlG3yE,,,,,
Satori,Rodrigo y Gabriela,Rodrigo Y Gabriela (Deluxe Edition),,,,2418,__OEWMSj76s,,,,,
Satori (Live),Rodrigo y Gabriela,Rodrigo Y Gabriela (Deluxe Edition),,,,2419,FYE5aAekofg,,,,,
Satisfaction,ZAYN,Icarus Falls,82.452,,0,2420,WEHqFEE8u50,,,,,
Satellite,Harry Styles,Harry's House,138.984,,0,2421,FfBBGDZ4lzk,,,,,
Satellite,Abhi The Nomad;DLG.,Destroyer,140.003,3:03,0,2422,YPiNAazGypc,,,,,
Sassy,Rapsody,Laila’s Wisdom,116.976,,11,2423,cCtKSeDkvBE,,,,,
"Sasquatch (feat. Tyler, The Creator)",Earl Sweatshirt,Doris,80.51,,9,2424,cNnp-7iybSs,,,,,
Sappy (Early Demo),Kurt Cobain,Montage Of Heck: The Home Recordings (Deluxe Soundtrack),,,,2425,AOkRj1pePCY,,,,,
Sappy (2013 Mix),Nirvana,In Utero (Super Deluxe Edition),,,,2426,2xOBth2sAv0,,,,,
SAOKO,ROSALÍA,MOTOMAMI +,99.988,,0,2427,vlBjuqnZKso,,,,,
Sanza Nocturne,Francis Bebey,Late Night Tales: Badbadnotgood,193.559,,7,2428,qcuBPLEzkmA,,,,,
Santé,Stromae,Multitude,138.095,,0,2429,aD7xTzM89Cc,,,,,
Santa Monica,DvDx,The Irreplaceable Now,76.496,2:25,8,2430,w40CsPylHOY,,,,,
Sangria (feat. Denzel Curry),$NOT;Denzel Curry,Beautiful Havoc,100.022,2:06,6,2431,ZteI1PUbzlM,,,,,
SAN MARCOS,BROCKHAMPTON,iridescence,73.965,,0,2432,oIsAP0ifO48,,,,,
San Francisco,YOG$,Universe From Here,109.927,,9,2433,FrzqPUw0T-U,,,,,
Samurai,Lupe Fiasco,Samurai,188.49,,5,2434,r8BR3MqJTJI,,,,,
Samsung Shawty,ICYTWAT,Dior Junts,140.019,,8,2435,AWpD410Hm4k,,,,,
Samson,Brittany Howard,What Now,79.481,,0,2436,X10_lYTqqpU,,,,,
Same Old Song (feat. Juicy J),The Weeknd,Echoes of Silence,109.981,,5,2437,EnCFskCQ_ck,,,,,
Samba Tranquille (Remastered 2022),Thievery Corporation,Mirror Conspiracy (Remastered 2022),,,,2438,j6Ods4uvFDY,,,,,
Sam,2 Chainz,Rap Or Go To The League,133.028,,5,2439,ULFDg7Fyc9k,,,,,
Salvatore,Lana Del Rey,Honeymoon,117.68,,11,2440,GVQON-muEFc,,,,,
Salute (Yes),Tony Shhnow,Out The Woods,156.001,,0,2441,jtibWzsUADU,,,,,
Salt Water,Raveena,Lucid,188.945,,7,2442,iRjBJEQyZAo,,,,,
Sajna (feat. Raashi),The PropheC,Futureproof,169.026,,0,2443,TeGMFAmmQQ4,,,,,
Saint,Blood Orange,Negro Swan,100.803,,5,2444,icxvq61C1Fg,,,,,
SAINT,WondaGurl & Hamzaa,METAL TAIL,,2:33,,2445,OU9Kw_jl96s,,,,,
Sahasam,Mallikarjun,Okkadu,132.016,,1,2446,77lY6nIGdbI,,,,,
Safer,Tyla,TYLA,118.109,,1,2447,l3zudWSXLZ4,,,,,
SAFE SPACE,Justin Bieber;Lil B,SWAG II,130.036,3:14,11,2448,zjm17ZjSEUo,,,,,
SAFE PLACE,Leon Thomas,MUTT,100.905,,0,2449,-gtyNk2-96o,,,,,
SAFARI,"Tyler, The Creator",CALL ME IF YOU GET LOST,80.453,,1,2450,VV_4SMGazk0,,,,,
Sad Organ,Men I Trust,,113.021,,6,2451,UwesLF_g-eE,,,,,
Sacrilegious,ScHoolboy Q,,133.966,,9,2452,YNRawMeyshw,,,,,
SaBu,Westside Gunn,,147.819,,6,2453,SOYlA1Eo3cI,,,,,
Sabir,Dar Disku,,109.992,,9,2454,26kyXC1ozas,,,,,
Sabbath Incantation,Thom Yorke,,89.906,,6,2455,59K5ZTyJ_uQ,,,,,
Sabar Bounce,Timbaland,,97.102,,1,2456,FxuDJUmmNvk,,,,,
Saaqi,Arooj Aftab,,178.915,,11,2457,QZnAzqQ9yAU,,,,,
S&M,Rihanna,,127.975,,1,2458,rCF8BLm6gKA,,,,,
RVD,Westside Gunn,,136.083,,8,2459,sTZTEfQb2vo,,,,,
Ruthless,Freddie Gibbs,,88.658,,8,2460,B6Nt91hWMfo,,,,,
Rushing,Moby,,169.998,,7,2461,Zs8FFLGS_rk,,,,,
Rush Hour,Tony Shhnow,,140.311,,4,2462,3b7Yd-Cm3x8,,,,,
Running Up That Hill (A Deal With God),Kate Bush,,,,,2463,HYwNM1t9ltI,,,,,
Running Up That Hill,Brothel,,81.922,,4,2464,LfPu975yAX8,,,,,
Running Up That Hill,Chromatics,Night Drive,101.381,6:06,0,2465,e5ix5FpQrJA,,,,,
Runner,A$AP Mob,,130.063,,8,2466,AR76V7C24mo,,,,,
Runner,Chief Keef,,140.16,,10,2467,V4RBuFIZTN0,,,,,
Runner,Alex G,God Save The Animals,108.979,,11,2468,zuidwyNK2Co,,,,,
Runaway,Kanye West;Pusha T,My Beautiful Dark Twisted Fantasy,84.733,9:07,1,2469,VhEoCOWUtcU,,,,,
Run of the Mill,George Harrison,All Things Must Pass,,2:52,,2470,1Ww5CDrVxmo,,,,,
Run It!,Chris Brown,,100.969,,1,2471,RVjIcgmKTic,,,,,
RUN,"Tyler, The Creator",,146.083,,17,2472,8XjvfD_FwYA,,,,,
Run & Hide,Nicki Minaj,Queen,173.886,2:34,4,2473,a5cyS2mD4dU,,,,,
Run,Vampire Weekend,Contra,113.483,3:52,2,2474,r5jWxKSN_sU,,,,,
RUN,Abhi The Nomad,RUN,93.09,2:46,10,2475,-DeOCEQdUPk,,,,,
Rules,Khruangbin,Con Todo El Mundo,74.014,4:29,7,2476,YNdM7mSK0Js,,,,,
Rule The World,2 Chainz,,88.061,,8,2477,7l0b63nBE0E,,,,,
Ruff Ryders' Anthem,DMX,It's Dark And Hell Is Hot,90.993,3:34,10,2478,FePSbDfx_co,,,,,
Ruby Cumulous,Rx Bandits,"Gemini, Her Majesty",180.257,4:51,8,2479,ofwrR5tJpOc,,,,,
Roy,Paul Bender,How To Forget,103.97,4:21,1,2480,8MsxTq9Ddag,,,,,
Routine,Medhane,Routine,156.159,1:26,6,2481,Kryyn7bgDM8,,,,,
Rounds,Spillage Village,,169.903,,1,2482,X5sWqlynJmg,,,,,
Round 3 Times,DJ.Fresh;Curren$y,The Tonite Show With Curren$y,85.98,2:53,5,2483,Gpe6bNJdtF0,,,,,
Rotation 112th,Jay Rock,Redemption,175.903,,10,2484,yyWxTggWbDg,,,,,
Roses,Kanye West,Late Registration,97.702,,3,2485,Qxlnb1lEdEs,,,,,
Rose-Colored Boy,Paramore,After Laughter,114.997,,5,2486,tpAMJ_yzltU,,,,,
Rose Water,Hiatus Kaiyote,Mood Valiant,121.897,,0,2487,TicoYW6YYN8,,,,,
ROSE STREET,Vince Staples,RAMONA PARK BROKE MY HEART,89.22,,1,2488,Hkqa8Nvsxyo,,,,,
Rosa Parks,Outkast,Aquemini,103.89,,6,2489,oGT9W_Hqzrk,,,,,
Room in Here (feat. The Game & Sonyae Elise),Anderson .Paak,Malibu,86.985,,6,2490,wkMJMZTQ2MY,,,,,
Rooftops (feat. Curren$y),Wiz Khalifa,Rolling Papers,87.02,,9,2491,lyE2FvDFCWg,,,,,
Roof Gone,Taylor Bennett,Restoration of an American Idol,163.922,,9,2492,oZM4rXMORSU,,,,,
Roobaroo (Sunshine Mix),A.R. Rahman;DJ Lloyd;Rehab,Perfect 10: AR Rahman - The Spirit of Music,,,,2493,3E9o8vV48K4,,,,,
Ronnie Drake (feat. SZA),Isaiah Rashad,Cilvia Demo,154.335,,8,2494,5yYq5Z78yrE,,,,,
Ronda,Christian Löffler,Ronda,119.994,,3,2495,6ttBTRounbc,,,,,
rom com 2004,Soccer Mommy,Rom Com 2004,89.911,,9,2496,A6vWP7debfo,,,,,
Rolling Dice,Ju and Mi,Rolling Dice,,,,2497,qbWYWRaE9Ug,,,,,
Rollinem 7's,N.E.R.D;André 3000,NO ONE EVER REALLY DIES,200.038,,0,2498,V_YfPj1sxH4,,,,,
Rollin Around,Jaden,The Sunset Tapes: A Cool Tape Story,183.849,,5,2499,EicYTXJ6BrI,,,,,
RollAnotha1,Tony Shhnow,Out The Woods,138.056,,10,2500,MGQDVc2xuXw,,,,,
Rody Alaya (feat. Salwa Abd El Wahab),Hamid El Shaeri,Einy,,,,2501,SxobQRTXgjo,,,,,
rockwithmenow.,Bsterthegawd;J.Robb,rockwithmenow.,82.712,1:52,1,2502,LDVUBat1p6s,,,,,
ROCKSTAR P,Baby Keem,DIE FOR MY BITCH,100.017,,11,2503,n_x8u_CVvjs,,,,,
Rockstar (Solo Version),Abhi The Nomad,Abhi vs The Universe,135.968,,9,2504,cS1jCRn8Fmk,,,,,
Rockstar,Abhi The Nomad;Kota The Friend,Rockstar / Good Luck,135.97,,2,2505,vNrBkSOWQjI,,,,,
Rockstar,N.E.R.D.,In Search Of...,,,,2506,tpjEwDPrn2Q,,,,,
Rock N Roll,Mos Def,Black On Both Sides,96.943,,11,2507,Py3EpE4dE7s,,,,,
ロックンロールは死なない with 突然少年 - rock 'n' roll wa shinanai with totsuzenshounen,Haru Nemuri,harutosyura,,,,2508,Zn96WsZFqTI,,,,,
Robson Girl,Mac DeMarco,2,,,,2509,AKfCB-d_Dcw,,,,,
Roasted (feat. Trademark & Young Roddy),Curren$y;Trademark Da Skydiver;Young Roddy,Pilot Talk: Trilogy,155.474,4:25,1,2510,l3iHZhxJa7s,,,,,
Roadside Flowers,Winter Hours,Winter Hours,,,,2511,x0GTFwTFrAA,,,,,
Road Rage,Young Thug,Punk,78.584,,1,2512,soF2ja-sSg4,,,,,
Riverside,Soft Glas,Orange Earth,96.077,,0,2513,haRa9aa81IA,,,,,
Risotto,Father,"Come Outside, We Not Gone Jump You",155.009,2:19,16,2514,JGjmQGc6q1U,,,,,
rises the moon,Liana Flores,recently,137.35,2:41,5,2515,5e1zT7miep8,,,,,
Rise to the Sun,Alabama Shakes,Boys & Girls,125.889,,7,2516,GtMMmIuzCjo,,,,,
RISE,Machinedrum;ROZET,RISE,164.112,,9,2517,nWKiN_oYLd8,,,,,
Rip Kevin Miller (Live) - Spotify Ten Version,Isaiah Rashad,Cilvia Demo - Spotify Ten - 10th Anniversary Series,135.867,,0,2518,gs75eHY-KDc,,,,,
RIP,LUCKI,GEMINI!,125.949,,5,2519,uTPOtPC0iY4,,,,,
Riot,Childish Gambino,"""Awaken, My Love!""",91.316,,5,2520,Moz7NFKT13Q,,,,,
Ring Ring (feat. Big Body Bes),Action Bronson,White Bronco,139.676,,5,2521,bvkMeVzoRfQ,,,,,
Ring A Bell,Death Grips,Bottomless Pit,107.038,,6,2522,UV0qazXd8bc,,,,,
Ring (feat. Kehlani),Cardi B,Invasion of Privacy,106.029,,1,2523,Bl6_Z_VIKF8,,,,,
Right Thing to Do,SBTRKT;Jessie Ware,SBTRKT,134.986,3:22,7,2524,JE5hev2lWLQ,,,,,
Right There,Anderson .Paak,Venice,,,,2525,mo2uYkbnZs4,,,,,
Right Side of My Neck,Faye Webster,Atlanta Millionaires Club,117.039,,1,2526,TbJ1U5qo_pY,,,,,
Right For Me,Justin Timberlake,Justified,99.882,,1,2527,h37ukbkn0vk,,,,,
Ridin’ (feat. GQ),Rapsody,Laila’s Wisdom,79.478,,8,2528,LC2m2kvoAyE,,,,,
RIDE THE WAVE!,JELEEL!,REAL RAW!,139.964,,10,2529,0sW5G3ijAvA,,,,,
Ride Out (feat. Vince Staples),ScHoolboy Q,Blank Face LP,72.017,,3,2530,zAYn_Z2MRyc,,,,,
Ricky Millions (feat. Drea Smith),Smino,blkswn,110.775,,1,2531,XAT2u49Evzs,,,,,
RICKY,Denzel Curry,ZUU,169.03,,9,2532,tT6yOIXfxVI,,,,,
Richies,Westside Gunn,Hitler Wears Hermes 8: Side B,78.384,,1,2533,xcRPX0VADRs,,,,,
Rich Sex (feat. Lil Wayne),Nicki Minaj,Queen,146.97,,9,2534,cAp-AGyjR30,,,,,
Rich Nigga Problems,A$AP Rocky,Judas and the Black Messiah: The Inspired Album,74.861,,5,2535,rWxDUQMhm3g,,,,,
Rich Man,Vampire Weekend,Father of the Bride,176.12,,9,2536,95LCCUfpG5s,,,,,
Rich Kids (feat. Yvette Young),Polyphia,New Levels New Devils,174.982,,6,2537,mlT6ZGbO1Uw,,,,,
Rich Baby Daddy (feat. Sexyy Red & SZA),Drake,For All The Dogs,146.009,,2,2538,Jo9sOqzoBHI,,,,,
Rich $ex,Future,DS2 (Deluxe),111.896,,6,2539,snJgyMeaYP0,,,,,
Rhythm Nation,Janet Jackson,Rhythm Nation 1814,109.116,,1,2540,qC5GqbCtxbM,,,,,
Revenge,XXXTENTACION,17,139.999,,11,2541,3CJsqGa1ltM,,,,,
"Return of the ""G""",Outkast,Aquemini,73.427,4:49,2,2542,zlYWpMPsD4k,,,,,
Retrograde,James Blake,Overgrown,77.503,,7,2543,4texipD7faM,,,,,
Retro (Rough),Childish Gambino,Kauai,110.061,,5,2544,rBEvLL8ghsw,,,,,
Retreat!,Crumb,Ice Melt,127.172,,10,2545,jsSiqLKvPsI,,,,,
Restless (feat. Harini Iyer & Praveen Sparsh),Jatayu,Restless (feat. Harini Iyer & Praveen Sparsh),145.039,4:48,15,2546,SsZoO20PNHI,,,,,
RESPEK (feat. Topaz Jones & Ezri),Machinedrum,3FOR82,136.029,,8,2547,tKVqh_sHxaA,,,,,
Resonance,Akira Kosemura,In The Dark Woods,96.299,,9,2548,K0y7fi4KBQc,,,,,
Resonance,Home,Odyssey,,,,2549,aBhrEv5Z7uc,,,,,
Resilience,April + VISTA,,143.809,,9,2550,bvLCn7C8qSs,,,,,
Residual Effects,Alex Wiley,,115.993,,8,2551,cMeID61BeqE,,,,,
RENIEGO (Cap.5: Lamento),ROSALÍA,,,,,2552,G0rPjW6xXFA,,,,,
Renegade,RL Grime,,146.033,,7,2553,yb8LaJua3bw,,,,,
Renaissance (Main Title Theme) [Extended Version] [from “The White Lotus: Season 2”],Cristobal Tapia De Veer,,,,,2554,KEzIWjx62ls,,,,,
Reminiscing (feat. Jay Critch),MIKE;Tony Seltzer;Jay Critch,Pinball,127.045,1:49,9,2555,-0GwK4RJNU0,,,,,
Remind U,Flying Lotus,,146.034,,0,2556,kwOKyuZFE0U,,,,,
Remember When,Wallows,,82.009,,11,2557,ZOflgedxOSE,,,,,
Remember My Name,Mitski,,203.972,,11,2558,MjJy9GL66Ek,,,,,
Remember Me,UMI,,111.994,,5,2559,LFWPotfn9Qo,,,,,
Remember,BAYNK,,118.03,,8,2560,FZPSpHS8wSY,,,,,
Remember,Smerz,,144.905,,5,2561,lSKddcTtm5o,,,,,
Remedy (Extended Mix),Durante,,,,,2562,Z4tv5Zt4rQg,,,,,
Remedy,N3buland,,,,,2563,ow_7diFZ8y8,,,,,
Remain,Jay Som,,110.505,,2,2564,I4kObHzkI90,,,,,
Relay,Vince Staples,FM!,160.024,2:17,2,2565,QuXjVPF_H-g,,,,,
Relative,Rico Nasty,,178.222,,2,2566,ugV9_o9GWcw,,,,,
Rehab,Amy Winehouse,Back To Black,71.515,,0,2567,t2TKqJ2FXGM,,,,,
Regret,Fiona Apple,The Idler Wheel Is Wiser Than the Driver of the Screw and Whipping Cords Will Serve You More Than Ropes Will Ever Do,146.96,5:16,0,2568,9W9Un3rIzns,,,,,
reflection eternal,Nujabes,Modal Soul,93.966,4:17,2,2569,GLGM8fxL020,,,,,
Redemption,Drake,Views,119.906,5:33,0,2570,I0xiIGuRMZc,,,,,
Red Spot Sun,klark sound,What Is Music,122.755,3:16,4,2571,1SjIceCrGYQ,,,,,
Red Room (Nick Hakim Remix),Hiatus Kaiyote,,144.707,,9,2572,xHwpi4PzpsY,,,,,
Red Room,Offset,FATHER OF 4,112.347,4:01,7,2573,CG8BwtArPLM,,,,,
Red Nose,Sage The Gemini,Remember Me,194.893,3:13,11,2574,wcwbUFkb8ec,,,,,
Red Leather,Future;Metro Boomin;J. Cole,WE STILL DON'T TRUST YOU,170.047,6:54,6,2575,OErkX-4PXG0,,,,,
Red Eye,Justin Bieber,,96.033,,5,2576,CkmdEl1LZi4,,,,,
Red Eye,Kid Cudi;HAIM,Indicud,96.134,3:54,11,2577,XL6E8wJXUPY,,,,,
Red Chilli,Diljit Dosanjh,Drive Thru,88.004,2:32,10,2578,c10e_Wyw0K0,,,,,
Red (Taylor's Version),Taylor Swift,Red (Taylor's Version),125.047,3:43,1,2579,fnI07MzNWzA,,,,,
Records,MPH,Refraction,127.99,4:30,10,2580,XAvkQoo3DJE,,,,,
Recollections of the wraith,Shabazz Palaces,Black Up,179.884,3:35,1,2581,j7AVvRA1_NQ,,,,,
Reborn To Rebel,Ski Mask The Slump God,STOKELEY,94.98,,8,2582,E_Xp9nPesgc,,,,,
Reborn,KIDS SEE GHOSTS,KIDS SEE GHOSTS,100.051,,0,2583,hQC8COGQ4BM,,,,,
Reasons,Minnie Riperton,Perfect Angel,84.132,,6,2584,XFvFgE1NOaI,,,,,
Reason (Jarreau Vandal Remix),PinkPantheress,to hell with it (Remixes),,,,2585,kAngm99hrS0,,,,,
Reason,The PropheC,The Season,170.018,,11,2586,pmi483Kxytg,,,,,
Freddie Gordy,Freddie Gibbs,Shadow of a Doubt,,,,2587,RYbq3a3Q9r8,,,,,
rEaR vIeW,ZAYN,Mind Of Mine (Deluxe Edition),95.988,,9,2588,ylQvcquQJV8,,,,,
Reality Check (feat. Eryn Allen Kane & Akenya),Noname,Telefone,95.014,,6,2589,bBYbGyRYS2o,,,,,
Real Love,Beach House,Teen Dream,99.526,,5,2590,d8T9UDkxS1A,,,,,
Real in My Veins (feat. T-Shyne),Young Thug,On the Rvn,162.023,,5,2591,f5XNqhcGuQc,,,,,
Real Hips 2,DJ Sliink;Bandmanrill;Defiant Presents,Real Hips 2,150.132,2:11,11,2592,TrcgS7XcNX4,,,,,
Real Friends,Kanye West,The Life Of Pablo,81.396,,6,2593,fWD9GF-Ogf4,,,,,
Real (feat. Sarah Green),Lupe Fiasco,Lupe Fiasco's Food & Liquor,140.698,,11,2594,gA2C_B788jI,,,,,
Real (feat. Anna Wise),Kendrick Lamar,"good kid, m.A.A.d. city",100.049,,1,2595,msVAOh8h2oQ,,,,,
READY TO COOK UP,Future,MIXTAPE PLUTO,131.995,,2,2596,CIJYs_hQtNk,,,,,
Ready err Not (Instrumental),Flying Lotus,You're Dead! (Instrumentals),,,,2597,ZIxojdBcpWs,,,,,
Ready err Not,Flying Lotus,You're Dead!,181.63,1:45,6,2598,5DYe6UP7dfA,,,,,
Reachin' 2 Much (feat. Lalah Hathaway),Anderson .Paak,Ventura,120.367,,4,2599,_2NzCWKcPaA,,,,,
Ray Mysterio (feat. Westside Gunn & Conway),The Alchemist,Bread,132.135,,1,2600,o9dXVzM0W1c,,,,,
Rawnald Gregory Erickson the Second,STRFKR,Starfucker,95.508,2:53,7,2601,Du8viWKWEvM,,,,,
Raw Youth Collage,Mura Masa,R.Y.C,160.017,,8,2602,Dd3MsbtmjrU,,,,,
raw beat (Unfinished),Jai Paul,Leak 04-13 (Bait Ones),,,,2603,M6eH21XEF14,,,,,
Raw (Might Just),Young Thug,Slime Season 2,140.135,,9,2604,lKO_jG9F0ig,,,,,
Rather Be,H.E.R.,H.E.R.,95.05,,8,2605,2zMkf3rKXGc,,,,,
fAWK,ATTNWH0RE;Vayda;KARRAHBOOO,SOUND BOY KILLING,,,,2606,Hu3QN7QfD7s,,,,,
RATCHET SATURN GIRL,Aminé,ONEPOINTFIVE,39.497,,3,2607,n3MO3qmGwMg,,,,,
Rasiganae,Ilayaraaja,Hits Of Ilaiyaraaja - Vol-1,,,,2608,mTKCjwm4ZBo,,,,,
Rare Pleasure III,Mndsgn,Rare Pleasure,119.99,,8,2609,QS5KYUMYYZg,,,,,
Rapha,Prabh Deep & Scuti,DSP,,,,2610,zv-sUXLiaUE,,,,,
Rap Song Tutorial,Injury Reserve,Injury Reserve,122.799,,1,2611,c7THblrM53Q,,,,,
Rap Saved Me (feat. 21 Savage),21 Savage;Offset;Metro Boomin,Without Warning,143.049,,1,2612,r_MM3Tw2OCE,,,,,
Randomly,Lucki,Days B4 III,129.995,,2,2613,rlpFnAdbBhY,,,,,
Ramamrit Pad Pawan Wani,Anuradha Paudwal,Amritwani,,,,2614,r5elGF980is,,,,,
Rakata,Arca,KICK ii,93.963,,5,2615,CHk7IiUUYK8,,,,,
Rainyway Back Home,Nujabes,Spiritual State,92.011,,0,2616,4SLzapprewM,,,,,
Raining In Brooklyn,FearDorian,FearDorian,140.042,,6,2617,8vM5ex4R_vI,,,,,
raindrops (an angel cried),Ariana Grande,Sweetener,168.685,,1,2618,7STUG6zmpfI,,,,,
Raindrop in My Skull,of Montreal,Lousy with Sylvianbriar,203.999,,5,2619,2k5U3I77NBY,,,,,
Rainbow Rhodes,Hiatus Kaiyote,Tawk Tomahawk,90.085,,5,2620,YED6yBOx1eg,,,,,
Rainbo Conversation,Stereolab,The Studio Album Collection 1992-2004,94.914,,4,2621,d976bDTqwmI,,,,,
Rainberry,ZAYN,Icarus Falls,91.966,,7,2622,c8I6uG3aQk8,,,,,
Rain (feat. Vince Staples),Mac Miller;Vince Staples,Faces,177.462,2:33,13,2623,Z9GpnyBoDZU,,,,,
Rain,Benji.;Spillage Village,"Smile, You're Alive!",102.035,,9,2624,5n1bzE3dVms,,,,,
Rage,VIC MENSA,The Autobiography,149.952,,1,2625,36SvCyOnZC8,,,,,
RAGASIYAMAAI,"HARIHARAN, RAMANATHAN & Sadhana Sargam",DUMM DUMM DUMM,,5:04,,2626,nr7NMvuoCKI,,,,,
Race for the Prize (Mokran Mix) (Mokran Mix; 2017 Remaster),The Flaming Lips,The Soft Bulletin,,,,2627,ziSEJeTPfyU,,,,,
Race for the Prize,The Flaming Lips,The Soft Bulletin,,,,2628,MBH-169OHNg,,,,,
Rabbot Ho,Thundercat,Drunk,112.188,,6,2629,4d6yu4cfmA4,,,,,
Rabbit Island,Freddie Gibbs,You Only Die 1nce,80.02,,10,2630,ZZwSg2iPXe8,,,,,
R.O.T.C (Interlude) (feat. Bj The Chicago Kid),Kendrick Lamar,Overly Dedicated,98.405,,6,2631,fDbt68AYFFg,,,,,
R.I.P. (feat. Trippie Redd),Joji,BALLADS 1,99.284,,11,2632,jEBCckXVdos,,,,,
QWERTY Interlude,Injury Reserve,Injury Reserve,74.931,,8,2633,LqDceNptk4s,,,,,
"Quizas, Quizas, Quizas (Perhaps, Perhaps, Perhaps)",Nat King Cole,Cole Espanol,110.43,,2,2634,x2IYc576nbo,,,,,
Quintana Pt. 2,Travis Scott,DAYS BEFORE RODEO,116.066,,9,2635,OEbMKHE6i1I,,,,,
Quiet Storm,Sid Sriram,Sidharth,111.955,,3,2636,Z6FJjYHO1VI,,,,,
Quiet Moves,Katie Melua,Love & Money,86.968,,1,2637,2zP50t13F0U,,,,,
Quiet (feat. Odile),Men I Trust,Headroom,115.98,3:25,11,2638,f8vI7Vcw6zU,,,,,
Queer Bot,STRFKR,Vault Vol. 2,179.975,,5,2639,p809UWxcxaY,,,,,
"Quarterback (feat. Quavo, Offset & PeeWee Longway)",Young Thug,Slime Season,128.958,,0,2640,oIp0fc-EtRg,,,,,
Pyro (leak 2019),Denzel Curry;Kenny Beats,UNLOCKED,86.426,,6,2641,VlnyAGV7IfI,,,,,
Pyramid of Health,Viagra Boys,viagr aboys (Japanese Deluxe Edition),88.008,,5,2642,8W8QfPN68-k,,,,,
Pygmy,Flying Lotus,Flamagra,91.015,,6,2643,TqCZXMmTlps,,,,,
Puzzles,Unknown Mortal Orchestra,Multi-Love,204.515,,4,2644,0__SqnON_54,,,,,
Puttin It Down (Acoustic Version),Unknown Mortal Orchestra,II (10 Year Anniversary Edition),,,,2645,RuxqLD-540A,,,,,
Put Me Thru,Anderson .Paak,Malibu,107.978,2:40,5,2646,lWJJ5STYZng,,,,,
Pussy & Millions (feat. Travis Scott),Drake;21 Savage;Travis Scott,Her Loss,122.09,4:02,4,2647,4fS2j9twl7E,,,,,
Pusher,alt-J,This Is All Yours,114.685,,2,2648,ByrJUpdvyB4,,,,,
Pursuit Of Happiness (Nightmare),Kid Cudi,,115.275,,0,2649,pXcHkhKi94k,,,,,
Purple Swag (Remix),A$AP Rocky,,,,,2650,wKZ1uecgdpo,,,,,
Purple and Black,STRFKR,,116.971,,5,2651,ppiTNWE43AA,,,,,
PUPPET,"Tyler, The Creator",,77.572,,8,2652,OZzfUagtyPE,,,,,
Punjabi Munde (feat. Pataka Boys),"PAV4N, Sonnyjim, Kartik, and Sikander Kahlon",Thugs From Amritsar,,3:44,,2653,G4igWe7FLg8,,,,,
Punishment,Mac DeMarco,Guitar,144.315,2:00,1,2654,TOXG_giTHzI,,,,,
Pump Fake,Ethereal,,129.954,,6,2655,VXcEF8WZqls,,,,,
"Puerto Cabezas, NI",Lewis Del Mar,,143.995,,5,2656,2MCw21VR0T0,,,,,
Pudgy,Smino,,,,,2657,n-KKDHWyJO8,,,,,
Puddle,Chon,,90.008,,8,2658,UHzpLj1hmTk,,,,,
Pub Sub,Soft Glas,,131.638,,0,2659,9kys0h4R7Q8,,,,,
Psilocybin (Love In Full Effect),Jhené Aiko,,121.499,,8,2660,0q71lJ-C5Tk,,,,,
Provide 4 U,BIGBABYGUCCI,,85.986,,7,2661,FfU725aj0AU,,,,,
Prove It To You,Brittany Howard,,129.861,,1,2662,WfE8RNLTOF8,,,,,
PROUD OF ME,BNYX®,,126.056,,1,2663,ZDHTlr9CkUs,,,,,
Protector (Instrumental),Flying Lotus,,,,,2664,NJ-h2PRyrSs,,,,,
Prosper,Dave East,,80.932,,1,2665,xQISiPNLq1A,,,,,
Propaganda (Acoustic),Muse,Simulation Theory (Super Deluxe),95.009,,2,2666,huyLGR531EU,,,,,
Propaganda,Muse,Simulation Theory (Super Deluxe),95.024,3:00,2,2667,jpemBbdkXkg,,,,,
PROM/KING,Saba,,83.208,,13,2668,ntEbkWcWAJw,,,,,
profundo/superficial,O Terno,,,,,2669,mXYdwoBF-9g,,,,,
produk 29 [101],Aphex Twin,Syro,101.005,5:03,1,2670,pOPZQHP8FS4,,,,,
Producer Gotta Draco,Tony Shhnow;10kdunkin,Rp's & Plan B's,107.954,2:40,1,2671,WvZiGxkTqYo,,,,,
Procida I,Núria Graham,Cyclamen,89.716,1:09,2,2672,UM3cNCieAxo,,,,,
Process,Kim Ximya X D. Sanders,,,,,2673,4a7qNoyW5mY,,,,,
Problems,Lil Wayne,Tha Carter V,140.002,3:28,2,2674,Nfsm3EajFFI,,,,,
PROBLEMATIC,¥$;Kanye West;Ty Dolla $ign,VULTURES 1,154.705,3:14,4,2675,xcprkHw4cd8,,,,,
"problem (feat. Laila!, Fabolous, Big Sean & Kenzo B)",Cash Cobain;Laila!,PLAY CASH COBAIN,,,,2676,dGKNv-FrmEA,,,,,
Private,The Neighbourhood,Private,123.977,3:49,2,2677,tWj0K7OaXTg,,,,,
Priorities,Tyla,TYLA,115.031,3:16,1,2678,3T922i_wa_s,,,,,
Princess Cuts,Headie One,,101.174,,1,2679,YT5VAcbcZLY,,,,,
Prince Minikid,Hiatus Kaiyote,Choose Your Weapon,132.837,2:49,11,2680,UJy57prNn-c,,,,,
Prima Donna,Vince Staples;A$AP Rocky,Prima Donna,154.028,3:30,11,2681,bJc3szXsy5s,,,,,
Pretty When You Cry,Lana Del Rey,Ultraviolence,109.436,,10,2682,2CSWw2OVxio,,,,,
Pretty Thoughts,Galimatias;Alina Baraz,Urban Flora,59.05,,9,2683,wVbpLckU5z4,,,,,
Pretty Little Fears (feat. J. Cole),6LACK,East Atlanta Love Letter,192.099,,9,2684,Dc6oL8fwSZU,,,,,
Pretty Little Birds (feat. Isaiah Rashad),SZA,Ctrl,89.667,,1,2685,iIGet4m5pt8,,,,,
PRETTY,Baro,Just Problems You Need To Know,121.929,2:11,1,2686,4g3MMxYm0gM,,,,,
Pressure (feat. UCLA Bruin Marching Band),Muse,Simulation Theory (Super Deluxe),136.041,,11,2687,CYruyYsn-JU,,,,,
Pressure (feat. Jay-Z),Lupe Fiasco,Lupe Fiasco's Food & Liquor,166.863,,9,2688,wMAVYShWkPU,,,,,
Pressure (feat. Dylan Montayne & Shota Lodi),Abhi The Nomad,Marbled,,,,2689,LZm0SzmDy7E,,,,,
Pressure,Muse,Simulation Theory (Super Deluxe),136.041,,11,2690,8LMyZ7XMrtk,,,,,
Pressure (feat. Lo Artiz & Julia Zivic),CARRTOONS,Homegrown,83.082,,6,2691,Tc2L4kdfwao,,,,,
Pressure,Tony Shhnow,Da World Is Ours 3,72.91,2:14,9,2692,Ai-PaKPa0-o,,,,,
Pressure,FearDorian,Leaving Home,74.977,,2,2693,yv0l1lGyERw,,,,,
Pressure,Weston Estate,SUPERBLOOM,89.903,2:16,3,2694,BUkCqBJCV-w,,,,,
Press Reset,Curren$y;DJ.Fresh,The Tonite Show The Sequel,91.688,,6,2695,qKmXUE4Wvmg,,,,,
PRESS + DELETE,$NOT,PRESS + DELETE,,,,2696,oi-zhRBst_Q,,,,,
President Carter,Lil Wayne,Tha Carter IV,79.799,,2,2697,l_pJe2BBTn0,,,,,
Present Tense,Radiohead,A Moon Shaped Pool,91.91,5:06,1,2698,kPAZV8y4B44,,,,,
Prep-School Gangsters,Vampire Weekend,Only God Was Above Us,121.105,,10,2699,G82Z_GNgkGw,,,,,
Prema Muditha (feat. Shabaka Hutchings),Ganavya,Prema Muditha,172.414,,11,2700,cXGPHyfFrFY,,,,,
Preface,FKA twigs,LP1,110.451,,1,2701,EOGMsDnoOdo,,,,,
PRECIOUS THINGS (feat. Nayirah),Lupe Fiasco,Drill Music in Zion,128.233,,4,2702,9aTRh8Om1Uo,,,,,
Pre's,MPH,Substance,134.984,2:52,11,2703,_u98wO2JGkU,,,,,
Pre (feat. SK La' Flare),Earl Sweatshirt,Doris,99.957,,9,2704,YJTRWNEDATE,,,,,
Prayers ii,Teebs,Anicca,172.285,,6,2705,BOGL-YjGBmY,,,,,
Prayer Song (feat. Adam Ness),Noname,Room 25,112.357,,9,2706,ST3N9-9YKbs,,,,,
Prayer,Nujabes,Spiritual State,92.962,,8,2707,dxEvXdR5-Oc,,,,,
Prayed Up,JayBaloo,Prayed Up,152.058,,9,2708,sPJFb-y8xHo,,,,,
Pravda,Vampire Weekend,Only God Was Above Us,100.037,4:11,9,2709,fqMS_NDxtfg,,,,,
Praise God,Kanye West,Donda,118.029,,1,2710,fc8-lG6Wnus,,,,,
prada dem (feat. Offset),Gunna,One of Wun,122.024,,1,2711,JfdcNhwXrXU,,,,,
prada,Vayda;Pablo Skywalkin,VAYTRIX RELOADED,139.882,,9,2712,VHnH5ePI784,,,,,
pra sempre será,O Terno,<atrás/além>,75.662,,11,2713,6lkv7Y4o5z4,,,,,
PPA,Rodrigo y Gabriela,Rodrigo Y Gabriela (Deluxe Edition),,,,2714,kzA-OqTD0cU,,,,,
Power Trip,Yeat,2093 (P2),140.037,,5,2715,zXaON0cFFMk,,,,,
Power On,James Blake,Assume Form,92.489,4:06,2,2716,KA2c5X9sj3A,,,,,
POWER,Kanye West,My Beautiful Dark Twisted Fantasy,153.993,,0,2717,k8JflBNovLE,,,,,
Power (feat. Kendrick Lamar & Lance Skiiiwalker),Rapsody,Laila’s Wisdom,81.309,,4,2718,TZsmRmdtVUE,,,,,
Power,Little Simz,Drop 7,183.827,,7,2719,KI-NXjbN5vs,,,,,
Poundz,Brent Faiyaz,Lost,84.405,,0,2720,k5scSsVLJ5I,,,,,
Pound In The Sky,DJ.Fresh;Curren$y,The Tonite Show With Curren$y,165.988,,10,2721,OobCeafujGk,,,,,
Pound Cake / Paris Morton Music 2 (feat. JAŸ-Z),Drake,Nothing Was The Same (Deluxe),164.289,,2,2722,Qz3LK267YVI,,,,,
Potion,Chon,Newborn Sun,131.902,,4,2723,l1C5X10QEh8,,,,,
Posted,Yung Bans,Yung Bans Vol. 5,142.839,,9,2724,A36T53oJS6Y,,,,,
Post Requisite,Flying Lotus,Flamagra,85.403,,10,2725,9oeeWljIEvU,,,,,
Portraits of Feeling,klark sound,What Is Music,96.016,,6,2726,6VRpYPnn3uA,,,,,
Popular (From The Idol Vol. 1 (Music from the HBO Original Series)) (feat. Playboi Carti),The Weeknd;Madonna,Popular (From The Idol Vol. 1 (Music from the HBO Original Series)),,,,2727,KMZYqDKsKIc,,,,,
Poppin' Tags,Future,FUTURE,147.076,,2,2728,2GD0r4DtP44,,,,,
Pop Thieves (Make It Feel Good) (feat. Jaden Smith),Childish Gambino,Kauai,105.069,5:10,7,2729,RmT-wauoyPI,,,,,
Pop Style,Drake,Views,133.054,,7,2730,3UDAUIMUPfc,,,,,
Pop Song,STRFKR,Starfucker,179.854,,5,2731,Za3x4QGWJos,,,,,
Pop Another,Maxo Kream,Punken,115.025,,1,2732,8z-afhaPe5Q,,,,,
Pop (feat. Rico Nasty),ScHoolboy Q,BLUE LIPS,140.358,,0,2733,DfP5tOH-QMg,,,,,
Chemboove Poove (Lofi Flip),"Chris Wayne, Jimmy Godrick, Ilaiyaraaja, M.G. Sreekumar, and K.S. Chithra",Chemboove Poove (Lofi Flip),,,,2734,T6mNJRlqCBA,,,,,
Pool,Still Woozy;Remi Wolf,Pool,100.046,,0,2735,a8-eejW5qns,,,,,
Pool (feat. PNDRN),Tony Shhnow,Out The Woods,81.997,,9,2736,5cKALAj5uYU,,,,,
Pon di Plaza,Yussef Dayes;Chronixx,Black Classical Music,100.09,3:49,4,2737,SAQJmUjFwHw,,,,,
Polynesian,Smino,Polynesian,127.988,,1,2738,PFntZgKUUcU,,,,,
Polyester City,Galimatias,20 Second Century,120.046,2:40,6,2739,Xaqxh9T-CZM,,,,,
Poke (feat. Steve G Lover),Childish Gambino,Kauai,150.103,,11,2740,Y_3lR3-ZQf4,,,,,
Poison,Brent Faiyaz,A.M. Paradox,117.489,,2,2741,O8CKxlmkZtw,,,,,
POINT ME TO IT,Concrete Boys;Lil Yachty;Camo!,It's Us Vol. 1,141.647,,8,2742,tMot32B1leM,,,,,
Pode Ser,Banda do Mar,Banda do Mar,200.24,,2,2743,7MZL8SlLsXo,,,,,
Pockets Full (feat. Freeway),Skyzoo,A Dream Deferred,88.942,,1,2744,84gZZ8e2_xg,,,,,
PLUTOSKI,Future,MIXTAPE PLUTO,120.011,,9,2745,On38MSonnfg,,,,,
Please Do Not Lean (Bonus) (feat. BADBADNOTGOOD),Daniel Caesar,NEVER ENOUGH (Bonus Version),,,,2746,M12Vsjkw-Xs,,,,,
Pleader,alt-J,RELAXER,139.978,,2,2747,dptzIpCSMMI,,,,,
Playing Possum (feat. Cheryl Harris & Keorapetse Kgositsile),Earl Sweatshirt,Some Rap Songs,113.484,,1,2748,8O9Exegcnms,,,,,
Playing God,Polyphia,,137.06,,4,2749,Do7Ubnhb-fU,,,,,
Playing God,Paramore,,137.991,,1,2750,zVNKM_2zJIM,,,,,
Playing Dangerous,Blu Shore,,,,,2751,Y00aMCFiyEE,,,,,
Playing Around Before the Party Starts,Childish Gambino,,165.482,,7,2752,xhig-bggalw,,,,,
Playground,Steve Lacy,,191.776,,7,2753,bcSc5YO4qIY,,,,,
Play W Your Pride,ZelooperZ,Dali Aint Dead,98.926,2:05,14,2754,JqBMQlbPdIs,,,,,
Play This On A Mountain At Sunset,Jaden,,82.656,,3,2755,r2aFCSQk100,,,,,
IN MY HEAD,Taylor Bennett,,,,,2756,qLAH8aVREAc,,,,,
Play God,Abhi The Nomad,,123.957,,11,2757,mf1xjj2tatA,,,,,
PLASTIC OFF THE SOFA,Beyoncé,,97.057,,1,2758,BEcqve3C9Kk,,,,,
Plastic Like Skin,The F16s,,149.977,,11,2759,iSHT-FrQENA,,,,,
Plastic,Jaden,,144.96,,10,2760,IF67hYl9a9Y,,,,,
Plant Matta,Good Morning,,173.621,,5,2761,tvkPu2HUyBI,,,,,
Planetary Ambience,Japanese Breakfast,,115.767,,1,2762,qqQX0PcROWc,,,,,
Planetarium,Squarepusher,,159.952,,4,2763,z2nn7u9G3w4,,,,,
Plan of Attack,Curren$y,,136.006,,11,2764,_8plu-QqjHI,,,,,
Place,Playboi Carti,,131.06,,1,2765,IUHDQDqDY-8,,,,,
"Piñata (feat. Domo Genesis, G-Wiz, Casey Veggies & Sulaiman)",Freddie Gibbs;Madlib,Piñata,159.736,,7,2766,2PPVsFN983A,,,,,
Pistachios,Brent Faiyaz,Larger Than Life,142.106,3:09,9,2767,7AlEfmbannc,,,,,
Pipe Down,Drake,Certified Lover Boy,77.837,3:25,9,2768,7jTgNxd20bg,,,,,
Pink Purple Blues,Hether,Pink Purple Blues,74.969,3:56,1,2769,r2U0WK6CF0w,,,,,
Pink in the Night,Mitski,Be the Cowboy,102.835,2:16,2,2770,c-B5yr2zyY0,,,,,
Pineapple Skies,Miguel,War & Leisure,100.014,4:41,10,2771,uAXH1JadGV8,,,,,
Pine Tree Smell,STRFKR,Vault Vol. 2,170.249,0:50,7,2772,YwOzBHoD9Sw,,,,,
Pilot Jones,Frank Ocean,channel ORANGE,118.988,3:04,8,2773,azgDZ-TBCzk,,,,,
PILLOWTALK,ZAYN,Mind Of Mine (Deluxe Edition),124.944,3:22,11,2774,fSKtPBRV1gE,,,,,
Pill,D Savage,,,,,2775,h1ITiENYcK0,,,,,
Pilgrim Side Eye,Flying Lotus,Flamagra,127.056,1:30,11,2776,uY-BVu58F9E,,,,,
Pigment,H.E.R.,H.E.R.,110.755,2:59,3,2777,tZBZMB0Yi7s,,,,,
PIENSO EN TU MIRÁ (Cap.3: Celos),ROSALÍA,,,,,2778,isfVUG54CLc,,,,,
Piece of Mind,Idris Muhammad,Power Of Soul,81.858,9:21,2,2779,rI7yrHXQ_S8,,,,,
Pide Trifler,Juk Juk,The World Inside A Sample,127.998,5:42,2,2780,FTOUGgkSOyk,,,,,
Picture Perfect (Freestyle),Jhené Aiko,Trip,,,,2781,akAZEXbJvms,,,,,
pick your poison,KiLLOWEN,six missed calls,,,,2782,20ZD9LX-_Wo,,,,,
pick up the phone (feat. Quavo),Young Thug;Travis Scott,Birds in the Trap Sing McKnight,136.919,,7,2783,mHEap_8woD8,,,,,
Pick It Up (feat. Waka Flocka & Young Thug),Don Mega,Birds of a Feather,,,,2784,hILttrVupLg,,,,,
Picasso's Ear,Action Bronson,White Bronco,136.549,,10,2785,zJAJsBJpypw,,,,,
Piano Song,Milky Chance,Blossom,97.087,,3,2786,KSgTwwTvQpg,,,,,
Photobooth,Joey Purp,iiiDrops,152.054,2:57,2,2787,gC2fqjWdgOQ,,,,,
Phone Tap,Swet Shop Boys;Riz Ahmed;Heems,Cashmere,173.433,,6,2788,xYhnXJ5ibFU,,,,,
Phone Numbers,Dominic Fike;Kenny Beats,Phone Numbers,85.008,,1,2789,gWqPEvLQNMA,,,,,
Phone Down,Erykah Badu,But You Caint Use My Phone (Mixtape),91.962,,0,2790,QayuE4IW2P0,,,,,
Philosophize (Dream Levels),Parekh & Singh,Ocean (Deluxe),,,,2791,4rQegv5g3fk,,,,,
Philosophize,Parekh & Singh,Philosophize,185.525,,0,2792,5RbDIbG1OOY,,,,,
Philadelphia,alt-J,The Dream,97.429,,9,2793,wHIAs0U9h80,,,,,
Phat Butt,Ice Spice,Y2K!,165.093,,1,2794,uKj6N2LmLkg,,,,,
Phases,Majid Jordan,The Space Between,118.85,,10,2795,3jvA95Ke0p8,,,,,
phase (feat. Devin Tracy & Garrott Odom),J.Robb,monetary purposes II,102.125,,7,2796,pi_1edhwEX8,,,,,
Pharsyde (feat. Joe Fox),A$AP Rocky;Joe Fox,AT.LONG.LAST.A$AP,130.003,3:42,7,2797,ychSYvEo1zA,,,,,
pg baby,redveil,learn 2 swim,80.628,,10,2798,IcFo1L7FKi0,,,,,
Petty,Yakiyn,Petty,140.001,,8,2799,NMgVD34nQbk,,,,,
Petal,Raveena,Lucid,119.452,,0,2800,GRLUrABeREs,,,,,
Pet Cheetah,twenty one pilots,Trench,110.049,,7,2801,yPdRtMEk4Ho,,,,,
Persuasive,Doechii;SZA,Persuasive,120.057,,7,2802,g7MZnHFY3as,,,,,
Periphery,Fiona Apple,The Idler Wheel Is Wiser Than the Driver of the Screw and Whipping Cords Will Serve You More Than Ropes Will Ever Do (Expanded Edition),109.316,,7,2803,LOCaWZGic7s,,,,,
Peripeteia (Acoustic Version),Milky Chance,Blossom (Deluxe),,,,2804,z4oTKYrBssg,,,,,
Peripeteia,Milky Chance,Blossom,112.015,,7,2805,K3rlHjl6qNE,,,,,
Perfume,Roy Blair,Cat Heaven,121.953,,2,2806,n1bSybIgJX8,,,,,
Perfecto,Mac Miller,Swimming,148.09,,1,2807,1VYFen4LDRw,,,,,
Perfect Night,LE SSERAFIM,Perfect Night,136.054,,5,2808,Gqfq_8jPw8Q,,,,,
Perfect Angel,Minnie Riperton,Perfect Angel,93.079,,7,2809,i9xeyrSCX4Y,,,,,
perfect,salute & LEILAH,TRUE MAGIC,,,,2810,6hiRqRHK93U,,,,,
Percolator,SZA,Ctrl (Deluxe),120.034,,0,2811,S0QUfSLuIu4,,,,,
People Under The Stairs,Mac Miller,"I Love Life, Thank You",87.13,,6,2812,Gwv06QGBfhw,,,,,
People Say,Good Morning,The Option,93.847,,11,2813,Xsy_y8u-JYA,,,,,
People Everywhere (Still Alive),Khruangbin,The Universe Smiles Upon You,109.209,,7,2814,WzlJwEqT9PA,,,,,
Pennyroyal Tea,Nirvana,In Utero (20th Anniversary Remaster),113.308,,1,2815,16R8njf0a74,,,,,
Pennyroyal,MF DOOM,Special Herbs Vol. 5 & 6,93.541,,4,2816,d5BpY5cx62c,,,,,
Penny,Key Glock,Glockoma 2 (Deluxe),146.025,,1,2817,Rhc0jTP6BBE,,,,,
Penitentiary,Kodak Black;C-Murder,Gift For The Streets,82.062,,9,2818,EU02vkz9iFM,,,,,
Pendulum,FKA twigs,LP1,116.661,,2,2819,iIJt-Hel-7g,,,,,
Peepin Out The Window (with Future & Bslime) (feat. Bslime & Future),Young Thug,Punk,82.407,,4,2820,xFfISSlxrQo,,,,,
Peed,DILJIT DOSANJH,G.O.A.T.,173.857,,2,2821,D0vPqFNXO-Y,,,,,
Pedestal,Portishead,Dummy,84.125,,0,2822,6zexKiOafjk,,,,,
Pedal To The Medal (feat. Johnny Juliano),Wiz Khalifa,Kush & Orange Juice,83.552,,8,2823,nZhavUrBTUM,,,,,
Peanut,Earl Sweatshirt,Some Rap Songs,77.196,,1,2824,kGnwmJ1JfVk,,,,,
Peaches En Regalia,Frank Zappa,Hot Rats,101.894,,11,2825,HFQKP3Ehucg,,,,,
Peach Dream,LUCKI,Freewave 3,152.995,2:07,1,2826,iGGebaVRyTg,,,,,
Peace Piece,Bill Evans Trio,The Best Of Bill Evans,,,,2827,6k730WU6dpM,,,,,
Peace or Pieces (feat. Black Smurf),Xavier Wulf,"Greatest Hits, Pt. 1",166.772,,11,2828,13XtzZvT7ZA,,,,,
"Peace Go With You, Brother (As-Salaam-Alaikum) (I Grade Dub Mix) (feat. Puma Ptah)",The Archives,Carry Me Home Dub: A Reggae Tribute To Gil Scott-Heron & Brian Jackson (I Grade Dub Mixes),,,,2829,VhQn1r5A03E,,,,,
Peace,Sango & GoldLink,North Vol. 2,,,,2830,K17-rPklb54,,,,,
PDF,Odeal,PDF/BE FREE,118.956,,11,2831,Y0pFbpX1loo,,,,,
PCP (feat. Nick Row),KRANE & B. Lewis,Fallout,,,,2832,-twj6Ps4JAs,,,,,
Payment,Juicy J,Ravenite Social Club,156.05,,4,2833,L22-yWEKt-Y,,,,,
Pay Up,Rapsody,Laila’s Wisdom,101.689,,6,2834,703_BTlUYJU,,,,,
Pay No Mind,Beach House,7,99.734,,3,2835,oY_Nu1uLEPI,,,,,
Pay N Spray,Father,Young Hot Ebony 2,159.567,2:22,1,2836,4H8HQ5R9YM4,,,,,
Pattern,The Last Shadow Puppets,Everything You’ve Come To Expect,95.994,,4,2837,s59eaiEMQVU,,,,,
Patience,Brittany Howard,What Now,126.011,,4,2838,mHu-1cbSDDU,,,,,
Pastime Paradise,Stevie Wonder,Songs In The Key Of Life,78.535,,0,2839,1TLFnokO1Oo,,,,,
Pastel Walls,Odette,To A Stranger,140.856,,1,2840,GCI-NmN1-7s,,,,,
PAST LIVES,((( O ))),((( 4 ))),119.757,,6,2841,4zH2qedw3uU,,,,,
Past Life,Tame Impala,Currents,145.734,,7,2842,gvXswl1il_0,,,,,
Past Life,Sølv,Somewhere Between Heaven And Drowning,144.88,,4,2843,8N5ekxgAZho,,,,,
Passionfruit,Justice Der,Favorites,122.892,,4,2844,0H95assmaQw,,,,,
Passenger Princess (feat. Smino),Aminé;Smino,Passenger Princess (feat. Smino),77.956,,10,2845,j3WI5ahCvIU,,,,,
passado/futuro,O Terno,<atrás/além>,,,,2846,o0CMgLEVIjU,,,,,
Pass Out,Ludacris,The Red Light District,89.592,,4,2847,OxtpyT78WKs,,,,,
Party All the Time,Danny Brown,,84.042,,9,2848,009o7YVEGgY,,,,,
Partners in Crime Part Three,The Internet,Ego Death,76.943,3:23,9,2849,zaDkOfvwWzc,,,,,
Partiu,Fabiano Do Nascimento,,154.002,,0,2850,lQ-1oQhowk4,,,,,
Particle Flux,Chelsea Wolfe,,180.017,,4,2851,qq6XRZaKDIo,,,,,
Part-Time Lover,Stevie Wonder,,174.513,,10,2852,MpDM6ygsb20,,,,,
Parsec,Stereolab,Dots And Loops (Expanded Edition),88.314,5:34,9,2853,Cy1tD_zYcU8,,,,,
Parisienne High Level,aupinard,,130.026,,0,2854,X5ULpiGVlR0,,,,,
Paris Nights / New York Mornings,Corinne Bailey Rae,The Sea,161.043,3:51,2,2855,T7bh1LLvM5o,,,,,
Paris,$uicideboy$,,106.075,,7,2856,JBjhpmCTvog,,,,,
Parfum d'étoiles,Ichiko Aoba,,116.085,,9,2857,G3_WW8XRqes,,,,,
Pardon My Ego,Logic,,95.489,,1,2858,caZWpAnE9jA,,,,,
Paranormal Snaptivity,Zelooperz,,169.143,,1,2859,vwxz1pR-mwo,,,,,
Paranoid Android,Radiohead,OK Computer,163.704,6:27,5,2860,YTH8cxXBGBo,,,,,
Paranoid,Black Sabbath,,,,,2861,xpM59e6lyws,,,,,
Parallel,Sølv,,139.88,,11,2862,PsCYKNBOLfw,,,,,
Parachute (Tony Romera Remix),Petit Biscuit,,,,,2863,2DCHfi24X1s,,,,,
Para Machuchar Meu Coracao,Stan Getz,,130.597,,3,2864,nUUUTd6vdEw,,,,,
Papyrus,Idris Ackamoor;the Pyramids,An Angel Fell,124.551,,5,2865,fen0yny6Fls,,,,,
PAPERWORK,¥$,,,,,2866,FmrXYkfv2eU,,,,,
PAPERCUTS,Vince Staples,RAMONA PARK BROKE MY HEART,151.049,3:01,5,2867,E6gRgVcJgrg,,,,,
Panther Like a Panther (Miracle Mix) (feat. Trina),Run The Jewels;El-P;Killer Mike,Run The Jewels 3,163.863,,5,2868,EC0JQochIjI,,,,,
Panoramic Girl,Young the Giant,Mirror Master,108.981,4:02,11,2869,8PEZBronSFE,,,,,
Pani Da Rang (Male),Ayushmann Khurrana,,,,,2870,s6oQTPs0rZI,,,,,
Pandora's Box,j-hope,Jack In The Box,96.981,2:36,0,2871,PJG-KPZLa9s,,,,,
Panda (Dream Levels),Parekh & Singh,,,,,2872,nhdjntLamt4,,,,,
Palladian Park,The F16s,Triggerpunkte,114.987,5:00,0,2873,QDuoGc1J-LA,,,,,
Pale Burnt Lake,Virginia Wing,Ecstatic Arrow,103.029,4:16,7,2874,yUx2RJCVANQ,,,,,
Palaces,Flume,,135.851,,22,2875,codNQoAOUoE,,,,,
Palaces [Mount Kimbie Die Cuts Remix],Flume,,127.076,,21,2876,rL6Ls6yqmgQ,,,,,
Paisa,Prabh Deep,Paisa,110.006,4:32,9,2877,GrHXEie9HoI,,,,,
Paint Me Silver,Pond,The Weather,177.156,3:44,8,2878,Ll7vbLuBO6Y,,,,,
Paint,Anderson .Paak,Venice,,,,2879,iQS2RFf9_4M,,,,,
Pain Is Inevitable,Daniel Caesar,NEVER ENOUGH (Bonus Version),99.733,4:55,7,2880,xakWLxM1U58,,,,,
Pain (feat. OverDoz.),A$AP Rocky,LONG.LIVE.A$AP (Deluxe Version),135.041,,7,2881,D8vG3WmsPmo,,,,,
Pain,Ivy Lab,Teacup E.P,115.976,,2,2882,z-Xl3_8bqoI,,,,,
Pain,454,CASTS OF A DREAMER,92.398,,5,2883,KNtLxdpO-7Y,,,,,
PAID,¥$;Kanye West;Ty Dolla $ign,VULTURES 1,120.162,,10,2884,oG1xb5KOcN4,,,,,
pad lock,21 Savage,i am > i was,130.024,,5,2885,HBumHjgn1G8,,,,,
pack @ night,Maajins,ivy.,151.24,,8,2886,efgiaySyn34,,,,,
Pablito,SunSquabi,Odyssey,176.073,,5,2887,PSQJkJByQTQ,,,,,
Paapi,Prabh Deep,Tabia,121.98,,9,2888,BzI71Ar2caY,,,,,
p angels,Gunna,a Gift & a Curse,120.031,,1,2889,-S84mizHVGI,,,,,
Eyoun Horeyat,Hamid El Sha'ery,Senneen,,,,2890,RxlFaD5Merg,,,,,
Own It,Drake,Nothing Was The Same,103.064,,8,2891,xHURAtyMFIY,,,,,
overtime,Dilip,Pressure II,81.031,,10,2892,Ziv1BMcGHoA,,,,,
Overthinker,INZO,Overthinker,128.375,,8,2893,_DlHKsQpm9k,,,,,
Overstimulated,Jhené Aiko,Trip,127.961,,0,2894,iwG77a0wNHs,,,,,
OVERLY,Playboi Carti,MUSIC - SORRY 4 DA WAIT,145.032,,1,2895,xBMJctp-7kg,,,,,
Overjoyed,Stevie Wonder,In Square Circle,83.128,,10,2896,cIhd5Yc5TCY,,,,,
OverHeated,Billie Eilish,Happier Than Ever,115.008,,8,2897,5H4apmLEEUM,,,,,
Overgrown,James Blake,Overgrown,137.097,,9,2898,xpKF0KmuDp0,,,,,
Over My Head,Alabama Shakes,Sound & Color,175.022,,2,2899,XEQMJmAteNk,,,,,
Over My Dead Body,Drake,Take Care (Deluxe),185.516,,1,2900,PMk8L9FNqnY,,,,,
Over,Playboi Carti,Whole Lotta Red,130.07,,7,2901,IRO9y3B69Wg,,,,,
Outta Proportion,Gucci Mane,Evil Genius,119.953,,5,2902,JD-9CcepcLg,,,,,
Stay For It (feat. Miguel),RL Grime,Stay For It,,,,2903,mSrQLk-JLkw,,,,,
Outsidë (feat. Young Thug),Yeat,2 Alivë,74.946,,11,2904,5Lxzj2SFjkY,,,,,
Outside!,Vince Staples,FM!,100.062,,6,2905,r9cS22E3FvY,,,,,
Outside (feat. JordxnBryant),Spillage Village,Bears Like This Too Much,90.016,,1,2906,AySHaOLBIa8,,,,,
Outro : Tear,BTS,LOVE YOURSELF 轉 'Tear',,,,2907,639hc_F2TZU,,,,,
Outro (feat. Chilly Gonzales),Drake,So Far Gone,185.167,,5,2908,VhndJuXkErs,,,,,
Outro (Chi-Town Anthem),Taylor Bennett,Restoration of an American Idol,155.81,,0,2909,QrvPoLcrtEs,,,,,
Outro,Majid Jordan,The Space Between,75.645,,0,2910,O5bgrxpveu0,,,,,
Outro,Wiz Khalifa,Kush & Orange Juice,74.134,,11,2911,cwhLYNEWv6U,,,,,
Outlier,Bonobo,Migration,117.006,,4,2912,qMpU_MoK0LI,,,,,
Out Of Sight,Logic,Confessions of a Dangerous Mind,174.022,,1,2913,D0XJjLSTNbw,,,,,
Out My Way,LUCKI,Freewave 3,127.027,,0,2914,toJgX41iafQ,,,,,
Out,Yung Bans,Yung Bans,83.992,,0,2915,DUFDNfGBhv8,,,,,
Our Time,Ivy Lab,Infinite Falling Ground,70.023,,7,2916,eaIV13ycbvI,,,,,
Our Love Comes Back,James Blake,Overgrown,137.493,,9,2917,WcTp1jtcDb8,,,,,
Our Lives,Minnie Riperton,Perfect Angel,119.096,,9,2918,vzrNFNoHMbE,,,,,
Otra Vez,ProdMarvin,Otra Vez,67.112,,10,2919,N6-jBFrobso,,,,,
OSOM (feat. J. Cole),Jay Rock,Redemption,124.917,,8,2920,oiGJJMqhet8,,,,,
Oscar,Conductor Williams,Winter Forever Cries,97.328,1:11,0,2921,c5zqhhGpmiQ,,,,,
Orlando,XXXTENTACION,17,84.902,,1,2922,y36IIz5SixM,,,,,
Orion,Rodrigo y Gabriela,Rodrigo y Gabriela,,,,2923,bCbnfW1mVwE,,,,,
ORIGINAL SUN,Taylor McFerrin,TELE PHOTO,49.56,,1,2924,hWrmYnJRtW4,,,,,
Original Sin,SOFI TUKKER,WET TENNIS,124.021,,11,2925,xZ48NrYDHFo,,,,,
Origami,Freddie Gibbs,You Only Die 1nce,91.12,,1,2926,EyjWWf8OpCo,,,,,
Ordinary Pleasure,Toro y Moi,Outer Peace,115.009,,7,2927,fAbLV5fL_mY,,,,,
Ordinary Pain,Stevie Wonder,Songs In The Key Of Life,97.778,,10,2928,WXgY6NZ429I,,,,,
Orange Village,"Larry June, The Alchemist, & Slum Village",The Great Escape,,,,2929,4mXpx1gVkLI,,,,,
Orange Earth,Soft Glas,Orange Earth,77.987,,7,2930,F4IJzX8vv3s,,,,,
Orange Blossoms,MF DOOM,Special Herbs Vol. 5 & 6,99.55,,8,2931,KRBrwb3NQYI,,,,,
Orange,Big Thief,U.F.O.F.,123.623,,1,2932,RKQcLtQ-xHc,,,,,
Optimistic,Radiohead,Kid A,157.957,5:15,7,2933,1On-ZHfTWOo,,,,,
Optimal Being,Steve Roach,Tomorrow,121.951,,4,2934,WMFNrymNdwM,,,,,
Opposites Attract (Tomorrow W/O Her) (feat. Javonte),Kendrick Lamar,Overly Dedicated,192.157,,6,2935,UXEDr2HpmpI,,,,,
Ophelia,PinkPantheress,Heaven knows,87.961,,1,2936,IFA92iTE95w,,,,,
Open The Floodgates,The Smile,A Light for Attracting Attention,81.815,,0,2937,yyq-YwrUJhw,,,,,
Open Safe,Lil Wayne,Tha Carter V,96.012,,1,2938,VNpah8_b1kY,,,,,
Open Desert,Big Thief,U.F.O.F.,62.651,,5,2939,V1rdu5ggJ6A,,,,,
Open Again,Thom Yorke,Suspiria (Music for the Luca Guadagnino Film),120.129,,2,2940,xv2QoWg5-lQ,,,,,
OooWee (feat. Anderson .Paak),Rapsody,Crown,166.998,,1,2941,E7dvwyjNvek,,,,,
Ooh Nuthin',Project Pat,Mista Don't Play: Everythangs Workin,158.057,,2,2942,lUH2yrCw5AY,,,,,
Ooh Nah Nah (feat. Masego),SiR,Her Too,116.894,,7,2943,Plh8mN2EaR4,,,,,
Ontheway! (feat. Standing On The Corner),Earl Sweatshirt,Some Rap Songs,69.79,,11,2944,9VFDGxE8x2A,,,,,
Only You Freestyle,Headie One;Drake,EDNA (Deluxe),147.03,,5,2945,KJbMLE4Rl8k,,,,,
Only Time All the Time: Making Friends with Studio Owl,Hiatus Kaiyote,Choose Your Weapon,176.145,,1,2946,Dilqoy2Y66M,,,,,
only thing on my mind,Zack Fox,wood tip,96.002,2:42,1,2947,e14raPFb-hk,,,,,
Only The Truth,The Last Shadow Puppets,,150.579,,2,2948,5hlFwo2IC8g,,,,,
Only Ones Who Know,Arctic Monkeys,,145.759,,7,2949,J_92Qv3Wyio,,,,,
Only Have Eyes 42,Janelle Monáe,,80.052,,7,2950,NgvMUaK2Ieo,,,,,
Only (Kaskade x Lipless Remix),RY X,,,,,2951,WDMErDSiGU8,,,,,
Only,RY X,,109.071,,7,2952,VNtqAhf8Zn8,,,,,
one2three,Disclosure;Chris Lake;Leven Kali,one2three,129.862,4:09,11,2953,IFyx9FOdKtM,,,,,
"One, Many",Cloudkicker,,140.152,,2,2954,C9fEBWaBXc0,,,,,
One Wish (feat. Childish Gambino),Ravyn Lenae;Childish Gambino,Bird's Eye,138.4,3:15,9,2955,RZWyuXJGjmA,,,,,
One Thing Left to Try,MGMT,,128.017,,8,2956,AriwjiWyxsM,,,,,
One Rainy Wish,The Jimi Hendrix Experience,Axis: Bold As Love,,3:42,,2957,2ytmDeSJC2Y,,,,,
One Percent,Gorillaz,,103.538,,9,2958,DfViwmUc4BU,,,,,
One of Us Cannot Be Wrong,Gregory Alan Isakov,,117.775,,1,2959,05B1O8Dl7F4,,,,,
ONE OF US,Merlyn Wood,,160.966,,10,2960,X2hlRTB0v-A,,,,,
One Night/All Night,Justice,,116.139,,0,2961,qX4FtyHQWVc,,,,,
One Night Only,Sonder,One Night Only,119.99,3:15,4,2962,vNBNIce9XDM,,,,,
"One More Time, Please",Jay Som,,89.998,,6,2963,-EATqP7EkKo,,,,,
One More Love Song,Mac DeMarco,This Old Dog,,,,2964,G8poELjNExI,,,,,
One Last Dance,Baby Rose;BADBADNOTGOOD,Slow Burn,82.905,,2,2965,SMYnHVJs1DA,,,,,
One I Want,Majid Jordan,,139.968,,11,2966,QuYmSQeTJl8,,,,,
One Day They'll Know (ODESZA Remix),Pretty Lights,A Color Map of the Sun (Remixes),140.026,4:20,11,2967,C2SkrrW-GQw,,,,,
One Dance,Drake;Wizkid;Kyla,Views,103.967,2:53,1,2968,5LFB3qdmZBM,,,,,
One at a Time,Unknown Mortal Orchestra,II (Deluxe Edition),98.578,2:28,9,2969,NVN022ga3RA,,,,,
One Another,Mac DeMarco,This Old Dog,,,,2970,kGKOdKb71zA,,,,,
One (Blake's Got A New Face),Vampire Weekend,Vampire Weekend,109.996,3:13,9,2971,v0Jyn8uideU,,,,,
Once You Know,Good Morning,Shawcross,115.972,3:50,6,2972,GtC_YsUj7nA,,,,,
Once More to See You,Mitski,Puberty 2,93.031,3:00,9,2973,O9yfLGT_ozQ,,,,,
On Your Way,Alabama Shakes,Boys & Girls,149.113,3:05,4,2974,rudfbh_DK-o,,,,,
On Your Own,Jorja Smith,Lost & Found,157.977,4:01,6,2975,2vHumXKCGUc,,,,,
On The Set,Freddie Gibbs,You Only Die 1nce,75.659,3:38,8,2976,GY2LdoV-spU,,,,,
On God,MIKE,,132.853,,7,2977,hYmXhSY247c,,,,,
On Fleek,Offset,,130.986,,9,2978,of6uieIbGRg,,,,,
On Fire,Young Thug,Beautiful Thugger Girls,154.106,3:59,2,2979,G5-pgK5aj2c,,,,,
On Film,SahBabii,Saaheem,139.921,2:46,5,2980,yGWuwQsoH_k,,,,,
On 2 Something,Rochelle Jordan,Through The Wall,149.938,2:23,1,2981,Rs0uZM33RA8,,,,,
Omo Ope (feat. Olamide),Asake,Ololade Asake,117.008,,9,2982,DiVZJVPRPkY,,,,,
Omnipuss,Meshell Ndegeocello,The Omnichord Real Book,114.643,2:51,10,2983,uLzUCvLDE-E,,,,,
OMG (feat. Pusha T),VIC MENSA,The Manuscript,85.043,,11,2984,EB7FyUzMnnc,,,,,
OMG,NewJeans,NewJeans 'OMG',126.956,,9,2985,2Kff0U8w-aU,,,,,
OMEN,blackwinterwells,mortal,111.164,,6,2986,r2mzPDG72f0,,,,,
Om,Hippie Sabotage,Drifter,152.079,,6,2987,4LeJIrG0A20,,,,,
Olson,Boards of Canada,Music Has The Right To Children,169.661,,5,2988,6_lzNFjqGiw,,,,,
OLLA (Only Lovers Left Alive) (feat. TWENTY88),Jhené Aiko,Trip,119.992,,1,2989,q2qSzPZrPEo,,,,,
Olha a Explosão,MC Kevinho,Olha a Explosão,,,,2990,tRtLTm4QEFg,,,,,
Olga's Destruction (Volk tape),Thom Yorke,Suspiria (Music for the Luca Guadagnino Film),,,,2991,oCH8QQ82hUg,,,,,
Ole Ass Kendrick,Smino,Luv 4 Rent,111.626,,10,2992,LMG8bhbLKz8,,,,,
Old Shit (feat. EARTHGANG),Spillage Village,Bears Like This Too Much,106.653,,1,2993,QgkyUAp9ecM,,,,,
OLD NEWS (feat. Baird),BROCKHAMPTON,"ROADRUNNER: NEW LIGHT, NEW MACHINE",84.175,,8,2994,pZO6a-GHmqI,,,,,
Old Friend,Mitski,Be the Cowboy,89.931,,10,2995,Bs3nMPeglk4,,,,,
Rock Me Tonight For Old Times Sake,Freddie Jackson,Rock Me Tonight,,,,2996,hSnsv0qKWsI,,,,,
OKAY,AP Dhillon;Syra,OKAY STFU,144.96,,5,2997,3qMmkDhT7rQ,,,,,
Oh Yeah,Young Thug,Beautiful Thugger Girls,106.285,,11,2998,Lz0Xk0XKiN8,,,,,
Oh Okay (feat. Lil Baby & Young Thug),Gunna,Drip Season 3 (Deluxe),140.005,,8,2999,2ao1h4wuSp8,,,,,
OH MAN,Justin Bieber,SWAG II,144.017,3:12,6,3000,hi1IvIPokXE,,,,,
Oh Mama,Run The Jewels;El-P;Killer Mike,Run The Jewels 3,76.014,,9,3001,JZsfvCSo2tA,,,,,
Oh Honey,Delegation,Oh Honey,94.293,,2,3002,p4vQ9fl5r9o,,,,,
Oh God (feat. Mereba),Arima Ederra;Mereba,Oh God / Really Tired,90.152,4:27,2,3003,fzlvnj6IeCY,,,,,
Anna,Trapboy Freddy,Clone,,,,3004,jEDl40HkbDE,,,,,
OG Beeper,A$AP Rocky,TESTING,145.994,,2,3005,AGYGXpHcwVw,,,,,
"OFTEN, I HAVE THESE DREAMZ",Kid Cudi;DJ Drama,INSANO,,,,3006,Pcf0b7A0eqU,,,,,
Offertorio (feat. Nicolas),Men I Trust,Headroom,131.768,,10,3007,3ykumaNHaKc,,,,,
Offering,Chelsea Wolfe,Hiss Spun,122.032,,0,3008,6EOyeY5kzyE,,,,,
Offence,Little Simz,GREY Area,116.696,,2,3009,d8-UiZdpGnU,,,,,
Off Top,Earl Sweatshirt,"I Don't Like Shit, I Don't Go Outside: An Album by Earl Sweatshirt",75.992,,1,3010,b1ekfDF9Nsw,,,,,
Off The Ground,Anderson .Paak,Venice,,,,3011,Ssx8OZTbfY4,,,,,
Off the Grid (feat. Khalid),Alina Baraz,It Was Divine,83.502,,10,3012,eC8BFAzvPy0,,,,,
Off Deez,JID;J. Cole,DiCaprio 2,,3:34,,3013,T7TE2SegVWw,,,,,
Of The Soul,Mac Miller,Blue Slide Park,90.012,,9,3014,9uJOCvQfQCs,,,,,
Odyssey (feat. GRiZ),SunSquabi,Odyssey,104.976,,2,3015,eiyOytO09Uw,,,,,
"Odyssey ""JerseyClub""",Jay The Mixer,"Odyssey ""JerseyClub""",160.042,2:24,11,3016,3cynReLT0Qo,,,,,
Odyssey,Scale The Summit,Scale the Summit - Digital Collection,126.086,,7,3017,OTj9KGIpQh8,,,,,
Odessa,Animals As Leaders,Weightless,105.002,,11,3018,lSXX-00-l4s,,,,,
Ocelot,Hiatus Kaiyote,Tawk Tomahawk,152.104,,9,3019,SJisXCVSlGE,,,,,
Oceans,Coldplay,Ghost Stories,74.845,,11,3020,D72bzPbZQrI,,,,,
Oceanic Feeling,Lorde,Solar Power (Deluxe Edition),171.946,,0,3021,3haeA3Pln0c,,,,,
Oceanic Dawn,Soft Glas,Orange Earth,105.873,,1,3022,DP8rW4gib3U,,,,,
ocean eyes,Billie Eilish,dont smile at me,144.892,,4,3023,3IUqoyTxEU8,,,,,
Ocean,Parekh & Singh,Ocean (Deluxe),90.008,,11,3024,AbX8L1-TEtA,,,,,
Obvious Bicycle,Vampire Weekend,Modern Vampires of the City,180.098,,9,3025,MrVkKAylpF8,,,,,
Oblivion (Creation) (feat. Dr. Chill),Jhené Aiko,Trip,93.046,,6,3026,CoEKS97X34M,,,,,
Oblivion,Young the Giant,Mirror Master,169.91,,4,3027,1dGlvNAe9rs,,,,,
Obligatory Cadence (Instrumental),Flying Lotus,You're Dead! (Deluxe Edition),,,,3028,wAOivvE3adc,,,,,
Obligatory Cadence,Flying Lotus,You're Dead!,121.084,,11,3029,BFOgUitRNxE,,,,,
Obi Toppin (Darling),Heems;Lapgan;Kool Keith,LAFANDAR,87.729,2:08,7,3030,Yqa6D4FQxUg,,,,,
"O.K. (Bonus Track) (feat. Tyler, The Creator, Tyler & The Creator)",Mac Miller,Watching Movies with the Sound Off,115.211,,1,3031,MFAcXXPT8Yk,,,,,
O.D.,Polyphia,New Levels New Devils,136.06,,11,3032,8lFq5HTKbPU,,,,,
O Toque do CJ,DJ Lycox,O Toque do CJ,130.113,,11,3033,rY_2U7bVH6Q,,,,,
O Manmadhuda,Sagar;Divya,King,125.977,,0,3034,IBn-cLPJx04,,,,,
O Grande Amor,"Stan Getz, João Gilberto Quintet, & Antônio Carlos Jobim",Bossa Collection,,,,3035,JJ8HqW6oSmA,,,,,
o bilhete,O Terno,<atrás/além>,131.802,,9,3036,OQtmbZHWXQc,,,,,
O,Coldplay,Ghost Stories,136.998,,10,3037,-gA3H3clEqk,,,,,
NüWhip,Paris Texas,MID AIR,129.968,,11,3038,ZuaWFHAxmMk,,,,,
Nü Religion: Hyena (Intro),THEY.,Nü Religion: HYENA,95.052,,7,3039,hPdxYIcCuHM,,,,,
Nymphatic Remix,Kumar Shome,Nymphatic Remix,,,,3040,Z8rLG698ET8,,,,,
nyc in 1940,berlioz,nyc in 1940,116.998,,9,3041,04VbX3CJB_M,,,,,
NYC COPS,Heems,Nehru Jackets,80.635,,1,3042,n6qmcuTmMIw,,,,,
Nunu,ScHoolboy Q,BLUE LIPS,128.548,2:46,2,3043,g45gr8O76TI,,,,,
Nunchucks,Doja Cat,Purrr!,117.976,,4,3044,YaW41ILtCLg,,,,,
Numbers,FKA twigs,LP1,159.933,,1,3045,1pIvjf4O8so,,,,,
Numbers,Young Thug,Barter 6,140.01,3:27,1,3046,UFEbmfE-0ec,,,,,
Numb Numb Juice,ScHoolboy Q,CrasH Talk,156.958,,1,3047,qi7oQRKhJrQ,,,,,
Nuggets,Mura Masa,,113.073,,5,3048,heevLS3vukw,,,,,
Nuestro Planeta (feat. Reykon),Kali Uchis;Reykon,Isolation,96.018,3:22,0,3049,aXP9mHiROXc,,,,,
Nsync,ICYTWAT,,142.953,,0,3050,F9X8O3DnIks,,,,,
now rock,gangwalkk,,180.081,,1,3051,Q3cFKDvFolw,,,,,
Now I Feel It,Sam Evian,,76.131,,4,3052,qx6-dCbSNJk,,,,,
Now And Then,The Beatles,,87.191,,9,3053,fOjuqmZzul4,,,,,
Now & Later Gators,Curren$y,,133.429,,1,3054,PpKgCa-hRnM,,,,,
Now,Miguel,,111.827,,0,3055,NczpJqESNCQ,,,,,
Now,Garden City Movement,,92.949,,4,3056,UbHgVGBMAeI,,,,,
November 18th,Drake,,71.937,,11,3057,l99R2jWgzXI,,,,,
Nothing Even Matters,Lauryn Hill,,136.422,,10,3058,g3a__bcJeW8,,,,,
NOTHING ELSE!,Mura Masa,,111.986,,2,3059,SHZu6YqDx-0,,,,,
Nothin' Else,Justin Timberlake,,117.027,,5,3060,BuRwHyiidVM,,,,,
Not Screwed! (interlude),Solange,,85.914,0:23,17,3061,CIqPCacrxko,,,,,
Not PLaying,Playboi Carti,,140.092,,2,3062,oxBbgL-A1vQ,,,,,
Not Just Money,Frank Ocean,,152.13,,11,3063,ix-ownkEPE8,,,,,
Not in Love We’re Just High,Unknown Mortal Orchestra,Sex & Food,100.047,,5,3064,SJr3S6I2U7A,,,,,
Not Ashamed,Majid Jordan,The Space Between,97.963,4:00,0,3065,C0JBWVHiN7I,,,,,
NOSTYLIST,Destroy Lonely,NO STYLIST,160.08,3:00,11,3066,D-Gxpsg5X1k,,,,,
Nostrand,Ratatat,Classics,169.928,3:04,0,3067,eJyKpsJbVdo,,,,,
Nosetalgia,Pusha T;Kendrick Lamar,My Name Is My Name,80.02,3:36,5,3068,F4iNCt97JZM,,,,,
Norway,Beach House,Teen Dream,118.66,3:54,5,3069,cv5Sc361d60,,,,,
North Star,Offset,,79.971,,4,3070,awHIi3J-RcU,,,,,
North Pole,Injury Reserve,Drive It Like It's Stolen,76.784,4:20,4,3071,69R2-otVlIA,,,,,
North Garden,ODESZA,The Last Goodbye,188.103,3:00,5,3072,jeQG2oZinV8,,,,,
North Face,ODIE,Analogue,99.969,3:16,10,3073,48xymO-nj1s,,,,,
NORTH,The Kite String Tangle,C()D3X,120.393,3:36,4,3074,G7ZlM3uxMRo,,,,,
Normalisation,Parquet Courts,Wide Awake!,147.958,2:11,7,3075,xaRgQwmDN-w,,,,,
Normal Girl,SZA,Ctrl,76.453,4:13,0,3076,aVbg4uInGX0,,,,,
Normal,Eminem,Kamikaze,120.995,3:42,6,3077,90pxxqHxRlc,,,,,
Noorie,NDS,Noorie,94.091,3:28,1,3078,TSeT9KYHCb4,,,,,
Nonviolent Communication,Metro Boomin,,,,,3079,5LxucCAkPW8,,,,,
None To Me,Takeoff,The Last Rocket,81.639,,11,3080,hDNgwY5x0As,,,,,
Nonchalant,6LACK,East Atlanta Love Letter,79.592,,11,3081,FqFWItrU-8A,,,,,
Non Fungible,Curren$y,Pilot Talk 4,94.889,,3,3082,DlTNJGTx0-4,,,,,
NOKIA,Drake,$ome $exy $ongs 4 U,106.037,4:01,5,3083,ZAYwyDr-keM,,,,,
Nobody Tell a Name (feat. Raury) (feat. Raury),Taylor Bennett,Restoration of an American Idol,144.018,,1,3084,dIkmpxxg160,,,,,
Nobody Else Will Do,Anish Kumar,A Mixtape by Anish Kumar,127.949,,9,3085,OKvHmhHlg5c,,,,,
Nobody,Jhené Aiko,Trip,86.981,,6,3086,a7QY-vrKAA0,,,,,
Nobody,Mitski,Be the Cowboy,117.295,,0,3087,GVZqDCG2VrA,,,,,
"Nobody (feat. Anderson .Paak, Black Thought & Moonchild)",Rapsody,Laila’s Wisdom,171.64,,11,3088,JyMidvl9ieA,,,,,
No.1 (feat. Tems),Tyla,TYLA,121.027,,5,3089,3v3HkHVEWuY,,,,,
No. 1 Headband,Lupe Fiasco,Samurai,88.079,,8,3090,bZYF1YJXHfE,,,,,
no words 1 & 2,WILLOW,empathogen,117.227,,1,3091,4ZNh2OBXXYA,,,,,
No Words,The Smile,Cutouts,180.476,,2,3092,Dsg35hjeX3Y,,,,,
No Time Soon,Tony Shhnow,Out The Woods,96.016,,8,3093,B1NGMAigTZ8,,,,,
no tears left to cry,Ariana Grande,Sweetener,121.993,,9,3094,5Kme4qetSxU,,,,,
No Surprises,Radiohead,OK Computer,76.426,3:49,5,3095,LBt60dfwEBY,,,,,
No Smoke,D Savage;Lil Yachty,D Phoenix,120.049,,4,3096,lx0PQKUI_kQ,,,,,
No Signal,Chon,Homey,110.047,,6,3097,LG8V-_P4K10,,,,,
"No Se a Donde Me Voy, Muy Lejos",Alberto Iglesias,Lucía y el Sexo (Banda Sonora Original),165.281,,1,3098,dOAiQuuxHmI,,,,,
No Reason (feat. Nick Murphy),Bonobo,Migration,121.004,,5,3099,3Z7wfehFONk,,,,,
No Problem (feat. Lil Wayne & 2 Chainz),Chance the Rapper,Coloring Book,135.018,,11,3100,DbIwOKe3QfQ,,,,,
No Police,Doja Cat,Purrr!,119.622,,9,3101,vKkY5QTNVxk,,,,,
No Option,Post Malone,Stoney (Deluxe),83.983,,2,3102,TBFfeSNEYBM,,,,,
No One Else,Alix Perez;Ivy Lab,Arkestra EP,172.003,,4,3103,qbNwULIZ13A,,,,,
No Nightmares,Oneohtrix Point Never,Magic Oneohtrix Point Never (Blu-ray Edition),149.955,,0,3104,vX_z4fZoRZE,,,,,
No Need for a Leader,Unknown Mortal Orchestra,II (10 Year Anniversary Edition),164.818,,3,3105,oNZQw7Eix1Y,,,,,
no name (feat. Adam Ness & Yaw),Noname,Room 25,80.364,,6,3106,HWWC9ct09Qo,,,,,
No More Parties In LA,Kanye West,The Life Of Pablo,93.058,,5,3107,NnMuFqsmYSE,,,,,
No More Old Men (feat. Jamila Woods),Chance the Rapper;Jamila Woods,STAR LINE,92.761,,7,3108,4FaXrAhcJ5M,,,,,
No Long Talk (feat. Giggs),Drake,More Life,97.063,,10,3109,31mRWmI0Jgg,,,,,
NO INTENTION,SBTRKT;LEILAH,NO INTENTION,190.791,,6,3110,ZM3qRi7m5uo,,,,,
No Hook 2,Key Glock,No Hook 2,154.961,,5,3111,PkSsQc94Lbk,,,,,
No Guidance (feat. Drake),Chris Brown,Indigo,92.928,,1,3112,B9AmEHvCA0c,,,,,
NO FUN,Joji,BALLADS 1,96.974,,5,3113,H0ab0AQU5Cs,,,,,
No Flex Zone,Rae Sremmurd,SremmLife,120.063,,8,3114,80FMWMuquAI,,,,,
No Effort,Princess Nokia,No Effort,105.957,,0,3115,BfJM1dHzBqw,,,,,
No Clout Chasin,Wiz Khalifa;Curren$y,2009,140.046,2:51,7,3116,_QjyFXa2C9U,,,,,
No Ceilings,Tony Shhnow,Dis Should Hold U Over,134.885,,2,3117,GE0wt_bvM1s,,,,,
No Candle No Light (feat. Nicki Minaj),ZAYN,Icarus Falls,122.138,,5,3118,UBrD902mkIY,,,,,
No Bleedin,Vince Staples,FM!,94.058,,9,3119,k12nLgMEos0,,,,,
No Bitterness,Alex G,God Save The Animals,157.876,,9,3120,1wgbopXilpk,,,,,
No Air (feat. Chris Brown),Jordin Sparks,Jordin Sparks,160.033,,8,3121,A0BoBjtX3RM,,,,,
NISSAN ALTIMA,Doechii,Alligator Bites Never Heal,117.038,2:06,11,3122,Ws-_syYOT2k,,,,,
Nip Tuck,Nicki Minaj,Queen,119.944,,8,3123,OiWJYr0gPK4,,,,,
NINJAS JUMP AROUND #jerseyclub,Ziahfyah;ProdEli!,NINJAS JUMP AROUND #jerseyclub,124.002,2:50,11,3124,QbCAyaovyPg,,,,,
Ninety (Electric),Jaden,SYRE: THE ELECTRIC ALBUM,,,,3125,9PfEQijsjHk,,,,,
Ninety,Jaden,SYRE,129.904,7:48,1,3126,pEMhU31Yacw,,,,,
ナインティーン - nineteen,Haru Nemuri,harutosyura,,,,3127,gmbS9i_7usM,,,,,
Nineteen,PinkPantheress,to hell with it,89.964,,6,3128,-ddig9E9alY,,,,,
Nikes on My Feet,Mac Miller,K.I.D.S.,92.047,,9,3129,KX1p7FvlWJQ,,,,,
Nikes,Frank Ocean,Blonde,138.023,5:14,8,3130,fahxSXoXlsA,,,,,
Nightmare,Offset;Metro Boomin,Without Warning,157.09,,0,3131,DzbcKlX6JGg,,,,,
Night Nurse,Gregory Isaacs,Night Nurse,73.949,,7,3132,PvheubKIJz8,,,,,
Nico and the Niners,twenty one pilots,Trench,140.081,,9,3133,DBD_naiiXkQ,,,,,
Nice & Good,Knucks;SL,ALPHA PLACE,134.984,,11,3134,sCuofQ8BTFU,,,,,
Ngiculela-Es Una Historia-I Am Singing,Stevie Wonder,Songs In The Key Of Life,101.166,,2,3135,Fj4ZnTRmfrg,,,,,
NFWMB,Hozier,Nina Cried Power - EP,176.002,,3,3136,4YnHZhrfAJE,,,,,
Next to You,Sam Evian,"You, Forever",103.043,,10,3137,Ocfwj39ky0A,,,,,
Next One (feat. Larry June),Curren$y;DJ.Fresh,The Tonite Show The Sequel,179.114,,11,3138,jEEWySB7_Qk,,,,,
nEXt,Sevyn Streeter,"Call Me Crazy, But...",160.035,4:11,1,3139,PED_of24qoQ,,,,,
Newer Balance (Freestyle),Jhené Aiko,Trip,,,,3140,GG30lg0eYdY,,,,,
Newbury Street,Parekh & Singh,Newbury Street,93.977,,9,3141,kglLCxSldk8,,,,,
Newborn Sun,Chon,Newborn Sun,91.255,,11,3142,U-ymagOQYsI,,,,,
New York Nights (feat. Stro & Jordan Bratton),Taylor Bennett,New York Nights (feat. Stro & Jordan Bratton),103.969,,7,3143,A0Bu1lPfo7c,,,,,
New York City Rage Fest,Kid Cudi,Indicud,125.664,,6,3144,Wo6Oayh4PIY,,,,,
New York,LUCKI,s*x m*ney dr*gs,130.053,,5,3145,Z8K8UECe-nk,,,,,
New Year,Beach House,Bloom,108.944,,10,3146,C_WNiHy6xaI,,,,,
New World Water,Mos Def,,100.145,,11,3147,IZlAWpGZzKo,,,,,
New Tank,Playboi Carti,,150.993,,10,3148,kb2ERkur0Mo,,,,,
New Romance,Beach House,,82.498,,7,3149,HWc_Ayp_mck,,,,,
New Profile Pic,$uicideboy$,,166.97,,5,3150,0vKhkOU4Diw,,,,,
New Home,Frozen Silence,Piano for Reels,129.067,1:13,6,3151,TZHnsxy-65k,,,,,
New Hawaii,Injury Reserve,,139.982,,10,3152,x-UaEYTAkqQ,,,,,
New Gold,Gorillaz,,108.014,,1,3153,K03lsjW0HQk,,,,,
New Eden,Animals As Leaders,,170.242,,1,3154,K5OeJSqiEaM,,,,,
New Drugs,Raveena,,74.616,,10,3155,ky83Ed_utks,,,,,
New Balance,Jhené Aiko,,74.307,,4,3156,50Cv1BTtsCA,,,,,
New,Alex G,Rules,110.293,3:19,6,3157,uWp3bX5Hcj4,,,,,
Never See Me,Kodak Black,,141.103,,10,3158,3kYtEO9Bt9g,,,,,
"Never Meant (4-Track Album Prep, 1999)",American Football,,,,,3159,RCWfLh5u9_A,,,,,
Never Meant,American Football,,144.29,,0,3160,p-SWkpGKdP8,,,,,
Never Home,SiR,,160.03,,6,3161,yG-tGwiBhUc,,,,,
Never Had It,Young Thug,,105.989,,1,3162,YKTRCWu18Q8,,,,,
Never Feel Fear,SAULT,Untitled (God),78.004,3:10,1,3163,K2k0qQnjdAA,,,,,
Never Catch Me (Instrumental),Flying Lotus,You're Dead! (Deluxe Edition),,,,3164,12T2Cw3AvpQ,,,,,
Never Catch Me,Flying Lotus;Kendrick Lamar,You're Dead! (Deluxe Edition),81.305,3:54,8,3165,7YHlKmkRsDQ,,,,,
Never Call Me,Jhené Aiko;Kurupt,Trip,99.136,4:30,2,3166,-ugQeu02uSI,,,,,
Never Been (Remix),Wiz Khalifa,Kush & Orange Juice,72.594,3:27,2,3167,3_iFx_KsKEU,,,,,
Never Been,Dave East;Matt Patterson,P2,80.288,3:46,9,3168,e-Xivg3PBL4,,,,,
Neu Roses (Transgressor's Song),Daniel Caesar,Freudian,68.974,3:01,0,3169,OyQIWH9huFw,,,,,
Netflix & Dusse,Smino,blkswn,79.962,4:19,7,3170,RbAVa5bche4,,,,,
Neptune,Sam Gellaitry,Viewfinder Vol. 1: PHOSPHENE,142.596,4:36,6,3171,0MzZtXXMicM,,,,,
"Neon Lights (feat. Supa Bwe, Lil Yachty)",Taylor Bennett,,176.226,,0,3172,se4I8eV_OKs,,,,,
Neon Gravestones,twenty one pilots,Trench,149.45,4:00,11,3173,6U8OAC6sN9I,,,,,
Faygo,YungManny,,,,,3174,LsthETLaKbw,,,,,
NENE'S PRAYER,Anycia,NENE'S PRAYER,162.933,1:35,1,3175,WxHdeTfaDt8,,,,,
Nelly,Isaiah Rashad,Nelly,122.064,3:20,11,3176,C6qBrzhTkZc,,,,,
"Negro Y Azul: The Ballad of Heisenberg (From ""Breaking Bad"" TV Series)",Los Cuates de Sinaloa,"Negro Y Azul: The Ballad of Heisenberg (From ""Breaking Bad"" TV Series)",162.099,3:24,3,3177,EP_GpIPvILU,,,,,
Needle In The Hay,Elliott Smith,An Introduction To Elliott Smith,116.165,,5,3178,EMeN_aGKtIY,,,,,
Needed Me,Rihanna,ANTI (Deluxe),110.872,3:11,5,3179,gOtgSJrmHhk,,,,,
Needed,Brent Faiyaz,Sonder Son,123.948,,4,3180,jl1Ysej81QA,,,,,
Need You Now,Miti,Need You Now,125.027,,0,3181,T9AelT93DzM,,,,,
NEED IT,Justin Bieber,SWAG II,135.024,3:39,10,3182,Vha4XqgG9OU,,,,,
Ned Flanders (STWO Remix) (feat. A$AP Ferg),MadeinTYO,Ned Flanders (STWO Remix),,,,3183,-H49wL-j08w,,,,,
neck on a yacht,Gunna,One of Wun,130.027,,11,3184,yt2qe1QdHr8,,,,,
Nearer to Thee,Weyes Blood,Titanic Rising,81.816,1:05,1,3185,mgVOzdzwf-Q,,,,,
Nayhoo,Masego;Chon;lophiile,Homey,124.945,,1,3186,4dBoZ6zgxoQ,,,,,
Navi Navi Yaari,DILJIT DOSANJH,G.O.A.T.,151.904,,10,3187,o6phwsYvyKY,,,,,
Nausicaä (Love Will Be Revealed),Cameron Winter,Heavy Metal,87.4,4:11,0,3188,TOyrlmZgBXo,,,,,
Nauseous,wifisfuneral;Robb Bank$,Conn3ct3d,135.967,,8,3189,zH-IMKoEWnk,,,,,
Nature Heals,Wynne,Nature Heals,81.741,,1,3190,Vyw3LEx8t58,,,,,
Natural,Raveena,Shanti,120.047,,1,3191,roR8eC-vfBc,,,,,
Natural,ZAYN,Icarus Falls,99.59,,8,3192,jaO0J2LT53I,,,,,
Nasty's World (feat. A$AP Nast & Onyx),A$AP Mob,Cozy Tapes: Vol. 1 Friends -,84.005,,10,3193,4Wa6oB71-h0,,,,,
Nasty World (Skit),Rico Nasty;Kenny Beats,Anger Management,82.209,,2,3194,kwm5t7w1lnM,,,,,
Nasty (feat. Jason Richardson),Polyphia,New Levels New Devils,129.988,,2,3195,2w9hxLYIfO4,,,,,
Narrow Margins,Half Moon Run,Sun Leads Me On,89.807,,4,3196,1ThlGog2gXM,,,,,
NARCOTICS,CHLOBOCOP,NARCOTICS,97.043,2:21,2,3197,EfYlZaCTx8E,,,,,
鳴らして (長谷川白紙 remix) - narashite (hasegawahakushi remix),Haru Nemuri,harutosyura,,,,3198,THxnUqYkF84,,,,,
鳴らして - narashite,Haru Nemuri,harutosyura,,,,3199,XY9QHQlfNQ8,,,,,
Nara,alt-J,This Is All Yours,146.968,4:56,11,3200,VcOkFGUXvlg,,,,,
Nappy Wonder,Blood Orange,Negro Swan,88.348,,1,3201,ztLnHpvfrnQ,,,,,
NAOMI,Lupe Fiasco,Drill Music in Zion,92.968,,1,3202,z1j93hMsJWE,,,,,
NANA (Cap.9: Concepción),ROSALÍA,El Mal Querer,,,,3203,D3CZ0huqnSE,,,,,
Nakamarra (Rox N Stix Desert Mix),Hiatus Kaiyote,"Recalibrations, Vol. 1",86.883,,5,3204,SqI3zHVnqAU,,,,,
Nakamarra,Hiatus Kaiyote,Tawk Tomahawk,180.707,,8,3205,MvB77oYXlvU,,,,,
NAFÉ,Branko;Ellah,NAFÉ,127.997,,3,3206,IBcb4JeVoyM,,,,,
Mohabbat,Kambi,Mohabbat,,,,3207,bZGH3gPOx6g,,,,,
nada/tudo,O Terno,<atrás/além>,,,,3208,0wQMaWeIlT8,,,,,
Myxomatosis,Radiohead,Hail To the Thief,99.124,3:52,7,3209,PxOO8YkB_Og,,,,,
Mythological Beauty,Big Thief,Capacity,106.675,,10,3210,71wRQgEBTS0,,,,,
Mystic Journey (Freestyle),Jhené Aiko,Trip,,,,3211,obv3Q7eW9Vc,,,,,
Mystery Lady,Masego;Don Toliver,Studying Abroad,76.307,,3,3212,LPNPUgWYU3E,,,,,
MYSTERY,Turnstile,GLOW ON,69.421,,4,3213,uwYg1hOGRQQ,,,,,
MYSELF,"K$upreme, Evil Giane, & SlimeSito",Surf Da World,,,,3214,39fdv5vbZSw,,,,,
My wrist,Yeat;Young Thug,My wrist,,,,3215,4NDSOSDfDAo,,,,,
My Whole Life,Alina Baraz,It Was Divine,180.144,,11,3216,KHHTlyGaOlQ,,,,,
My Way Home (feat. Common),Kanye West,Late Registration,86.965,,8,3217,TgAomHGqKUM,,,,,
My Way,Young the Giant,American Bollywood,81.977,,11,3218,8XM3WdbTo54,,,,,
My Way,ProdWithFlavor,My Way,128.979,,9,3219,UXd5Tdlbjak,,,,,
My Style (feat. Justin Timberlake & Timbaland),The Black Eyed Peas,Monkey Business,,4:29,,3220,ruNHpkWTopY,,,,,
my strange addiction,Billie Eilish,"WHEN WE ALL FALL ASLEEP, WHERE DO WE GO?",100.029,,8,3221,k1ATPhkVWi0,,,,,
My star,MAMAMOO,White Wind,147.951,,7,3222,3Pni1FuJRCQ,,,,,
My Room is White (Flying Lotus Remix),Mia Doi Todd & Flying Lotus,La Ninja: Amor and Other Dreams of Manzanita,,,,3223,CGH5IEJqDx8,,,,,
My Old Man,Mac DeMarco,This Old Dog,,,,3224,R58dDpdeh3Q,,,,,
My Mistake,Vampire Weekend,Father of the Bride,79.79,,7,3225,P58C43mButw,,,,,
My Mind,MPH,Refraction,136.946,3:52,7,3226,bTxe9TXS_kc,,,,,
My Love (feat. T.I.),Justin Timberlake,FutureSex/LoveSounds Deluxe Edition,119.952,,11,3227,3LmSjmcUNh8,,,,,
My Imagination (feat. dvsn),Majid Jordan,The Space Between,129.001,,0,3228,eBqSN0G7RW4,,,,,
My Humps,The Black Eyed Peas,Monkey Business,,,,3229,PJeZEOswwAw,,,,,
My Guru,Dan the Automator,"Bombay The Hard Way- Guns, Cars, & Sitars",182.703,,0,3230,glOOvZeXA2A,,,,,
My Flaws Burn Through My Skin Like Demonic Flames from Hell,$uicideboy$,I No Longer Fear the Razor Guarding My Heel,125.974,,11,3231,S0KAAsanVms,,,,,
My Favorite Drug,Justin Timberlake,Everything I Thought It Was,119.991,,6,3232,N-fH327xjzk,,,,,
my ex's best friend,mgk;blackbear,Tickets To My Downfall,,,,3233,umfi3r2tk6Q,,,,,
my boy,Billie Eilish,dont smile at me,89.936,,11,3234,EmMZDOupR68,,,,,
My Body's Made of Crushed Little Stars,Mitski,Puberty 2,81.914,,7,3235,jOclQK8uocI,,,,,
My 1st Song,JAŸ-Z,The Black Album,117.85,,4,3236,colv2Wy2q7E,,,,,
Muthu Mazhaiye,Devi Sri Prasad;Vairamuthu;Sagar;Sumangali,Mazhai (Original Motion Picture Soundtrack),104.961,,10,3237,cdYQIanF1vw,,,,,
mutable signs,Vayda,breeze,159.032,,2,3238,wt2SJzvvHjM,,,,,
Music To Make You Stagger,Thievery Corporation,Treasures From The Temple,152.045,,4,3239,qNN9zZ1AA4o,,,,,
Music Sounds Better with You,NEIL FRANCES,Stay Strong Play Long,118.023,,8,3240,wKWFRtpNPZ4,,,,,
Music is Mine,Nujabes,Modal Soul,105.987,,6,3241,d1TuAtxF0Lo,,,,,
Murda Blocc (feat. A$AP Ferg),Maxo Kream,Brandon Banks,80.026,,11,3242,_G1HcpcAMDY,,,,,
Mural,Lupe Fiasco,Tetsuo & Youth,81.637,8:48,1,3243,vkHrPyoEtSI,,,,,
mumbleman,Niontay,Fada<3of$,140.067,,11,3244,GUWIeEXxuEw,,,,,
Mumble Rap,Lupe Fiasco,Samurai,92.242,,9,3245,MTMyoVt5GHs,,,,,
Mulholland,James Blake,Assume Form,110.688,,1,3246,2MtBlCDwTJc,,,,,
Muizenberg,John Wizards,,81.427,,4,3247,0AZaMK1EQVo,,,,,
Muitos Chocolates,Banda do Mar,,143.119,,9,3248,h42eqL9JHWw,,,,,
Mugen Woe,Xavier Wulf,,117.047,,5,3249,67dBpwPaBLE,,,,,
Mt. Etna,Action Bronson,,136.183,,7,3250,o97Sk7b8dfE,,,,,
Mrs. Deborah Downer,Mac Miller,,148.692,,6,3251,k9mlznTARbw,,,,,
Mr. White,Khruangbin,The Universe Smiles Upon You,88.223,4:58,5,3252,E6EtluMrdU4,,,,,
Mr. Telephone Man,Erykah Badu,,167.844,,8,3253,mg197RfRPMg,,,,,
Mr. T,Westside Gunn,,80.296,,2,3254,_OA7lTl2oLo,,,,,
Mr. Nigga,Mos Def,,113.021,,9,3255,A3TilwlPvP4,,,,,
Mr. Loverman,Shabba Ranks,,172.959,,7,3256,1V5z_UfGOo8,,,,,
Mr. 17.5,Young Jeezy,,,,,3257,lZDzJbgX4Vg,,,,,
MOVING FWD >> (feat. Emz),SICARIA;Lou Nour,MOVING FWD >>,140.002,3:25,17,3258,s0Irm549GCc,,,,,
Moving,Akira Kosemura,,132.822,,0,3259,WuT-oyNQhIg,,,,,
Mounted Up,JID,,108.126,,8,3260,VFfVgXBFHzc,,,,,
Motorway,Salami Rose Joe Louis,,119.833,,6,3261,1OwKtTpddqA,,,,,
Motley Crew,THEY.,,105.029,,6,3262,LK5MTuOcRhk,,,,,
Motivation Foreign (Skit),A$AP Mob,,107.553,,1,3263,tWy8ae14lgk,,,,,
Motion Picture Soundtrack,Radiohead,Kid A,93.668,3:20,7,3264,EcSvMFm2ABE,,,,,
Mother Of Pearl,Pram,The Museum Of Imaginary Animals,104.088,5:09,1,3265,80Zp2CKEDzA,,,,,
Mother,Blonde Redhead,Melody of Certain Damaged Lemons,149.119,2:08,6,3266,52992DGN7N4,,,,,
MOST AIN’T DENNIS,Kid Cudi,INSANO,119.992,2:37,1,3267,pUO0ATWIRb0,,,,,
MOST,Saba,Bucket List Project,108.001,3:33,10,3268,K3m79Th2pco,,,,,
Mortal Man,Kendrick Lamar,To Pimp A Butterfly,86.935,12:07,10,3269,axwpgn3GRMs,,,,,
Morse Code (feat. Odile & Geoffroy),Men I Trust,Headroom,116.003,3:25,10,3270,PPe_CskG_Mo,,,,,
Morph,twenty one pilots,Trench,90.023,4:18,8,3271,rYuBU7YzZ-c,,,,,
morningmist.,Bsterthegawd,morningmist.,86.283,2:08,1,3272,dsoV59S1gHk,,,,,
Morning Bell,Radiohead,Kid A,142.137,4:35,2,3273,XTT6k3Q4JnQ,,,,,
MOONSPELL,ISOxo,kidsgonemad!,139.995,3:01,1,3274,EOMvQRYDXRo,,,,,
Moonlight on the River,Mac DeMarco,This Old Dog,,,,3275,kXC8kzgY9tw,,,,,
Moonlight,XXXTENTACION,?,128.009,2:15,9,3276,ic9KOmxNrDc,,,,,
Mood,Rico Nasty,,140.168,,7,3277,pUBsSw6I4TU,,,,,
Monëy so big,Yeat,Up 2 Më,138.016,2:40,2,3278,w1GBTgxIvcY,,,,,
monumental shame,SPIRIT OF THE BEEHIVE,Hypnic Jerks,162.213,3:37,9,3279,4ynpVgx83qg,,,,,
Montego Bae (feat. Ravyn Lenae),Noname,Room 25,151.936,,5,3280,63oRgXgP8IM,,,,,
Monte Carlo (WET),Toro y Moi;WET,Outer Peace,,,,3281,n2smGOaNMdQ,,,,,
"Monster (feat. JAŸ-Z, Rick Ross, Nicki Minaj & Bon Iver)",Kanye West,My Beautiful Dark Twisted Fantasy,124.887,,2,3282,pS6HRKZQLFA,,,,,
Monomyth,Animals As Leaders,Parrhesia,185.475,,7,3283,LW1HrdPdpAA,,,,,
Monks,Frank Ocean,channel ORANGE,102.02,,0,3284,HFVlEft9uEs,,,,,
Monki,Unknown Mortal Orchestra,II (10 Year Anniversary Edition),166.906,,9,3285,eqAPfgjUJAM,,,,,
Money On The Dresser,Young Thug,BUSINESS IS BUSINESS,159.982,,8,3286,8s1dY7xXWTE,,,,,
"Money Man (feat. A$AP Rocky, A$AP Nast & Yung Lord)",A$AP Mob,Cozy Tapes: Vol. 1 Friends -,129.993,,0,3287,nNe4TkGyLwI,,,,,
Money Made Me Do It (feat. 2 Chainz),Post Malone,Stoney (Deluxe),83.025,,7,3288,m4racJaB-h4,,,,,
Money In The Way,2 Chainz,Rap Or Go To The League,85.007,,7,3289,pde5ydUqbQA,,,,,
Money Flows,Kim Ximya X D. Sanders,Moonshine,,,,3290,Nh5NzCnxw14,,,,,
Money Callin,Gucci Mane,Evil Genius,119.962,,2,3291,f4krLAkFXuM,,,,,
Mona Lisa Left Eye,Zelooperz,Dali Aint Dead,111.103,,1,3292,Q1ocf-n4pQw,,,,,
Mona Lisa,Dominic Fike,Sunburn,111.043,,1,3293,i4KrrgQi6tI,,,,,
MOMENTUM (feat. Ilykimchi),"Skrillex, Zacari, & Starrah",F*CK U SKRILLEX YOU THINK UR ANDY WARHOL BUT UR NOT!! <3,,,,3294,YA9ivB6ahZE,,,,,
Moments (feat. Big Sean),Jhené Aiko,Trip,117.299,,1,3295,Vf7HMYt01os,,,,,
Momentine,Lapalux,Amnioverse,125.979,,1,3296,ZPAvcr5w7Cg,,,,,
Moment Of Your Life,Brent Faiyaz;Coco Jones,Moment Of Your Life,128.017,3:15,10,3297,pa5bmlwTDis,,,,,
Moment of Hesitation (Instrumental),Flying Lotus,You're Dead! (Deluxe Edition),,,,3298,YNbYwkZZJMQ,,,,,
Moment of Hesitation,Flying Lotus,You're Dead!,154.114,,11,3299,65UxkX5t2mI,,,,,
Molasses (feat. RZA),Earl Sweatshirt,Doris,79.422,,1,3300,QGm4DGHgebk,,,,,
Molasses,Nai Palm,Needle Paw,85.54,,2,3301,YZCeZ_4hWW4,,,,,
MOJABI GHOST,Tainy;Bad Bunny,DATA,122.021,,9,3302,SNggiMGVaVg,,,,,
Mohabbat,Arooj Aftab,Vulture Prince,83.089,,9,3303,DrL81SOUv9o,,,,,
Modern Soul,James Blake,The Colour In Anything,70.418,,1,3304,C1XXgsIkh4o,,,,,
Modal Soul (feat. Uyama Hiroto),Nujabes,Modal Soul,117.11,,5,3305,h5IJl1TkdNo,,,,,
Mobius,Nai Palm,Needle Paw,173.202,,0,3306,BPJ_3ArN-8Y,,,,,
Mo(u)rning (feat. Earl Sweatshirt),Black Noi$e,OBLIVION,146.371,,9,3307,zFdvDL3mNl8,,,,,
"Mnike (feat. DJ Maphorisa, Nandipha808, Ceeka RSA & Tyron Dee)",Tyler ICU;Tumelo.za,Mnike,,,,3308,5jh-RdF83TA,,,,,
MK 1,Radiohead,In Rainbows (Disk 2),80.148,,1,3309,Otr8Wp8Ip98,,,,,
MJRH,Lifafa,Jaago,90.233,,1,3310,SsTkySHm3UE,,,,,
Misty,Laufey,Bewitched,66.539,,0,3311,CRjs2tGSrSY,,,,,
mister misfit but ain't missed a fit in months,Smino,mister misfit but ain't missed a fit in months,162.006,,5,3312,0FKrnLuizJQ,,,,,
Mister (feat. 21 Savage),Young Nudy;Pi’erre Bourne;21 Savage,Sli'merre,142.957,2:54,1,3313,Vxh_59L3doo,,,,,
Mistah Telephone,Khüdósoul,"NOSEDIVE ARCHIVES, Vol. 1",127.997,1:15,2,3314,arwKZCswMNg,,,,,
Missing You,STRFKR,Vault Vol. 2,106.952,,4,3315,MYZDybv2qtw,,,,,
Missin Out,Brent Faiyaz,Sonder Son,78.011,,7,3316,uJfQv8eLngc,,,,,
Missed Calls,EARTHGANG,Strays with Rabies,127.914,,9,3317,hbwSx96dS70,,,,,
Miss You,Alabama Shakes,Sound & Color,164.379,,9,3318,C4X-dkbJoJU,,,,,
Miss You,STRFKR,Starfucker,99.887,,10,3319,3SGvD8j3X2k,,,,,
Miss Right,Anderson .Paak,Venice,,,,3320,lf3TJh2oUzM,,,,,
Miss Modular,Stereolab,The Studio Album Collection 1992-2004,112.745,,6,3321,a_uzmCxzWLs,,,,,
Miss Camaraderie,Azealia Banks,Broke with Expensive Taste,134.989,5:09,11,3322,dsgldNWyUqM,,,,,
Misleading,Josh Baker,Misleading,127.031,,7,3323,LmnZDRnj4IE,,,,,
Misery Business,Paramore,Riot!,172.977,,1,3324,1VPotzhpAGE,,,,,
Misery (Acoustic Version),Maroon 5,Pure Acoustic 2022,,,,3325,wnRiuNYFSBA,,,,,
Mirror Master,Young the Giant,Mirror Master,159.906,,9,3326,hSozqIFfFn4,,,,,
Mirror Freak,Good Morning,Prize//Reward,104.735,,1,3327,ELVq-6-FAMU,,,,,
Mine To Miss,American Football,American Football (LP3),125.022,,3,3328,b7ZYwHIFgZw,,,,,
Mine & Yours,Sango & Earlly Mac,North Vol. 2,,,,3329,WhcV8RTVXdE,,,,,
Mine,The 1975,A Brief Inquiry Into Online Relationships,112.103,4:06,4,3330,nHDf1iq-yC0,,,,,
Mine,Alex Isley;Jack Dine,Mine,67.492,,6,3331,D-x8JEYcVWQ,,,,,
Minds Without Fear (feat. Vishal-Shekhar),Imogen Heap,Sparks (Deluxe Version),87.025,,10,3332,HHhr-jjHEVk,,,,,
minds of men,FKA twigs,CAPRISONGS,130.789,3:24,11,3333,4DuCN64rs3s,,,,,
mind your business,Zack Fox,shut the fuck up talking to me,89.475,,1,3334,V09OfsuilZY,,,,,
Mind Of The Playa Creep,Slim Guerilla,SG THRILLA MANE RADIO,140.06,,4,3335,cjFWz6RHvL4,,,,,
MiNd Of MiNdd (Intro),ZAYN,Mind Of Mine (Deluxe Edition),110.04,,11,3336,fUzIXbvgIPU,,,,,
Millions,Tierra Whack,Rap?,120.019,,6,3337,LOUmlnUjTo0,,,,,
Milk It,Nirvana,In Utero (20th Anniversary Remaster),136.293,,1,3338,X0d2f_EqXNc,,,,,
Milk (2021 Remaster),Sweet Trip,You Will Never Know Why (2021 Remaster),,,,3339,IXyMOU3S90I,,,,,
Lights Out,Sølv,Lights Out,,,,3340,0bi5Z5NFDSU,,,,,
Mile After Mile,Grapetooth,Grapetooth,120.088,,2,3341,MImfQkZOcF0,,,,,
Midnight Racer,Sam Gellaitry,Escapism III,102.585,,0,3342,KJ2vuxLKpSg,,,,,
Midnight in Peckham,Chaos In the CBD & Isaac Aesili,Midnight in Peckham,,,,3343,1QojHX4_0e8,,,,,
Midnight,Coldplay,Ghost Stories,126.974,,1,3344,L5uqSeA_bps,,,,,
Middy Titty,Paulie Leparik,Neon Daydream,,,,3345,LOJ1bIq_vrY,,,,,
MIDDLE OF THE NIGHT,Elley Duhé,MIDDLE OF THE NIGHT,185.727,,4,3346,4zsVKROnQfY,,,,,
Michelle,S Maharba,,,,,3347,445tvdRBjWU,,,,,
Michael Jordan,Kendrick Lamar,,153.987,,9,3348,M8X00YNrM5s,,,,,
Michael Irvin,Westside Gunn,,179.926,,2,3349,zTwE-9FGOiM,,,,,
Miami,Kali Uchis,,95.933,,11,3350,R896fNYXKKw,,,,,
Miami,Nicki Minaj,,157.016,,10,3351,l-GP1jdluVY,,,,,
Mia,Banda do Mar,,132.03,,2,3352,9989k2zVZrk,,,,,
Metro Spider,Metro Boomin,,,,,3353,A7KEdBtv7xQ,,,,,
Method to My Madness,Boldy James,,126.966,,4,3354,Dn0ierHDr1o,,,,,
Metabolism,The Strokes,,162.004,,8,3355,5YEHqiyb7AE,,,,,
MET GALA,Gunna,,117.089,,1,3356,CefVH_8FMEg,,,,,
Messy Love,Mura Masa,,109.988,,2,3357,rgBmF91pEeY,,,,,
Messy Hair,TV Girl,,140.12,,11,3358,Cn8cMW5_pr8,,,,,
Message to Michael (a.k.a. Message to Martha),Dionne Warwick,,,,,3359,WLnWFOBJzAg,,,,,
Meri Hoja Ni,The PropheC,,116,,4,3360,QnNhrR91UTE,,,,,
Mere Saath,Lifafa,,104.979,,1,3361,tzu3K8vYpEc,,,,,
Meow,ZelooperZ,,140.088,,9,3362,7Pee5Jad6Cw,,,,,
Menthol (Live),Spotify Ten Version,,,,,3363,AJxF2XHLzkE,,,,,
Mental Magneto,Ski Mask The Slump God,,70.048,,7,3364,9YQOkMeZlT0,,,,,
Menina de Vermelho,MC Menor JP;RAMONMIX;The Ironix,Menina de Vermelho,129.742,2:31,6,3365,DPGr0OvPlxU,,,,,
Menace,Roy Woods,Waking at Dawn,100.014,4:53,0,3366,UuoAItcxDrE,,,,,
menace,Zack Fox,shut the fuck up talking to me,159.005,2:02,6,3367,uErMrmWp6Z0,,,,,
Memo Blue,Alina Baraz,It Was Divine,117.483,,1,3368,riE16MqbFLE,,,,,
Melt!,Flying Lotus;Monopoly,L.A. EP 2 X 3,90.96,3:48,11,3369,GrClj2niTgg,,,,,
Melody of Certain Three,Blonde Redhead,Melody of Certain Damaged Lemons,85.556,3:53,5,3370,7lUG9QXg5vo,,,,,
Meh,Playboi Carti,Whole Lotta Red,81.541,1:58,1,3371,5QTdg0Ne6VI,,,,,
memoryz,Jaydonclover,,,,,3372,9r6o6PCXyX0,,,,,
Meet You In The Maze,James Blake,The Colour In Anything,107.448,4:55,10,3373,ahEhNpZNlzA,,,,,
Meet Me in the Bathroom,The Strokes,Room On Fire,139.956,2:56,7,3374,Ykvf7oR0JBY,,,,,
Meena Lisa,Begum,Are you ok?,77.517,2:27,2,3375,cqvC24E_buw,,,,,
Medusa,Roy Woods,Say Less,95.995,3:56,7,3376,gPVcE1z8wnA,,,,,
Medley: Summer Love / Set the Mood (Prelude),Justin Timberlake,FutureSex/LoveSounds Deluxe Edition,120.107,6:24,0,3377,_syGj9ZrQyw,,,,,
Medley: One / Take 5 (Live),Rodrigo y Gabriela,,,,,3378,MWs72LRMeAY,,,,,
Meditation No. 2,Laraaji;Brian Eno,Ambient 3: Day Of Radiance,80.923,7:50,2,3379,kEu3vJ3ux0E,,,,,
Meditation No. 1,Laraaji;Brian Eno,Ambient 3: Day Of Radiance,138.922,,2,3380,X6DxwTi2FNU,,,,,
Meditation,Astrud Gilberto,The Astrud Gilberto Album,132.597,,0,3381,pqTsqR-Ta6U,,,,,
Measurements,James Blake,James Blake,120.401,,9,3382,KbvYyNkzNKM,,,,,
Me Voy a Morir de Tanto Amor,Alberto Iglesias,Lucía y el Sexo (Banda Sonora Original),193.16,,2,3383,YAOdcEYMZNc,,,,,
Me Sinto Ótima,Banda do Mar,Banda do Mar,125.963,,4,3384,kR5k729HlLQ,,,,,
Me Now,Denzel Curry,Imperial,140.072,,8,3385,a2MstKPoN18,,,,,
me jodi...,Tainy;Arcangel,DATA,99.883,,1,3386,TnwpS-IsRyc,,,,,
Me Encantaría Ir a una Isla,Alberto Iglesias,Lucía y el Sexo (Banda Sonora Original),165.113,,7,3387,KAXO6wgQg-I,,,,,
Me and My Husband,Mitski,Be the Cowboy,171.95,,1,3388,TU_Dbxciei8,,,,,
Me and Michael,MGMT,Little Dark Age,111.985,,9,3389,kIdftKW2LuU,,,,,
Me,Erykah Badu,New Amerykah Part One (4th World War),94.18,,2,3390,VB2WLfchrJs,,,,,
mañana,Tainy;Young Miko;The Marías,DATA,92.012,,9,3391,giPt2ECRPIc,,,,,
Mayya Mayya (The Desert Groove Mix),A.R. Rahman;DJ Lloyd;Rehab,Perfect 10: AR Rahman - The Spirit of Music,,,,3392,xpEtsaQK2Hs,,,,,
May,Monte Booker,May (feat. Ravyn Lenae),120.03,,11,3393,OJ_zfvxYDTQ,,,,,
Max B (feat. Joe Fox),A$AP Rocky,AT.LONG.LAST.A$AP,76.277,,5,3394,CQEr5oRDs7Q,,,,,
Maturity,parth tunes,Maturity,154.004,,2,3395,DuEot_Uisbg,,,,,
Mature Nature,Kid Cudi,"Passion, Pain & Demon Slayin'",106.007,,9,3396,R7HIBNezLBM,,,,,
Matinee,Smino;Kal Banx,Luv 4 Rent,163.972,,1,3397,JTaPCgzaVgk,,,,,
Matilda,Harry Styles,Harry's House,114.199,,2,3398,IRfQI9Y6EK0,,,,,
マセマティックス - Mathematics,Mos Def,Black On Both Sides,,,,3399,8Ir-zFC9nFE,,,,,
Two Matches (feat. Ab-Soul),Mac Miller,GO:OD AM,,,,3400,XuuSIaQQIyc,,,,,
Matar Al Sabah,Ferkat Al Ard,Oghneya (Habibi Funk 019),88.519,,7,3401,c9_LqHNQhtw,,,,,
Matangi,MEMBA;SLUMBERJACK,Matangi,160.002,,9,3402,efp-ofHT_5k,,,,,
Mata Ki Asis (feat. Ami Dang),Sonny Singh,Sage Warrior,130.047,,0,3403,nFQGGIEVrMI,,,,,
Master P,"KAYTRAMINÉ, Aminé, KAYTRANADA, and Big Sean",KAYTRAMINÉ,,,,3404,_dm_PnrBsoU,,,,,
Master & A Hound,Gregory Alan Isakov,This Empty Northern Hemisphere,134.915,,9,3405,B83zL6lkq_A,,,,,
Mast Qalandar (The Sufi Qawali Joint),Raf Saperra,Ruff Around The Edges,97.97,,7,3406,4U8pNOaIOHY,,,,,
Massage Situation,Flying Lotus,Reset EP,93.06,,3,3407,9fzGGbiJags,,,,,
massacre.,JELEEL!;Bloody Civilian,Xistence.,,,,3408,CNs1yUC35B0,,,,,
MASSA,"Tyler, The Creator",CALL ME IF YOU GET LOST,157.181,,1,3409,_U5xtAaHRuU,,,,,
Mashoor,Sheherazaad,Qasr,111.844,,9,3410,eriy_skyquo,,,,,
Mary On A Cross,Ghost,13 Commandments,129.987,,11,3411,ohA5H_70k90,,,,,
Mary Boone,Vampire Weekend,Only God Was Above Us,95.461,,1,3412,orcq-_ZKd2U,,,,,
Marvins Room,Drake,Take Care (Deluxe),111.519,,9,3413,JDb3ZZD4bA0,,,,,
Martian (Intro),Takeoff,The Last Rocket,,,,3414,-Fil1_Xvjwc,,,,,
Married in a Gold Rush (feat. Danielle Haim),Vampire Weekend,Father of the Bride,104.882,,9,3415,sdiQpTS92uU,,,,,
Marking My Time (BADBADNOTGOOD Edit),Elmiene;BADBADNOTGOOD,Marking My Time (BADBADNOTGOOD Edit),,,,3416,zsRS2kZKiVs,,,,,
"Margazhi Thingal Allava (From ""Sangamam"")","A.R. Rahman, P. Unnikrishnan, Srimathumitha, S. Janaki, and Vairamuthu","Golden Collections of Unnikrishnan, Vol. 1",,,,3417,x0zpIDTVNBc,,,,,
Marionette 2,STRFKR,Vault Vol. 2,120.08,,0,3418,VckxiVg6rKc,,,,,
Marinate,Zack Fox,IHY2LN + Marinate,96.01,,4,3419,9dqqrn7Y0Ns,,,,,
Marigold,Baalti,Nans / Marigold,125.017,,10,3420,HpGdT4ElppU,,,,,
Maria También,Khruangbin,Con Todo El Mundo,103.61,,6,3421,H_kvg5fV6mw,,,,,
Maria Reprise,STRFKR,Vault Vol. 3,173.098,,5,3422,xxiUiK8up5w,,,,,
Maria I'm Drunk (feat. Justin Bieber & Young Thug),Travis Scott,Rodeo,105.989,,4,3423,fI-mnYR-Mp8,,,,,
Maria,STRFKR,Vault Vol. 3,96.427,,9,3424,LnnBHvd67G4,,,,,
Marea (we’ve lost dancing),Fred again..;The Blessed Madonna,Actual Life (April 14 - December 17 2020),123.023,,5,3425,pZ_zeodlRRY,,,,,
Mardi Gras Beads,Parquet Courts,Wide Awake!,118.688,,9,3426,zwqDZJFPb1g,,,,,
Maraca,Smino,blkswn,74.282,,6,3427,Fv1bchdDSG4,,,,,
Mar-a-Lago,Freddie Gibbs;The Alchemist,Alfredo 2,139.419,,5,3428,hdrrEmuMciM,,,,,
mantra is repeated,SPIRIT OF THE BEEHIVE,Hypnic Jerks,110.035,,11,3429,YlI214u3Zsc,,,,,
Mantra,Earl Sweatshirt,"I Don't Like Shit, I Don't Go Outside: An Album by Earl Sweatshirt",98.247,,1,3430,S1kezgf_fIs,,,,,
Mansard Roof,Vampire Weekend,Vampire Weekend,165.406,,5,3431,bECAsAL6fpM,,,,,
Mansa Musa (feat. Cocoa Sarai & Dr. Dre),Anderson .Paak,Oxnard,91.422,,2,3432,Q47k0CO3vNs,,,,,
Mann Ki Baat,Lifafa,SUPERPOWER 2020,100.014,,1,3433,ad7eFwzk7UQ,,,,,
Manilla,Lupe Fiasco,DROGAS WAVE,139.92,,4,3434,OgL2jOJQaKc,,,,,
Mandy,Fimiguerrero,New World Order,143.992,,10,3435,4hLJVSdr9dw,,,,,
Mancala (feat. Vince Staples),Earl Sweatshirt;The Alchemist,VOIR DIRE,76.925,,5,3436,YDp7ujaAI3A,,,,,
Manakins,Mac Miller,Balloonerism,144.147,,9,3437,RllrkskBqd0,,,,,
Man I Need,Olivia Dean,The Art of Loving,119.009,3:04,1,3438,fsGjRf-N71I,,,,,
man i is,Logic,No Pressure,74.999,,10,3439,7RmmXnuikqo,,,,,
man at the garden,Kendrick Lamar,GNX,91.997,,7,3440,T9Sw9s_VMSI,,,,,
Mama/Show Love (feat. YBN Cordae),Logic,Confessions of a Dangerous Mind,154.053,,0,3441,Ny4bdrDl75U,,,,,
Mama's Boy,Dominic Fike,Sunburn,78.964,,9,3442,h2zAu4S1-jg,,,,,
Mama Bling,Abhi The Nomad,Marbled,,,,3443,H_p1EqxLLIs,,,,,
Malt Liquor,Lewis Del Mar,Lewis Del Mar,122.001,4:21,8,3444,MfjFt9SmBtA,,,,,
Malmo,STRFKR,Miracle Mile,132.06,,9,3445,Qi02qL6igbA,,,,,
Mallorca,RY X,,155.855,,9,3446,ynawxN_ohlE,,,,,
Male Fantasy,Billie Eilish,,110.927,,2,3447,TsANEWfyi8E,,,,,
MALDICIÓN (Cap.10: Cordura),ROSALÍA,,,,,3448,dHXSUAjjWOM,,,,,
Maladapted,Hail The Sun,,162.954,,1,3449,UERlrb06x50,,,,,
Makin Moves,TroyBoi,,73.963,,5,3450,k6pR7y3Nsjk,,,,,
Make My Bed,King Princess,,138.243,,0,3451,0apq8a3C71U,,,,,
Make Me Proud,Drake,,131.913,,1,3452,vtEL0uKO4tA,,,,,
MAKE ME DANCE,Mr. Carmack,CHAOS,135.031,3:22,1,3453,tRJL_YHokZE,,,,,
Make It Right,BTS,,105.766,,7,3454,cVVs1loGEVg,,,,,
Make Believe,Saba,,155.998,,7,3455,CCjoB-smPZE,,,,,
Make a Wish,Lisha G,,132.908,,1,3456,5Huje9LaHJI,,,,,
Majupose,Kikagaku Moyo,,160.012,,9,3457,Vwn2T_aq6F4,,,,,
Major League Chemicals,Unknown Mortal Orchestra,,115.978,,3,3458,0owjlA1LUIk,,,,,
Majesty,Nicki Minaj,,,,,3459,Jafq6trT5yo,,,,,
Mais Ninguém,Banda do Mar,,76.478,,9,3460,lVTYBwK6bO4,,,,,
Maintain,Dave East,,136.987,,0,3461,_jV1KbJtZk8,,,,,
Vishnu Sahasranamam,M.S.Subbulakshmi,,,,,3462,ATflA6WOy0I,,,,,
Mah's Joint,Jon Bellion,,177.907,,0,3463,jUVyHEYWWZc,,,,,
Magnolia (triple j Like A Version),Odette,To A Stranger,,3:56,,3464,G4j8UVVHcRU,,,,,
Magikess,Ivy Lab,Peninsula EP,172.013,4:07,1,3465,8u-e9PuHPPs,,,,,
Magic Shop,BTS,Love Yourself 轉 'Tear',149.926,4:35,1,3466,38k5zr1e0HI,,,,,
Magic Dealer,Big Thief,U.F.O.F.,127.409,3:01,3,3467,8Xlln1caL5U,,,,,
Magic City,Gorillaz,The Now Now,90.088,3:59,7,3468,G8ni4IL4rxg,,,,,
Magic,Coldplay,Ghost Stories,93.457,4:45,6,3469,219pQObZq2I,,,,,
MAGIC,slowthai;Kenny Beats,MAGIC,136.001,2:12,1,3470,WyeG9vH4sWA,,,,,
Magazine,Toro y Moi;Salami Rose Joe Louis,MAHAL,120.194,3:11,7,3471,osKi0IeCY7Y,,,,,
"Made Me Everything, Pt. 2",TOBi,,,,,3472,RRON5C3CGlk,,,,,
Mad Stalkers,21 Savage;Offset;Metro Boomin,Without Warning,135.004,3:22,10,3473,kcYSVpfGjgQ,,,,,
Mad Solar,Kid Cudi,Indicud,150.438,4:08,3,3474,MMObhMVQzX0,,,,,
Mad Russian,Gucci Mane,,79.94,,17,3475,ar56V7pgiU0,,,,,
Machinist,Japanese Breakfast,Soft Sounds from Another Planet,125.026,3:37,9,3476,Wt5XeDz4zQs,,,,,
Mac Deuce,Earl Sweatshirt;The Alchemist,VOIR DIRE,73.606,2:08,11,3477,bfUw3HE4BmI,,,,,
M.F.U.,Yeat;SahBabii,DANGEROUS SUMMER,131.999,2:43,8,3478,T4CSO2_sxJo,,,,,
L'ARGENT,Shawny Binladen,Last Grinch Standing,160.019,,10,3479,XAJXHOZVwSQ,,,,,
Løb Stop Stå (feat. Coco & Coco O.),Boom Clap Bachelors,Mellem Dine Læber,93.603,,0,3480,59C9CmgtGMs,,,,,
Lyk Dis,NxWorries,Yes Lawd!,81.139,2:30,11,3481,HdImM__iStg,,,,,
Luz de Luna (feat. Los Macorinos),Natalia Lafourcade,"Musas (Un Homenaje al Folclore Latinoamericano en Manos de Los Macorinos), Vol. 2",141.12,,0,3482,_vWDtOUeGHg,,,,,
Luxurious,Gwen Stefani,Love. Angel. Music. Baby. (Deluxe Version),131.025,,0,3483,vIhlZKxi8AU,,,,,
Lux Prima,Karen O;Danger Mouse,Lux Prima,153.004,,0,3484,aruTly7Aa-8,,,,,
"Luv (sic) 12"" Remix",Nujabes,Luv(sic) Hexalogy,92.017,,6,3485,wvpiy6CF-zQ,,,,,
Luv (sic),Nujabes,Luv(sic) Hexalogy,93.016,,1,3486,fDuNxaxnORM,,,,,
Lust For Life (The Avener Rework),Lana Del Rey,,,,,3487,0NFY_PR-kyI,,,,,
Lust,Redeyes,Lust,172.008,4:49,1,3488,zcGIhgi2BCs,,,,,
Lunar Sunrise,STRFKR,Vault Vol. 3,179.253,,5,3489,z-Fo4UxjnVY,,,,,
Luna Zep,The F16s,Triggerpunkte,125.025,,4,3490,TaBFAwv45Ss,,,,,
Lucía,Alberto Iglesias,Lucía y el Sexo (Banda Sonora Original),31.689,,2,3491,kC0tgrog8jc,,,,,
lUcOzAdE,ZAYN,Mind Of Mine (Deluxe Edition),100.008,,7,3492,0jMO4B6pnYs,,,,,
Lucky You (feat. Joyner Lucas),Eminem,Kamikaze,153.068,,10,3493,-fMKC9m6NyU,,,,,
Lucky,Radiohead,OK Computer,133.442,4:18,11,3494,yuZYQvvLXVY,,,,,
LSD,Jhené Aiko,Trip,86.847,,2,3495,nzSVvANvfOA,,,,,
Loyal,ODESZA,A Moment Apart (Deluxe Edition),140.024,,2,3496,2BeoKB1qCZ4,,,,,
lowtide,zealous mindz,lowtide,,,,3497,JmcQpjXjnvM,,,,,
Lovin' You,Minnie Riperton,Perfect Angel,72.029,,9,3498,HpJ89eaALCg,,,,,
Lovesick,Laufey,Bewitched,104.973,,4,3499,TxpVLoYDgwo,,,,,
Loveseat (feat. Unknown Mortal Orchestra),Heems,A Hundred Alibis,120.017,4:02,22,3500,mbmlAvcv9Gc,,,,,
Lovers in Japan,Coldplay,Viva La Vida (Prospekt's March Edition),118.217,,7,3501,tqx3U-I71Wk,,,,,
lovergirl (Tommy Villiers VIP Mix),piri;Tommy Villiers,lovergirl (Tommy Villiers VIP Mix),,,,3502,1frNiKckH94,,,,,
Lover of Mine,Beach House,Teen Dream,97.253,,9,3503,INH4wE6nkVI,,,,,
Lover Is a Day,Cuco,wannabewithu,180.044,,3,3504,sIKgU2TshtI,,,,,
Lovely (feat. Pusha T),John West,John West,89.275,,5,3505,AqBaRG35iek,,,,,
Loved Despite of Great Faults,Blonde Redhead,Melody of Certain Damaged Lemons,188.706,,0,3506,n1qX2Ux2eMg,,,,,
Love Ya,Blood Orange & Zuri Marley,Freetown Sound,,,,3507,u_PjM0sRCjc,,,,,
Love Sosa,Chief Keef,Finally Rich,131.964,,0,3508,OrYjTUbyLZ4,,,,,
Love Sex Magic (feat. Justin Timberlake),Ciara,Love Sex Magic,106.952,,10,3509,3ictvSpFnF8,,,,,
Love Scars 3,Trippie Redd,A Love Letter To You 3,69.726,,8,3510,Ob1UJtFI06E,,,,,
Love Me In Whatever Way,James Blake,The Colour In Anything,123.489,,8,3511,iUIVMIMEaQg,,,,,
Love Me As I Have Loved You,Mac Miller,Macadelic,139.096,,0,3512,ZTSgSGMQyHE,,,,,
Love Me (Felix Cartal's Chill Mix),Felix Cartal;Lights,Love Me (Remixes),121.05,,8,3513,ai0hE76rIsA,,,,,
Love Lost,Mac Miller;The Temper Trap,"I Love Life, Thank You",109.835,,2,3514,cNN0vVXKggo,,,,,
Love Like This,ZAYN,Love Like This,129.991,,8,3515,zm0JkbbnExo,,,,,
Love Letter (feat. The Knocks),ODESZA,The Last Goodbye,110.007,,8,3516,YjlM2vg-wD0,,,,,
Love Is A Losing Game,Amy Winehouse,Back To Black,165.007,,0,3517,NhHsjZZpF7s,,,,,
Love Heart Cheat Code,Hiatus Kaiyote,Love Heart Cheat Code,168.319,,6,3518,tAsdP3YmoRE,,,,,
Love Having You Around,Stevie Wonder,Music Of My Mind,106.552,,10,3519,w3yaodgDV60,,,,,
Love Hangover,JENNIE;Dominic Fike,Ruby,147.956,,0,3520,jaTPb7JJUt8,,,,,
"Love Child (feat. EARTHGANG, J.I.D, 6lack & M. Mereba)",Spillage Village,Bears Like This Too,113.518,,10,3521,7VkcyGILpJc,,,,,
Love Child,Raveena,Shanti,95.989,,7,3522,jNnfR6sQlNQ,,,,,
Love Affair,Larry Lovestein & The Velvet Revival,You,149.963,,0,3523,H3OLuHI7y1o,,,,,
love (wip) (feat. Cassini),San Holo featuring Cassini,album1,,,,3524,ZQgFpkVlaMA,,,,,
Love,Mos Def,Black On Both Sides,94.895,,1,3525,-KjEsQDl9PQ,,,,,
Louie Bag (feat. Smino),Yebba,Dawn,141.213,,1,3526,N-JZZlKWoSM,,,,,
Loud(y),Lewis Del Mar,Lewis Del Mar,140.107,,9,3527,mx_lLCqqTH4,,,,,
Loud Pipes,Ratatat,Classics,87.975,,7,3528,BcoPKWzLjrE,,,,,
Loud,Mac Miller,Macadelic,140.013,,1,3529,--TMvTJi-4U,,,,,
Ancestor,WES WAX,Genesis,,,,3530,COl3Chb20sw,,,,,
ロストプラネット - lostplanet,Haru Nemuri,harutosyura,,,,3531,KgTiqEmI0zU,,,,,
Lost Y'all Mind (feat. Quavo),Gucci Mane,Evil Genius,94.971,,9,3532,AVTDCpflFHc,,,,,
Lost Times (feat. Jozzy),ScHoolboy Q,BLUE LIPS,152.295,,8,3533,IwAe1aXzhNg,,,,,
LOST SOULS (feat. Rich The Kid),Ski Mask The Slump God,BEWARE THE BOOK OF ELI,149.784,,1,3534,vy0VgQXsi2o,,,,,
lost souls,Baby Keem,The Melodic Blue,169.995,,1,3535,FlheWzfn8pU,,,,,
Lost On You,Foxwarren,Foxwarren,94.379,,9,3536,-aFIdl32k2s,,,,,
Lost In Translation,Logic,Confessions of a Dangerous Mind,156.947,,2,3537,7ArAf-tETK0,,,,,
Lost In Time,Ski Mask The Slump God,Sin City The Mixtape,153.833,,0,3538,E3q-L0jsPqA,,,,,
Lost In The World (feat. Bon Iver),Kanye West,My Beautiful Dark Twisted Fantasy,117.072,,5,3539,1Dzh0XkuNPg,,,,,
Lost In Space / Great Scott / 22-26,Thundercat,It Is What It Is,73.425,,5,3540,kNlDipE9E14,,,,,
Lost In Paradise,Rihanna,Unapologetic,75.961,,11,3541,d5vQtb3goI8,,,,,
Lost In A Dream,Foxwarren,Foxwarren,127.605,,5,3542,o_ZVSAjYJnk,,,,,
lost cause// (feat. Jesse),KennyHoopla,lost cause//,115.991,,0,3543,0xOrtmDRY5o,,,,,
Lost & Found,Jorja Smith,Lost & Found,76.041,,0,3544,9xZ6P4Sinvw,,,,,
Lost,Danny Brown,,84.432,,7,3545,GoV5K_ew47g,,,,,
Losing You,Milky Chance,,109.99,,7,3546,3CHzp9-NXzc,,,,,
Losing,H.E.R.,H.E.R.,172.677,3:45,4,3547,--6I5lk7aoo,,,,,
Loser,Tame Impala,Deadbeat,82.957,3:43,10,3548,MX7FSAnRPug,,,,,
Lose Your Smile,Beach House,,132.679,,9,3549,I7kzbDdcYyQ,,,,,
Lose You,Drake,,89.837,,4,3550,6g_h8uR6ngk,,,,,
Lose My Mind,RL Grime,,136.978,,10,3551,qAc1wCRtYM4,,,,,
Lose It,Oh Wonder,Oh Wonder,87.857,3:49,2,3552,dKpaGS-vllI,,,,,
lose,Travis Scott,,125.999,,7,3553,yjES98aUflA,,,,,
Lorenzo,Alberto Iglesias,,137.441,,2,3554,ZHwugKA5-wo,,,,,
Lord Pretty Flacko Jodye 2 (LPFJ2),A$AP Rocky,,207.982,,6,3555,pIXjdObbHso,,,,,
Lord Of The Sad And Lonely,Kid Cudi,,94.822,,1,3556,Y4_h91TieGU,,,,,
Lord Knows,Drake,,167.579,,5,3557,2K8HKbK0KRQ,,,,,
Lord Is Coming,H.E.R.,,84.008,,0,3558,nop1dWU4H3w,,,,,
Lord Have Mercy,ScHoolboy Q,,78.269,,11,3559,voj_qUCMzPc,,,,,
Lord,Gucci Mane,,150.104,,8,3560,Hnd_b0ZNMNQ,,,,,
Lord,Westside Gunn,,170.976,,1,3561,0t3hgUHOrGk,,,,,
Lord,Comethazine,,196.023,,9,3562,f5LZj_aDklo,,,,,
LOOSE LEAF,Yeat,DANGEROUS SUMMER,139.967,2:50,8,3563,0Wt-d7qVezI,,,,,
Loose,Andrew Applepie,Loose,85.011,3:26,0,3564,6orxyBGW5mQ,,,,,
LOOPHOLE,BROCKHAMPTON,iridescence,124.045,0:53,6,3565,C9F4bnCFNS4,,,,,
LOOOVE,Travis Scott,,110.967,,3,3566,LpmC9WbZXI4,,,,,
Look What You've Done,Drake,Take Care (Deluxe),134.369,5:01,3,3567,5H7CS-_RUe8,,,,,
Look Over Your Shoulder,Busta Rhymes,,77.925,,5,3568,dnhxN4ig2nw,,,,,
Look Mama I Did It,Injury Reserve,Floss,171.76,4:29,7,3569,7-d7XG-10KY,,,,,
Look Around,Good Morning,Prize // Reward,138.083,3:36,1,3570,EtChsmQx1fg,,,,,
Longcat,Hiatus Kaiyote,Love Heart Cheat Code,120.419,1:47,9,3571,DXMGEEC0y6o,,,,,
Long Run,Smino;Via Rosa,blkswn,88.843,4:51,5,3572,HBCmXYST454,,,,,
Long Distance,The Districts,Telephone,141.205,6:35,4,3573,RPOeV1abXq4,,,,,
Lonesome Love,Mitski,Be the Cowboy,176.784,1:50,2,3574,mYhkUMl3EbA,,,,,
lonely,Christian French,,,,,3575,n-pm7uvs2tk,,,,,
LONDON,BIA,,132.001,,11,3576,mN5CzkiBv-M,,,,,
LOGOUT,Saba,CARE FOR ME,86.779,2:30,1,3577,qZVqbnEjIY4,,,,,
LOCO,Yeat,DANGEROUS SUMMER,153.916,2:34,11,3578,nnAdJuf560Q,,,,,
Lock On Me,Metro Boomin;Travis Scott;Future,HEROES & VILLAINS,,,,3579,N67Ilea325o,,,,,
Loaded Gun,6LACK,East Atlanta Love Letter,127.994,,1,3580,fG8glmZh-O4,,,,,
Loaded (feat. Young Thug & Peewee Longway) (feat. Peewee Longway & Young Thug),DJ Boomin Bo,"Strictly 4 The Streets, Vol. 2",136.314,,10,3581,OjZTLkCgX70,,,,,
LLC,Nicki Minaj,Queen,153.989,,10,3582,Jv2GAthexF8,,,,,
Livvin,NxWorries,Yes Lawd!,137.318,2:45,16,3583,K7wdssX6KgY,,,,,
Living For The City,Stevie Wonder,Innervisions,99.298,,11,3584,ghLWjyOOLno,,,,,
Live from the Moon (feat. Yung Mehico),Action Bronson;Yung Mehico,White Bronco,123.281,2:38,10,3585,19zExVchWNw,,,,,
Live from Chattanooga,YGTUT,Preacher's Son,127.064,,0,3586,GsiWh2rEm44,,,,,
Little Wing,The Jimi Hendrix Experience,Axis: Bold As Love,,,,3587,j1gfAStPNlU,,,,,
Little Things,April + VISTA,You Are Here,137.34,,9,3588,lnRosXzaiMA,,,,,
Little Rowboat,Daniel Caesar,Pilgrim's Paradise,75.786,,2,3589,NWS5-lrhDT8,,,,,
Little Miss Lover,The Jimi Hendrix Experience,Axis: Bold As Love,,,,3590,faty99ema9w,,,,,
Little Dark Age,MGMT,Little Dark Age,97.512,,6,3591,ETEg-SB01QY,,,,,
Little Bit of Lovin,Roy Woods,Say Less,108.064,,1,3592,9QaZOQIolKc,,,,,
Little Bit (feat. Lykke Li),Drake,So Far Gone,120.392,,11,3593,yYEXuzU7Wj8,,,,,
Lite Weight (feat. The Free Nationals United Fellowship Choir),Anderson .Paak,Malibu,120.014,,8,3594,D9Dfg0PDjMk,,,,,
Listen,STRFKR,Vault Vol. 2,81.066,,5,3595,VO5JWWKbK-Q,,,,,
Lipstick Stains,Jay Som,Everybody Works,69.571,,2,3596,fY_u3bZ0-lE,,,,,
Link Up,NxWorries;Anderson .Paak;Knxwledge,Yes Lawd!,100.019,,1,3597,k3xjVDV2zYE,,,,,
Linger,The Cranberries,"Everybody Else Is Doing It, So Why Can't We?",94.843,,7,3598,PXDlU0YDQ6U,,,,,
Lindisfarne II,James Blake,James Blake,77.097,,9,3599,qizKSsfwots,,,,,
Lindisfarne I,James Blake,James Blake,84.737,,0,3600,a_nn5p36atk,,,,,
Limitless,Logic,Confessions of a Dangerous Mind,155.059,,0,3601,3dqEK2M4nws,,,,,
Limitado,boy pablo,Soy Pablo,148.115,,9,3602,jjDeIVCtEAU,,,,,
Limit To Your Love,James Blake,James Blake,139.949,,10,3603,GBt2sRjX3Zk,,,,,
LIMB,Planet Giza,Don't Throw Rocks At The Moon,87.262,,8,3604,JZfOyVXcucE,,,,,
Lilypad,Wiki;Tony Seltzer,14K Figaro,121.778,,1,3605,ui1w8yLUcwg,,,,,
LIL DEMON,Future,MIXTAPE PLUTO,131.001,,11,3606,ow7Tu_nsm0g,,,,,
Like the Movies,Laufey,Typical of Me EP,87.122,,0,3607,g3g2Unv9heU,,,,,
Like That!,Laila!,Gap Year!,120.175,,4,3608,PmAQIMMeIC8,,,,,
LIKE I WOULD,ZAYN,Mind Of Mine (Deluxe Edition),112.827,3:12,10,3609,JA4zIjGpq5s,,,,,
Like Acid Rain,Unknown Mortal Orchestra,Multi-Love,110.009,,4,3610,oH5glbC98hE,,,,,
"Lights Out, Words Gone",Bombay Bicycle Club,A Different Kind Of Fix,106.002,5:01,8,3611,7hvWbYsr1HM,,,,,
Lights Out,Sonn;Ayelle,Lights Out,98.049,,8,3612,dNYLEaMNP2I,,,,,
Lights On,H.E.R.,H.E.R.,118.069,3:39,10,3613,u3xCPe3ltGM,,,,,
Lights On,FKA twigs,LP1,75.015,,11,3614,axsD7jMteCE,,,,,
Lights On,MPH;AC Slater;Eloise Keeble,Lights On,135,,4,3615,5tI8zt34af0,,,,,
Lightning Fire Magic Prayer,N.E.R.D,NO ONE EVER REALLY DIES,95.003,,7,3616,w6MNS8OZRyE,,,,,
Light Year,Gregory Alan Isakov,This Empty Northern Hemisphere,122.007,,7,3617,iEZfM4HoMwU,,,,,
Light on the Land,Nujabes,Modal Soul,110.028,,7,3618,UB4lJBYFBVw,,,,,
Light On,Maggie Rogers,Heard It In A Past Life,102.054,,2,3619,YG7X5DMw7Mg,,,,,
Light Me Up,Ravyn Lenae,HYPNOS,92.448,,7,3620,tzdk2OQeaXo,,,,,
Lifting You,N.E.R.D;Ed Sheeran,NO ONE EVER REALLY DIES,170.038,,2,3621,8RVK4_R8OvU,,,,,
Lifted Freestyle,Fooly Faime;yung nation,Lifted Freestyle,147.06,,7,3622,chJlh3Mb1a4,,,,,
Lift Off / Mic Check,Robert Glasper;Shafiq Husayn,Black Radio,92.508,3:57,1,3623,MWSCqeeqjw0,,,,,
Lift Off,Paris Texas,MID AIR,199.909,,9,3624,eScLnXBmbe0,,,,,
Life Support,American Football,American Football (LP3),108.056,,9,3625,uF8lc2RyIbE,,,,,
Life Round Here,James Blake,Overgrown,144.968,,10,3626,0JdGPwBXqfs,,,,,
Life Of An Outlaw,2Pac,The Don Killuminati: The 7 Day Theory,,,,3627,7tb9A88FE4Y,,,,,
Life Can Wait,Larry Lovestein & The Velvet Revival,You,93.242,,9,3628,MyuSAoz72-o,,,,,
Lies About You (feat. Lil Durk),Gunna,Drip Season 3 (Deluxe),153.094,,8,3629,3jcfN5GbO-A,,,,,
Lie,Reem,Lie,166.97,,8,3630,K_H-_oTpmMs,,,,,
Lido,Les Prospection,Late Night Tales: Badbadnotgood,140.913,,8,3631,hc5VJpccYTQ,,,,,
Liberation,Outkast,,153.637,,3,3632,iIreOrdYvLM,,,,,
Liar,LOUDPVCK;Killagraham,Liar,145.253,,3,3633,1bWhGaQ8IQI,,,,,
Liar,Paramore,This Is Why,147.981,,6,3634,jkX_dMFO8q4,,,,,
Liability (Reprise),Lorde,Melodrama,77.759,2:16,0,3635,PCeHZtbxyPQ,,,,,
Liability,Lorde,Melodrama,75.67,,10,3636,l4WhsXAvZgc,,,,,
Lex,Ratatat,Classics,104.992,,2,3637,48yR03AX75o,,,,,
Levitate,twenty one pilots,Trench,92.973,,6,3638,YHoGXDYGkIw,,,,,
Let's Call It Off (feat. Peter Bjorn And John),Drake,So Far Gone,127.403,,9,3639,A_51KAhJ-c8,,,,,
Letter To Hermione (feat. Bilal),Robert Glasper Experiment,Black Radio,,,,3640,Q35wMO9aGGw,,,,,
Letter from a Distance,Akira Kosemura,In The Dark Woods,88.863,,9,3641,5Ko4aHerwG4,,,,,
Letter For God,Abhi The Nomad,Marbled,,,,3642,9JkztSLgLpE,,,,,
Lets Get On Dey Ass,Lil Yachty,Lets Get On Dey Ass,151.951,,9,3643,Fci-8r1liCk,,,,,
Lethal Weapon,Cousin Stizz,Just for You,76.99,,1,3644,QIeI3r30obc,,,,,
Lethal Weapon,MIKE;Tony Seltzer,Pinball,177.989,1:26,8,3645,MMUm0N3WOGo,,,,,
Let's Find an Out,Snail Mail,,191.946,,0,3646,DaVJh_0AFcA,,,,,
Let You Break My Heart Again,Laufey,,76.748,,2,3647,C0ruAy8TpPo,,,,,
Let Me Tell You,Xavier Wulf,,121.629,,1,3648,LwYl3ebitss,,,,,
Let Me Know,Brent Faiyaz,,85.017,,6,3649,BLUUKgO0SIA,,,,,
Let Me In,H.E.R.,,78.012,,6,3650,UVxuXk9Ychs,,,,,
Let It Happen,Tame Impala,,125.012,,1,3651,NMRhx71bGo4,,,,,
Let It Go,Kelela,,104.279,,5,3652,XBrOXwO5OKU,,,,,
Let It Fly,Lil Wayne,,89,,1,3653,Gn2oCc3bPZc,,,,,
Let It Breathe,Jaden Smith,,,,,3654,-YO5lXSAuyg,,,,,
Let Her Go,6LACK,,156.003,,5,3655,sdmduXGlI5o,,,,,
Let Down,Radiohead,OK Computer,102.489,4:59,9,3656,duBCwvC1kP4,,,,,
Lesson Learned,Lord Sko,,85.695,,8,3657,n08rs-IQNHY,,,,,
Les Cactus,The Last Shadow Puppets,,129.918,,11,3658,hjAg32s556k,,,,,
Lemon Pepper Steppers,Freddie Gibbs,,144.312,,7,3659,MgICC1g3-Eo,,,,,
Lemon Glow,Beach House,7,148.425,4:04,0,3660,m2PFcYQeeb4,,,,,
Lejos de Ti,The Marías,Lejos de Ti,81.964,2:59,0,3661,_T6a7T9HSp0,,,,,
Leih,Hamid El Shaeri,Roh El Samara,,2:16,,3662,Nzneiv1W1qI,,,,,
Legend,twenty one pilots,Trench,85.937,2:52,0,3663,AYMjrzBlalM,,,,,
Legacy,John Summit;VLTRA (IT),Legacy,128.037,3:50,11,3664,ck2nZVzGmaA,,,,,
Legacy,Offset,,128.085,,1,3665,6KnR_VKzwIM,,,,,
Left To Right,Anderson .Paak,Oxnard,98.026,3:55,1,3666,r4LpfTWltu0,,,,,
Left Hand Free,alt-J,This Is All Yours,101.99,2:53,3,3667,vGIAO5Uz1Us,,,,,
Left Alone feat. Chet Faker (feat. Chet Faker),Flume,Flume,84.985,,4,3668,2K5YkRQwLsI,,,,,
Left Alone,Fiona Apple,The Idler Wheel Is Wiser Than the Driver of the Screw and Whipping Cords Will Serve You More Than Ropes Will Ever Do,171.167,4:50,10,3669,Fdiy9NhlBII,,,,,
Leaving Nara,alt-J,This Is All Yours,120.158,3:00,9,3670,VxBn9F9bRxY,,,,,
Leaves,Tennyson,Rot,86.142,4:34,8,3671,HlT7DMfj0r0,,,,,
Leave With You,LUCKI,Watch My Back,153.115,2:05,1,3672,s_K0LA2v6tw,,,,,
Leave the City,twenty one pilots,Trench,134.985,4:40,4,3673,cNcv81GP0E4,,,,,
Leave Her,LUCKI,Leave Her,141.957,2:17,1,3674,8noo31nB7cg,,,,,
Leap Frog,Hiatus Kaiyote,Tawk Tomahawk,95.987,1:24,5,3675,yMGsu-_Tg54,,,,,
Lean,RY X,Dawn,118.999,7:29,4,3676,sDINwIO14cg,,,,,
Leaf,A$AP Rocky,,139.732,,10,3677,C8nmGj1B1vw,,,,,
"Lead, SD",Manchester Orchestra,A Black Mile To The Surface,127.272,,8,3678,Vs-_P0bB-ik,,,,,
Lead The Wave,Takeoff,The Last Rocket,139.897,,9,3679,sL0VZnsgWYI,,,,,
Lead Sled,Ramirez,THA PLAYA$ MANUAL,169.992,,5,3680,Josmg1EqDOA,,,,,
Lbs,Cousin Stizz,Just for You,140.235,,10,3681,p6iGgUqFjLc,,,,,
Lazuli,Beach House,Bloom,219.446,,11,3682,9WVyA-D2aso,,,,,
Lazer Fight,STRFKR,Vault Vol. 3,133.036,,5,3683,XI5lIXC47Zg,,,,,
Layeeah,The PropheC,The Season,95.058,,2,3684,okz-_u9FquI,,,,,
Lay_Up.m4a,Denzel Curry;Kenny Beats,UNLOCKED,147.774,,1,3685,PF_pSy1eonA,,,,,
Laws of the Universe,Toro y Moi,Outer Peace,119.97,2:49,6,3686,Uy-a_mA0jxk,,,,,
LAW OF AVERAGES,Vince Staples,Vince Staples,135.11,,4,3687,d3ORZMEdmJg,,,,,
Lavish Habits,Freddie Gibbs;The Alchemist,Alfredo 2,72.554,,2,3688,-ZqUwGmyu1I,,,,,
Lavender Buds,MF DOOM,Metal Fingers Presents: Special Herbs Vol. 5 & 6,95.232,3:05,5,3689,LwaIy4gP6hA,,,,,
Lavender (feat. Kaytranada),BADBADNOTGOOD,IV,99.029,,11,3690,osofZq7qVXI,,,,,
Lava Lamp,Thundercat,Drunk,75.586,,7,3691,ppHQa2h2qiI,,,,,
Laura,STRFKR,Vault Vol. 3,98.225,,0,3692,LJXAtAHLjIA,,,,,
LAUNDRY,R.A.P. Ferreira,Purple Moonlight Pages,94.388,,1,3693,GWTPXQ8aoWM,,,,,
Laugh About It,N.E.R.D.,Seeing Sounds,,,,3694,MsHpvVVtEmc,,,,,
Late Night In Kauai (feat. Jaden Smith),Childish Gambino,Kauai,91.864,,7,3695,TrHqpf4biGs,,,,,
Late Night Fit,Ivy Lab,Infinite Falling Ground,170.033,3:02,7,3696,HrxhVY7oSgA,,,,,
Late Again,STRFKR,Vault Vol. 2,199.698,,5,3697,d0I1Tq6K8MU,,,,,
Late,Kanye West,Late Registration,75.281,,10,3698,YRwTaWWK3dI,,,,,
Lata,Anish Kumar,Bollywood Super Hits!,127.986,,6,3699,tJjX3LCDb1U,,,,,
LASTBRAINCELL,DJ Swisha,FIRST HAND SMOKE,135.007,3:51,8,3700,ad7tZKaRu9M,,,,,
Last Year,alt-J,RELAXER,113.029,,2,3701,hwYPexpTt2E,,,,,
Last Year,Toro y Moi,MAHAL,180.802,,3,3702,UbBWDaqv1OI,,,,,
Last Words of a Shooting Star,Mitski,Bury Me At Makeout Creek,129.955,2:44,2,3703,ssVf326Ox9g,,,,,
Last Valentines (WondaGurl Remix),PinkPantheress,to hell with it (Remixes),,,,3704,v3E2mF4IHBM,,,,,
Last Ride,Beach House,7,129.009,,0,3705,cf5o07KQnLI,,,,,
Last Memory,Takeoff,The Last Rocket,118.019,2:42,1,3706,tIoRKjuxvMM,,,,,
Last Hope,Paramore,Paramore (Deluxe Edition),101.46,,5,3707,_Xrwt5sR-RE,,,,,
Last Flowers,Radiohead,In Rainbows (Disk 2),75.807,4:26,0,3708,lVata6Ibe4U,,,,,
Last Dayz,Onyx,Best Of Onyx,175.872,,10,3709,gmTBQ2wHAWo,,,,,
Last Chance (feat. Zelooperz),Tony Shhnow,Last Chance,131.111,,1,3710,wyDt2gpuCbo,,,,,
Laputa,Hiatus Kaiyote,Choose Your Weapon,106.046,,5,3711,82DBdsi8L6E,,,,,
Language (feat. Brent Faiyaz),Paperboy Fabe,Language,169.904,,4,3712,Aj1xlBrLvNU,,,,,
Landslide,Oh Wonder,Oh Wonder,81.299,,1,3713,_DdSVjEm6v0,,,,,
Land Linamay,Malik Adouane,Money Money,169.884,,2,3714,OvDT5FfNF8g,,,,,
Lana Del Rey,Paris Texas,MID AIR,167.973,,0,3715,WIhTqgOC-10,,,,,
Lambo + Nic,Your Stepdad,Your Stepdad (Deluxe),149.968,,10,3716,buES6uDUrMc,,,,,
Lakers (feat. Ab-Soul & Polyester the Saint),Freddie Gibbs;Madlib,Piñata,85.735,,6,3717,vS4qJUt8HQA,,,,,
Lake Zurich,Gorillaz,The Now Now,115.082,,2,3718,8Tl6Uesb7Y0,,,,,
LADY GAGA,Peso Pluma;Gabito Ballesteros;Junior H,GÉNESIS,140.098,,5,3719,qUORxGQC4ao,,,,,
Ladies with an attitude,the sound chalk makes,Pants on fire,134.71,4:39,2,3720,mMFM8Ai6L0k,,,,,
Ladders,Mac Miller,Swimming,103.961,,8,3721,TATXudfgu3E,,,,,
Lace Skull,Hiatus Kaiyote,Tawk Tomahawk,139.928,,7,3722,Z6PwlDqMZdI,,,,,
Labyrinthian Pomp,of Montreal,"Hissing Fauna, Are You The Destroyer?",188.016,,8,3723,Sw55pVs1UhA,,,,,
Labyrinth,Toro y Moi,Boo Boo,105.002,,6,3724,EVdFjwOchrc,,,,,
Laadeedaa,STRFKR,Starfucker,179.996,,11,3725,SmjV1uXzi4I,,,,,
Laa Loo,STRFKR,Vault Vol. 2,59.974,,9,3726,YapVEfWFpwU,,,,,
LA to Bombay,Dee MC;Reverie;Mr. Doss,LA to Bombay,97.94,,6,3727,cYcVWLRf5l4,,,,,
LA REID,Concrete Boys;Lil Yachty,It's Us Vol. 1,146.031,2:13,1,3728,bXxQoG01bng,,,,,
LA PATRULLA,Peso Pluma;Neton Vega,ÉXODO,132.731,,6,3729,Gko6MqIF-uE,,,,,
La Noche,Navy Blue,Memoirs In Armour,82.771,,11,3730,kMrS9_EGruk,,,,,
La Mamá de la Mamá,El Alfa;El Cherry Scom;CJ,SAGITARIO,129.971,3:39,11,3731,JaK0FOPVHrk,,,,,
La Llorona (feat. Los Macorinos),Natalia Lafourcade,"Musas (Un Homenaje al Folclore Latinoamericano en Manos de Los Macorinos), Vol. 2",136.304,,2,3732,QP0JAApuh1o,,,,,
La Fiebre,Buscabulla,Regresa,108.906,,0,3733,jykXgn1NeGU,,,,,
LA COMBI VERSACE,ROSALÍA;Tokischa,MOTOMAMI +,90.97,,8,3734,NUh2EdQKx70,,,,,
L.A.,Brent Faiyaz,Sonder Son,140.131,,8,3735,VzYSmTjxy0U,,,,,
L'Inconnue,Beach House,7,80.582,,10,3736,aOM3xRaA0Ms,,,,,
L$D,Justice Der,Favorites 4,120.483,,7,3737,rxavlTuV3i4,,,,,
L,Jaden,SYRE,108.058,,2,3738,SzfjyiYp5JA,,,,,
Kylie Grande,Kodak Black,When I Was Dead,89.402,,10,3739,7OyZu8wFadQ,,,,,
Kutless,NxWorries,Yes Lawd!,75.935,2:07,10,3740,6YSR91Ixy1c,,,,,
Kush Through the Sunroof,Curren$y,Collection Agency,82.688,,1,3741,dSBhP9Je4NU,,,,,
KUSH & OJ,Lord Sko,UNITED PALACE,173.349,,5,3742,ktS_K8MeGEQ,,,,,
Kusanagi,ODESZA,In Return,75.186,,0,3743,PfvQLZkYY9E,,,,,
Kriti Vatapi Ganapatim,Seeta Doraiswamy,Inde du sud : Anthologie de la musique classique (South India),115.805,,6,3744,P8kZTuj2qxI,,,,,
Krazy,2Pac,,,,,3745,F6DSPLNKezk,,,,,
KOYALIA,EXCISE DEPT,,117.378,,11,3746,DfFeqybchUU,,,,,
Koruna & Lime,Injury Reserve,,77.024,,0,3747,71WE-W3DIdg,,,,,
Kool Aid & Frozen Pizza,Mac Miller,,89.835,,11,3748,zqYT3jd2dhA,,,,,
Konjum Mainaakkale,Sadhana Sargam,Kandukondain Kandukondain (Original Motion Picture Soundtrack),170.954,4:43,9,3749,drJHN4XLUG4,,,,,
"Kokomo, IN",Japanese Breakfast,,202.173,,9,3750,BNV1rm16zhE,,,,,
Kodak,SahBabii,,143.949,,1,3751,K20HbRhi184,,,,,
Know That,Mos Def,,91.077,,1,3752,zv1lmpj4Cjg,,,,,
KNOW ME,BRONSON,,128.045,,0,3753,NO062M5eKQc,,,,,
Knotty Head,Denzel Curry,,157.956,,2,3754,LE69jnm0aVE,,,,,
Knockin' Doorz Down,Pimp C,,80.014,,1,3755,RkKlJmaUXNY,,,,,
Knock On My Door,Rapsody,,84.031,,5,3756,RGO7qnGKytM,,,,,
Kno Ya Wrong,ScHoolboy Q,,79.144,,2,3757,F51QbS5QMVY,,,,,
Knives Out,Radiohead,Amnesiac,137.262,4:14,2,3758,jhsyc81VcB4,,,,,
Knights of Cydonia,Muse,Black Holes and Revelations,137.114,6:06,11,3759,oi3QmAmrG6M,,,,,
Knight,Earl Sweatshirt,,84.679,,11,3760,MfnWQiScDIk,,,,,
KMT,Drake,,119.987,,1,3761,DaR957nAyUc,,,,,
Klemperer Walks,Thom Yorke,,54.411,,0,3762,az3Awzwxvsg,,,,,
Kladfvgbung Mischk,Aphex Twin,Drukqs,129.984,2:06,7,3763,anLAJPixa8E,,,,,
Kiwi,Harry Styles,Harry Styles,147.124,2:56,2,3764,5tBsgWThDa8,,,,,
Kites,N.E.R.D;Kendrick Lamar;M.I.A.,NO ONE EVER REALLY DIES,200.03,4:50,1,3765,jn3M9y1wc7s,,,,,
KISS N TELL,untiljapan,SAFE TRAVELS,144.03,2:28,0,3766,HJ0Sgk3_OCM,,,,,
Kismet Green,Carlitta Durand,Kismet Green,90.015,3:38,7,3767,dG1lXoyjDI0,,,,,
Kinni Kinni,Diljit Dosanjh;thiarajxtt,Ghost,97.005,3:33,3,3768,09EOWqaU-NI,,,,,
King Wizard,Kid Cudi,Indicud,139.988,4:16,8,3769,jSevqbfrfj8,,,,,
King Of The Hill,Thundercat,It Is What It Is,82.062,2:51,8,3770,VOVi-INLRWI,,,,,
King Of The Dead,XXXTENTACION,LOOK AT ME: THE ALBUM,97.899,3:39,4,3771,O1DabeMRz5I,,,,,
King Kunta,Kendrick Lamar,To Pimp A Butterfly,107.059,3:54,6,3772,g0NVaX8DRN4,,,,,
King James,Anderson .Paak,Ventura,108.015,3:17,7,3773,rPn1u-cUMzM,,,,,
King for a Day,Green Day,Nimrod,147.584,3:13,1,3774,u9KJ-oJ_gU0,,,,,
KING,¥$;Kanye West;Ty Dolla $ign,VULTURES 1,153.047,2:36,11,3775,g6vAQpxo35g,,,,,
King,LYNY & Elohim,Noise To Dance To,,3:03,,3776,NM49ERCAg0Q,,,,,
KILLING TIME,The Kite String Tangle;Eliott,C()D3X,133.846,3:26,2,3777,P4J15SE-4I8,,,,,
Killin ëm,Yeat,Lyfë,133.954,,9,3778,aGMcEoHFJ-4,,,,,
Killer,Kali Uchis,Isolation,140.005,,0,3779,0ltsOzmZd_Y,,,,,
Kill You,Eminem,Curtain Call: The Hits (Deluxe Edition),106.87,4:24,11,3780,D1I1x2pYMK0,,,,,
Kill Bill,SZA,SOS,88.993,,8,3781,lcX37Pzobxw,,,,,
Kids,RRoxket,Richie Rich 2,,,,3782,-hiAO5Sde3I,,,,,
Kid A,Radiohead,Kid A,112.93,4:44,5,3783,MXNbfU0Ww_E,,,,,
Kicks,FKA twigs,LP1,123.968,,8,3784,KHs2a-b-nK8,,,,,
Kick Off,ZelooperZ;Quadie Diesel,Quazel,127.752,,1,3785,DffkIAH4SoM,,,,,
Khalasi | Coke Studio Bharat,Aditya Gadhvi;Achint,Khalasi (Remix Pack),91.998,,6,3786,PYhvG_Hiq9A,,,,,
Khadijah,NxWorries,Yes Lawd!,81.502,2:02,1,3787,PFxbKas_XPY,,,,,
Keshia Had A Baby (feat. Rose Gold),YG,4REAL 4REAL,98.014,,8,3788,9zxH2PAiRgQ,,,,,
Kept Back [Bonus Track Version] (feat. Lil Pump),Gucci Mane,Evil Genius,,,,3789,PzYlkkzcdGQ,,,,,
Kenny,Still Woozy,"If This Isn’t Nice, I Don’t Know What Is",120.028,,1,3790,Xw3q2sxCNl4,,,,,
Kennedy,Ratatat,Classics,110.003,,11,3791,TXGNgEbIACw,,,,,
Kennedy,Your Stepdad,Your Stepdad (Deluxe),79.917,,9,3792,XskL8Tvv-FE,,,,,
Kelly K,Playboi Carti,Playboi Carti,158.026,,1,3793,i1qNd9FHwgk,,,,,
Keepin It Playa,The Act,Keepin It Playa,140.394,,11,3794,ZAcwzMmxa3Q,,,,,
Keep You (Close),RL Grime,PLAY,131.002,,4,3795,fDmZwjBttrU,,,,,
Keep Ya Love,Jaden Smith,CTV2,,,,3796,MJA90olR8qg,,,,,
Keep The Family Close,Drake,Views,133.403,,9,3797,6kZqGhC6dQs,,,,,
Keep Pushin,Yeat,2093 (P2),114.995,,10,3798,61CGy6cxUGM,,,,,
Keep It Real,SunSquabi,Odyssey,109.961,,7,3799,w8iwaUPNCjg,,,,,
Keep Floatin feat. Wiz Khalifa (feat. Wiz Khalifa),Mac Miller,Exclusive Tunes S.G. 37,140.083,,5,3800,pY_tCyQDAsc,,,,,
Keep Driving,Harry Styles,Harry's House,164.948,,9,3801,Or58KytwxrI,,,,,
KEEP DA O'S (feat. Pharrell Williams & Coco O.),"Tyler, The Creator",Cherry Bomb,139.929,,6,3802,UDt7ZZZ48cE,,,,,
KEEP BOUNCIN’,Kid Cudi,INSANO,127.958,,11,3803,2epPB9Bvj80,,,,,
Keanu Reeves,Logic,Confessions of a Dangerous Mind,170.13,,2,3804,E3OZRXWc5EY,,,,,
Katie's Rhodes,Sam Evian,"You, Forever",56.805,,1,3805,6PR4XtFzFd8,,,,,
Kathy Left 4 Kathmandu,Raveena,Asha’s Awakening,101.02,,2,3806,Z74d9IHZwUA,,,,,
Karo,Maxo Kream,The Persona Tape,137.995,,4,3807,2udJ7yzyx5o,,,,,
Karma,Taylor Swift,Midnights (3am Edition),90.008,,8,3808,r0jUIIz97ug,,,,,
Kansas,Gorillaz,The Now Now,87.069,,7,3809,blRDcXkrjuU,,,,,
Kansas,Roy Blair,Cat Heaven,120.068,,5,3810,lH0mPu4YeC0,,,,,
Kannamoochchi Yaenada,"K.s. Chithra, K.j. Yesudas",Kandukondain Kandukondain,,5:13,,3811,rM3hxNGpvF0,,,,,
Kangaroo Court,Capital Cities,In A Tidal Wave of Mystery,99.979,,5,3812,cS9RUWTyAXI,,,,,
Kammo Ji,Talwiinder,Kammo Ji,79.596,,5,3813,NjT2Xu8WjfU,,,,,
Kamikaze,Eminem,Kamikaze,79.982,,2,3814,jQh3YBAVWCE,,,,,
Kaleidoscope of Happiness,Akira Kosemura,In The Dark Woods,113.106,,9,3815,FLPd1LClVNA,,,,,
Kalank (Title Track),Pritam;Arijit Singh,Kalank - Title Track (Kalank),,,,3816,if7X8G9c3t0,,,,,
Kailasha,Eliane Radigue,Trilogie De La Mort,,56:09,,3817,T31wuVSG1Zc,,,,,
Kabhi Neem Neem,Madhushree;A.R. Rahman,Yuva (Original Motion Picture Soundtrack),176.052,,0,3818,ALQ7MLtEwtI,,,,,
K.D.T.D,ICYTWAT,Siddhi,125.249,1:19,1,3819,2sH98109rqY,,,,,
K POP,Playboi Carti,MUSIC - SORRY 4 DA WAIT,143.989,,6,3820,wacYwCAkbT4,,,,,
Just the Yellow Bits,Teebs,Collections 01,109.461,,1,3821,Mui2Mn0KMuo,,,,,
Just Say It,Jazzy B;Mani Longia;Starboy X,Ishq Di Ep,89.992,,8,3822,Q1uh-G-moZs,,,,,
Just Might Be,Young Thug,Barter 6,85.003,3:52,6,3823,eOGuSIyRlfE,,,,,
just like me,21 Savage;Burna Boy;Metro Boomin,american dream,82.984,,1,3824,sZZihUT0I44,,,,,
Just Like It (feat. 21 Savage),Gucci Mane,Evil Genius,109.942,,1,3825,-1r1mxD8f_U,,,,,
Just Like Daddy,2Pac,The Don Killuminati: The 7 Day Theory,,,,3826,ZymUA1IPMOg,,,,,
Just Know (feat. Black Smurf),Xavier Wulf,"Greatest Hits, Pt. 1",119.999,,1,3827,P3VFJ4jgswY,,,,,
Just In Time (feat. Lil Wayne),JID;Kenny Mason,The Forever Story (Extended Version),140.907,,5,3828,9FWL4OH3RIU,,,,,
Just for Now,Imogen Heap,Speak for Yourself,149.847,,3,3829,bU57Qy-8mi4,,,,,
Just Da Other Day,JID,DiCaprio 2,98.555,,1,3830,a5ZIltA3yow,,,,,
Just Close Your Eyes & Listen,The Chameleon,Just Close Your Eyes & Listen,155.824,9:08,11,3831,QEgV3QZ5aDs,,,,,
just cant,Summrs,What We Have,141.907,,5,3832,Gab2bExFaRs,,,,,
Just A Stranger (feat. Steve Lacy),Kali Uchis;Steve Lacy,Isolation,108.031,2:57,9,3833,MERKDv3SFOk,,,,,
Just A Memory (feat. Regina Spektor),ODESZA,A Moment Apart,119.549,,0,3834,hJAZ2otzivo,,,,,
Just a Man,Good Morning,Prize//Reward,78.714,,7,3835,aSvdODP668o,,,,,
Just a Feeling,The Marías,CINEMA,51.996,,1,3836,bvhZeslLFLg,,,,,
Junya,Kanye West,Donda,148.07,,7,3837,EllP62ixGoQ,,,,,
Junk Shop,Helvetia,Helvetia's Junk Shop,145.086,,0,3838,7B8YGZBeX8A,,,,,
Jungle (Rico Nasty Remix),Rico Nasty;Fred again..,Las Ruinas,,,,3839,xEiCe-TaVyc,,,,,
Jungle,H.E.R.,H.E.R.,98.925,5:04,4,3840,b4cjz9E8T74,,,,,
Jungle (feat. Nanku),Frappe Ash;Yungsta;Dhanji,Junkie,156.022,,1,3841,GCoNZD2cM-Q,,,,,
Junebug (feat. JPEGMAFIA),Raveena,Where the Butterflies Go in the Rain (Deluxe),93.897,,1,3842,ibcaVB8lMOA,,,,,
Jumpsuit,twenty one pilots,Trench,127.052,,11,3843,YTPAHj4bPjA,,,,,
jump like this #jerseyclub,prodbysaint;ProdByAbnormal,jump like this #jerseyclub,140.033,2:30,2,3844,8d1Bnu3mA14,,,,,
Jump,Ski Mask The Slump God,,102.938,,10,3845,oy2keRVPIic,,,,,
Jump,Tyla,,100.104,,10,3846,baHa93gzOKs,,,,,
Jumanji,MIKE,,,,,3847,D9fXB-RZvcM,,,,,
Juke Jam,Chance the Rapper,,95.063,,5,3848,zFiT6w1rs2Q,,,,,
Jukai,Jhené Aiko,,145.006,,11,3849,25Q4mfDo7KA,,,,,
Juicy 1-4,Blood Orange,,106.02,,5,3850,b12MbC5gquw,,,,,
Juicy,Doja Cat;Tyga,Juicy,170.037,3:22,0,3851,CPETPGPVW8s,,,,,
Juan Loco,Rodrigo y Gabriela,,,,,3852,vb9IlS8ZZKY,,,,,
JT,Jon Bellion,,98.367,,0,3853,0eTAo8F7NA8,,,,,
Joyride,Kevin Abstract,,79.977,,9,3854,dzPP4y_RkPU,,,,,
Joy,Harini Iyer,,149.918,,5,3855,tnANnw-PiS0,,,,,
Jonathan,Fiona Apple,,155.025,,11,3856,ryzhE5zULMI,,,,,
Johnny P's Caddy,Benny The Butcher,,156.627,,8,3857,vnW2fpOOC4k,,,,,
JoHn Muir,ScHoolboy Q,,160.02,,11,3858,x1MIZeeYK6I,,,,,
Joe Pesci 38 (Instrumental),Daringer,,,,,3859,PG4bPH1hmTs,,,,,
Jodye,A$AP Rocky,,140.142,,3,3860,oWHjhvnWits,,,,,
Jodi,NxWorries,,186.088,,7,3861,eLajfEKbAe4,,,,,
Jobless Monday,Mitski,Bury Me At Makeout Creek,100.019,2:06,5,3862,xOH-Rnq1__8,,,,,
JJ’s,Tony Shhnow,,126.908,,23,3863,RIHsmluqqkw,,,,,
Jimmy Fallon Big!,Japanese Breakfast,Soft Sounds from Another Planet,220.16,2:35,2,3864,BkvRc8IvND4,,,,,
JIHAD JOE,JPEGMAFIA,I LAY DOWN MY LIFE FOR YOU,139.776,2:14,1,3865,d2OY8l49SnE,,,,,
Jhaleya,Raf Saperra;Ustaad Dildar Hussian,"She Loves Me, She Loves Me Not...",94.749,6:19,6,3866,D_5vV8xD8QM,,,,,
Jhaag,Chaar Diwaari,Jhaag,97.051,2:29,1,3867,mVvvch8EZ3A,,,,,
Jets,Bonobo,The North Borders,88.033,4:34,1,3868,u_2fZk4qmHQ,,,,,
Jesus of Suburbia,Green Day,American Idiot,147.116,9:08,1,3869,XrHjKN2bjb0,,,,,
Jesus Coming,Rapsody;Amber Navran,Laila’s Wisdom,166.359,6:19,1,3870,zzOYHk-KXlQ,,,,,
Jesus Christ Baby,STRFKR,Vault Vol. 2,108.956,0:37,8,3871,SVvje_l2tUk,,,,,
"Jerusalem, New York, Berlin",Vampire Weekend,Father of the Bride,134.039,2:54,9,3872,WjoQr6Eb7hM,,,,,
Jerrod,Solange,When I Get Home,114.023,3:02,3,3873,kysGSbTyLiQ,,,,,
JELLY (feat. Niontay),Mercury,JELLY,175.45,,7,3874,ruehEuWOiuE,,,,,
Jekyll,Hiatus Kaiyote,Choose Your Weapon,110.311,5:33,2,3875,sm0NgVtz1YQ,,,,,
JD Wrist (feat. Stove God Cooks),"Westside Gunn, Estee Nack, & Trap-A-Holics",And Then You Pray For Me,,,,3876,Vz-buZ8EhTY,,,,,
Jawbreaker (feat. Rico Nasty & Pro Teens),Injury Reserve,Injury Reserve,110.978,,1,3877,ABdaOGfkke8,,,,,
Jatti Lahore Di (feat. Naseebo Lal),Raf Saperra,Ruff Around The Edges,95.083,,6,3878,4hE2sm9v8Is,,,,,
Jatt Don’t Care (feat. BIG Ghuman),Sultaan,Jatt Don’t Care,127.892,3:25,11,3879,ndw6z3T_Yq8,,,,,
Jass Two,Connan Mockasin,Jassbusters Two,90.322,,1,3880,pU0jerWPGXc,,,,,
Japanese Denim,Daniel Caesar,Get You - Single,124.156,4:30,3,3881,4MXruqqZb8Q,,,,,
Jane,Roy Blair,Cat Heaven,109.992,,8,3882,cjKUlsLdl08,,,,,
Jane,Migos,Culture III,125.983,,9,3883,pg5d_yA0vRg,,,,,
Jana Te Ja,The PropheC,The Season,136.042,,7,3884,2eBJCIRmD38,,,,,
Jamming,Bob Marley & The Wailers,Exodus,123.643,,11,3885,7kyg6F-E4fg,,,,,
James,MGMT,Little Dark Age,113.983,,8,3886,elFDoNlj2XI,,,,,
Jameel's Space Ride,Thundercat,Drunk,140.087,,1,3887,muTL17Eh0Ks,,,,,
Jamais Vu,BTS,MAP OF THE SOUL: PERSONA,81,,8,3888,G3x17KyNJtg,,,,,
Jailbreak the Tesla (feat. Aminé),Injury Reserve,Injury Reserve,102.289,,8,3889,nGYXsGWLpNg,,,,,
Jack Reacher Nephew,RXKNephew,Dominican Plug,130.032,,1,3890,7aCrwIVqq8Y,,,,,
Jaan Di,The PropheC,The Season,127.062,,1,3891,8ZQIoag2F6c,,,,,
J'OUVERT,BROCKHAMPTON,iridescence,83.984,3:54,8,3892,_UH-M5i2sg0,,,,,
I’m So Dope,Young Thug,UY SCUTI,140.096,2:35,7,3893,4tL-zdMEd3w,,,,,
Izzo (H.O.V.A.),JAŸ-Z,The Blueprint Collector's Edition,84.411,,1,3894,OnZM-_gRAeA,,,,,
Izzat,Prabh Deep,Bhram,80.392,,5,3895,AvmvifATD_E,,,,,
IZ-US,Aphex Twin,Come To Daddy,119.042,,3,3896,OkqOmWyb2Ac,,,,,
Ixtapa,Rodrigo y Gabriela,Rodrigo Y Gabriela (Deluxe Edition),,,,3897,8qGaQHKNAjM,,,,,
IV. Sweatpants (feat. Jason Martin),Childish Gambino,Because the Internet,79.988,3:01,1,3898,j_d2o-V5SgM,,,,,
IV,BADBADNOTGOOD,IV,129.581,,11,3899,4p1VyvpNVKA,,,,,
Its Obvious (feat. Chris Travis),Xavier Wulf,"Greatest Hits, Pt. 1",115.01,,9,3900,JpTzkVZGPuw,,,,,
Its Bool,Lucki,Almost There,140.061,,1,3901,JY9Y-WXSBuE,,,,,
iT's YoU,ZAYN,Mind Of Mine (Deluxe Edition),124.92,,5,3902,tyFfvp6RCjg,,,,,
Phew! (Icarly),Moh Baretta,Phew! (Icarly),,,,3903,J2wG61RZUeE,,,,,
"It's inside me, and I'm inside it",Cloudkicker,Let Yourself Be Huge,140.002,,10,3904,gCK_0VSiCF0,,,,,
It's hard to get around the wind,Alex Turner,Submarine (original songs),145.42,4:07,0,3905,gLildVN4c74,,,,,
it's gonna find you,SPIRIT OF THE BEEHIVE,Hypnic Jerks,81.027,,10,3906,nOFDQ3Vnpiw,,,,,
"It's Down, Right?",Sicaria Sound,Binate,142.004,,5,3907,VgTH7ljW8rM,,,,,
It's A Fire,Portishead,Dummy,89.098,,6,3908,selAvZE6lp4,,,,,
It's a Fine Day,Opus III,Mind Fruit,125.007,,1,3909,L2umjcrbh4E,,,,,
It Works Itself Out,Half Moon Run,Sun Leads Me On,124.644,,7,3910,0AWK2NmX4Y8,,,,,
It Takes Time,Trippie Redd,A Love Letter To You,90.01,,10,3911,nHHT4JTkZWo,,,,,
Chewed Up,FREDDY,Fred The Conqueror,,,,3912,GDkyF1faOas,,,,,
It Ain't Safe No More... (feat. Meka),Busta Rhymes,It Ain't Safe No More. . .,86.869,,3,3913,mto93V3FNFg,,,,,
Isolated Incidents,Animals As Leaders,Weightless,179.956,,6,3914,LVlWdSqKVoM,,,,,
Isn't She Lovely,Stevie Wonder,Songs In The Key Of Life,118.679,,1,3915,7YGc6RMOYF8,,,,,
Islands,Lewis Del Mar,Lewis Del Mar,96.443,,4,3916,z-W2x-YuD90,,,,,
Island,Tony K,Island,81.495,,2,3917,eXpgYMufqPM,,,,,
ISABELLA,Anish Kalyan,ISABELLA,145.039,,9,3918,fokIkmV7lXg,,,,,
Is This What You Wanted,The Last Shadow Puppets,Is This What You Wanted,83.646,,2,3919,tcypDnt-dM4,,,,,
Is There More,Drake,Scorpion,83.508,,1,3920,EQhSeKbnkqI,,,,,
Is It Real (feat. Ravyn Lenae),Flume;JPEGMAFIA,We Live In A Society,150.969,,0,3921,U8x1lvz7318,,,,,
Irishman Freestyle,Action Bronson,White Bronco,93.679,,10,3922,1BYHYQHRVIk,,,,,
Invincible,Pop Smoke,Meet The Woo 2,142.791,,11,3923,DpH3Pad8Qu0,,,,,
Intro//A Cosmic Drama,Flying Lotus,Cosmogramma,62.157,,9,3924,aZsJ3swy1NM,,,,,
Intro Sexton,STRFKR,Vault Vol. 2,75.983,,11,3925,YOc3Krnu5_Q,,,,,
Intro: Persona,BTS,MAP OF THE SOUL: PERSONA,,,,3926,PruLsCEzm4Q,,,,,
Intro / Time For Some Action,N.E.R.D.,Seeing Sounds,,,,3927,1duoZm1G4qA,,,,,
"Intro (Live at the Blind Pig, Champaign, IL, 1997)",American Football,American Football (Deluxe Edition),,,,3928,E7487y8AC1E,,,,,
Intro (The Kid's Alright) [feat. Princeton] (feat. Princeton),Taylor Bennett,Restoration of an American Idol,85.064,,11,3929,G_Z4vtYgbkM,,,,,
Intro,NxWorries;Anderson .Paak;Knxwledge,Yes Lawd!,129.922,,4,3930,rrU2P6_VCWw,,,,,
Intro,alt-J,An Awesome Wave,134.975,,9,3931,gNNO63KZvQ4,,,,,
Intro,Majid Jordan,The Space Between,96.314,,9,3932,311sjcoBIRo,,,,,
Intro,Snail Mail,Lush,78.461,,0,3933,vwF6KrECJaw,,,,,
Intro,Spillage Village,Bears Like This Too Much,81.108,,7,3934,xtPWmf5q1Rw,,,,,
Into The Red,James Blake,Assume Form,173.838,4:17,1,3935,hujTeTsD-nk,,,,,
INTERMISSION: fLoWer,ZAYN,Mind Of Mine (Deluxe Edition),118.445,,9,3936,eWK27Y74YWc,,,,,
Interlude: Tina Taught Me,Solange,A Seat at the Table,46.693,,0,3937,sE1Uu_bUO9A,,,,,
Interlude: This Moment,Solange,A Seat at the Table,84.915,,9,3938,ZZBNwon1qgw,,,,,
Interlude: The Glory is in You,Solange,A Seat at the Table,75.297,,11,3939,CyHXKsJ8YpQ,,,,,
Interlude: Pedestals,Solange,A Seat at the Table,49.549,,6,3940,HQW5TGvEI0g,,,,,
Interlude: For Us By Us,Solange,A Seat at the Table,79.44,,0,3941,cBYSdpFsHb0,,,,,
Interlude: Dad Was Mad,Solange,A Seat at the Table,114.015,,0,3942,e4Hf7Cda4rM,,,,,
Interlude 3,alt-J,,77.512,,0,3943,gyhbeYH6Wzc,,,,,
Interlude 2,alt-J,,116.116,,9,3944,wWkE_ElULdI,,,,,
Interlude,CHASETHEMONEY,,133.983,,2,3945,jrHJA0CRoFw,,,,,
Instant Psalm,The Smile,,139.275,,7,3946,ZGBXJtiIQdM,,,,,
INSTANT DEATH,evilgiane,,54.703,,0,3947,zKDntM9WW-A,,,,,
Inspirations Outro,Nicki Minaj,,90.995,,0,3948,_pnaCyPFxlk,,,,,
Insomniak,Mac Miller,,120.08,,1,3949,G8WB8155AMo,,,,,
Insomnia,Takeoff,,139.987,,1,3950,OgFOyHxCGnk,,,,,
Insomnia,ZAYN,,81.177,,11,3951,gd6aorHjc50,,,,,
Insistencia,Lolabúm,,84.979,,0,3952,g0yTKvJNtCU,,,,,
Inside Your Home,Flying Lotus,,199.481,,4,3953,qW-py7JpFE0,,,,,
Inside River #2,Akira Kosemura,,,,,3954,z-YifEQhS6o,,,,,
Inside River #1,Akira Kosemura,,,,,3955,U7rbF4oR9e4,,,,,
Inside My Head,Lapgan,,133.997,,8,3956,LnO9h_wDed8,,,,,
Inside,Earl Sweatshirt,,142.028,,9,3957,Sr6ZNuAGpE0,,,,,
Inside,Tony Shhnow,,77.129,,3,3958,SjvosfJh1bE,,,,,
Innocence,Roy Woods,,142.132,,1,3959,Pnph5fLVyRU,,,,,
Innocence,Akira Kosemura,,118.638,,5,3960,Qh0JmTGvjZM,,,,,
Ini Ninte Lokam (Go Off),Vidya Vox,Sundari,145.989,2:44,5,3961,MCKNb1HSagE,,,,,
infinyte,Paris Texas,infinyte,124.013,2:11,11,3962,mz0zQZHKuCI,,,,,
Inferno,Thundercat,Drunk,80.002,4:00,5,3963,cuJv1v62hx4,,,,,
INFERNO,WondaGurl & Crush,METAL TAIL,,4:23,,3964,EULips9nJ7U,,,,,
Infatuation,Takeoff,The Last Rocket,103.022,3:41,2,3965,4TyNeXSmTUE,,,,,
Industrial Raja,Sakré,Raja Has No Friends (Beat Tape Vol.1),137.965,2:33,1,3966,acpGhjLs-ao,,,,,
Indra (Remastered 2022),Thievery Corporation,Mirror Conspiracy (Remastered 2022),,,,3967,wUWmq_fVgyI,,,,,
Indo Blue,Ganavya,Aikyam: Onnu,98.455,5:00,6,3968,P-4QcLC4QkY,,,,,
G Jones,In Your Head (RL Grime Edit),,,,,3969,ELoJ0WNUV00,,,,,
In Your Eyes (Remix),The Weeknd,,,,,3970,iaYxi752yHs,,,,,
In Turn For?,FearDorian,Leaving Home,150.091,1:45,7,3971,846zsfKR3Jg,,,,,
In The Dark Woods,Akira Kosemura;Atsuki Yoshida;Natsumi Okimasu;Kintaro Hagiya;Yumi Shimazu;Toru Nishijima,In The Dark Woods,139.292,6:35,0,3972,C33l_0nyIao,,,,,
In the Cut,Wiz Khalifa,Kush & Orange Juice,149.954,4:14,1,3973,Psw4QyshRCo,,,,,
In the Club,Roy Woods,Say Less,89.93,3:15,5,3974,T45WXaEYRTQ,,,,,
In My Room,The Last Shadow Puppets;Alex Turner;Miles Kane,The Age Of The Understatement,127.131,2:31,5,3975,Z2whA11prGg,,,,,
In My Room,Jacob Collier,In My Room (10 Year Anniversary Edition),,,,3976,P8GJErAYGV4,,,,,
In My Room,Justice Der,Favorites 4,150.536,,11,3977,0ma0LzEy7dM,,,,,
In My Hood,50 Cent,The Massacre,89.957,,1,3978,JJfBWgXSAYg,,,,,
in my head,Ariana Grande,"thank u, next",134.972,,0,3979,R5hPUMUlNaE,,,,,
In My Dreams (Cudder Anthem),Kid Cudi,Man On The Moon: The End Of Day,98.462,,2,3980,UNFa23QzdhY,,,,,
In My Dreams,Kali Uchis,Isolation,165.951,,0,3981,eTMLZ3HlUGE,,,,,
In Loving Memory,Saba,Bucket List Project,174.346,,1,3982,060_11hgHzU,,,,,
In Limbo,Radiohead,Kid A,89.752,3:31,0,3983,Q29iibXXiOs,,,,,
In Da Game,Three-6 Mafia,Mystic Stylez,,,,3984,HMGJHYlLXNE,,,,,
IN CTRL!,Laila!,IN CTRL!,134.997,,11,3985,JksrIYV8xLQ,,,,,
In Cold Blood,alt-J,RELAXER,143.398,,11,3986,Fkfx3qVd184,,,,,
In Between (AK Remix) (feat. AK),Andrew Applepie;Dario Lessing,In Between (AK Remix),,,,3987,PrOieAIztNo,,,,,
In Another Life,Foxwarren,Foxwarren,62.52,,7,3988,E_5os1NBqAQ,,,,,
imreallytiredthisdaysucks,boy pablo,Roy Pablo,110.927,,9,3989,tr3eq9Dme0I,,,,,
Imprint,ZAYN,Icarus Falls,139.886,,0,3990,Vxr-i5Dxebo,,,,,
Imperials,Ratatat,LP3,92.71,,9,3991,LdbUMximLoA,,,,,
Immortal,Kid Cudi,Indicud,84.921,,0,3992,VfTCZudvhk0,,,,,
Imagination,Justin Timberlake,Everything I Thought It Was,110.951,,5,3993,qSjf6zfIMoM,,,,,
Imaginary Players,JAŸ-Z,"In My Lifetime, Vol.1",88.156,,1,3994,hUPCzdIokps,,,,,
IM YEAT,Yeat;BNYX®,DANGEROUS SUMMER,131.003,,0,3995,Qs0DnSmKJm0,,,,,
Theekaari - Chill Lofi,Alvin Bruno;Santhosh Narayanan,Theekaari - Chill Lofi,,,,3996,5p5-NRQidH4,,,,,
"III. Telegraph Ave. (""Oakland"" By Lloyd)",Childish Gambino,Because the Internet,130.069,,5,3997,C96ICClDC3A,,,,,
III. Life: The Biggest Troll [Andrew Auernheimer],Childish Gambino,Because the Internet,80.505,,1,3998,IDhWnQ0OK1k,,,,,
II. Zealots of Stockholm [Free Information],Childish Gambino,Because the Internet,84.53,,1,3999,N75AtB_CP1o,,,,,
II. Worldstar,Childish Gambino,Because the Internet,119.982,,5,4000,s2cw6xDGrYY,,,,,
II. No Exit,Childish Gambino,Because the Internet,92.186,,5,4001,JgXyhFZZtz4,,,,,
II. Earth: The Oldest Computer (The Last Night) (feat. Azealia Banks),Childish Gambino,Because the Internet,139.895,,2,4002,6IMmuOyFjQ8,,,,,
Ignant Shit (feat. Lil Wayne),Drake,So Far Gone,94.795,,7,4003,pjniQzotvmM,,,,,
If You’re Going to Break Yourself,Unknown Mortal Orchestra,Sex & Food,115.547,,1,4004,mjy09DpjwMg,,,,,
If You Let Me,Alina Baraz,Sunbeam,138.088,,5,4005,MwyT6Nu0WAM,,,,,
If Tomorrow's Not Here (feat. Twelve'len),Denzel Curry,Imperial,106.013,,4,4006,ohw6x9z-jYA,,,,,
"If Self-Destruction Was an Olympic Event, I’d Be Tonya Harding",$uicideboy$,Long Term Effects of SUFFERING,126.033,,7,4007,6bIUiyk3ZBY,,,,,
If Only,Raveena,Shanti,77.977,,10,4008,7kgHRwo8f0o,,,,,
If I Was A Folkstar,The Avalanches,Wildflower,123.179,4:33,10,4009,H86doZD9OMQ,,,,,
If I Had a License,Yung Heazy,Whenever You're Around I Hate Everything Less,98.325,,7,4010,OBXVekNq-FQ,,,,,
If I Had a Boat,Kieran Hebden;William Tyler,41 Longfield Street Late ‘80s,176.015,,4,4011,PHIxpZYdK5I,,,,,
If I Got You,ZAYN,Icarus Falls,169.488,,2,4012,glCRL6d2me4,,,,,
If I Get Caught,dvsn,Working On My Karma,149.019,,8,4013,zLYQBk9Suvw,,,,,
If 6 Was 9,The Jimi Hendrix Experience,Axis: Bold As Love,,,,4014,cQCM2vHIZ3o,,,,,
IDGAF (feat. Yeat),Drake,For All The Dogs,136.968,,8,4015,AFQnRwMDo1I,,,,,
Identikit,Radiohead,A Moon Shaped Pool,150.695,4:26,11,4016,QZfK4zOQQ3E,,,,,
Idea 36 (feat. Chrome Sparks),Machinedrum,A View of U,132.992,,8,4017,G3GJcyJZu3o,,,,,
Idaho,Gorillaz,The Now Now,136.065,,6,4018,C69jC1LnMo0,,,,,
Idaho,Gregory Alan Isakov,This Empty Northern Hemisphere,133.757,,11,4019,8WXzjrgftZQ,,,,,
Icy (feat. Gucci Mane),Logic,Confessions of a Dangerous Mind,151.99,,7,4020,-cyQ3sbcSXs,,,,,
Icon? (Electric),Jaden,SYRE: THE ELECTRIC ALBUM,,,,4021,h3KwJne9ySM,,,,,
Ice Wizard Woe,Xavier Wulf,"Greatest Hits, Pt. 1",115.988,,0,4022,DEhAz7fEJB8,,,,,
Ice Melt,Crumb,Ice Melt,176.161,,9,4023,zMaXdYLzsOs,,,,,
Icarus Interlude,ZAYN,Icarus Falls,106.531,,4,4024,zuN_6RtQ5sA,,,,,
Icarus,Planet Giza,Don't Throw Rocks At The Moon,108,,2,4025,4PQ2u8TC3mo,,,,,
I. The Party,Childish Gambino,Because the Internet,156.281,,6,4026,lgtlRTe-GaE,,,,,
I. Pink Toes (feat. Jhené Aiko),Childish Gambino,Because the Internet,79.579,,7,4027,1Suw0vQTJ1A,,,,,
I've Just Seen A Face (Remastered 2009),The Beatles,Help!,,,,4028,m8LbJfC0SYM,,,,,
I've Been Working,Luther Vandross,Never Too Much,134.619,,5,4029,qUbej5bGOL4,,,,,
I'm Upset,Drake,Scorpion,149.993,,11,4030,pQ4YSaKXrTM,,,,,
I'm The Plug,Drake;Future,What A Time To Be Alive,160.016,,5,4031,NojIVCHAyh8,,,,,
I'm Pretty Cool,Heems;Lapgan,LAFANDAR,92.156,2:22,6,4032,TtUSJXTK37Q,,,,,
I’m Not Real (feat. Earl Sweatshirt),Mac Miller,Watching Movies with the Sound Off,152.087,,1,4033,9mcrdVs5dKQ,,,,,
I'm Not OK,H.E.R.,I Used To Know Her,102.206,,11,4034,i51DtW2_Zv8,,,,,
I'm Not Goin' (feat. Kevin Gates),Gucci Mane,Evil Genius,131.117,,2,4035,GL-nSBJAbfY,,,,,
I'm Not Giving Up,Louis The Child;MEMBA,The Sun Comes Up,,,,4036,5VlJMiiiRg0,,,,,
"I'm Not Crazy, Life Is (feat. Chance The Rapper & Kodak Black)",2 Chainz,Rap Or Go To The League,75.387,,0,4037,aos2T7Cbt2A,,,,,
I'm Not Alone (2019 Edit),Calvin Harris,I'm Not Alone 2019,,,,4038,adJt-TqnPSc,,,,,
I'll Try,Her's,Songs of Her's,122.471,,11,4039,KU5chRnpw2I,,,,,
"I'll See You When We're Both Not So Emotional (4-Track Album Prep, 1999)",American Football,American Football (Deluxe Edition),,,,4040,mXxER-rAueo,,,,,
I'll See You When We're Both Not So Emotional,American Football,American Football (Deluxe Edition),115.757,,11,4041,TzTezNdZSVA,,,,,
I'LL SEE YOU IN 40,Joji,,139.881,,3,4042,wPd1wlsbZro,,,,,
I'll Kill U (Dreams Are Horrorshows),Good Morning,,202.77,,9,4043,N5vaIqAJ1B0,,,,,
I Won't,H.E.R.,,173.971,,1,4044,lS4W53HrIs4,,,,,
I Will (Remastered 2009),The Beatles,,,,,4045,p-abNGP1BK4,,,,,
I Will,Radiohead,Hail To the Thief,75.234,1:59,1,4046,zBe6pJ4THnc,,,,,
I Will,Mitski,,137.983,,2,4047,ODPra5VxNLI,,,,,
I Will,2Sdxrt3all,ADLIBGOD,157.03,1:50,8,4048,iYGkaPnqoUo,,,,,
I Was Supposed to Be a Trap Rapper,Skyzoo,All the Brilliant Things,,,,4049,zd3WISvFLNE,,,,,
I Want You To Know,James Blake,Playing Robots Into Heaven,124.996,4:47,11,4050,NddaCnzya0U,,,,,
I Wanna Go There,Freeman Leverett,Lost to Love,102.009,5:09,7,4051,cFaxhC2DViY,,,,,
I Waited for You (feat. Doug Raney & Niels-Henning Ørsted Pedersen),Chet Baker,The Touch of Your Lips,116.279,8:09,3,4052,KAC5rqhqSz0,,,,,
I Used To Thug Her (Sweetness),Mach-Hommy,,93.986,,6,4053,RUvRjKSZJWU,,,,,
I Used To Love Him,Lauryn Hill,,87.445,,9,4054,doszNz67lmc,,,,,
I Think Ur A Contra,Vampire Weekend,,139.943,,0,4055,hJdVg6a_TVE,,,,,
I Think I'm Getting Emotional,RL Grime,,130.02,,2,4056,i_65gAj7fmE,,,,,
I THINK,"Tyler, The Creator",,121.075,,8,4057,m91Vq-Yd3BA,,,,,
I Stand Corrected,Vampire Weekend,Vampire Weekend,160.01,2:39,7,4058,iO710M78ssg,,,,,
I Should Go (with Kenny Beats),James Vincent McMorrow,,134.953,,9,4059,hWqhFVnBWQ0,,,,,
I See It I Want It,Juicy J;Wiz Khalifa;Tm88,TGOD Mafia: Rude Awakening,73.023,4:33,0,4060,F9HHlr9OxKs,,,,,
I See A Darkness,ROSALÍA,Los Ángeles,111.468,4:08,7,4061,fg7GJghu4Zo,,,,,
I Remember,Takeoff,The Last Rocket,76.992,2:59,1,4062,SSRjufffRiA,,,,,
I Quit,The Smile,Wall Of Eyes,170.025,5:32,5,4063,RKG8xlBvNpQ,,,,,
I Never Learnt To Share,James Blake,James Blake,139.896,4:51,2,4064,BZSoMagoqtI,,,,,
I Need Love,Robin Thicke,The Evolution of Robin Thicke,130.004,4:55,5,4065,atBfzxUPrPA,,,,,
I Mind,James Blake,James Blake,110.002,3:31,11,4066,mD4cAPxFwpQ,,,,,
I Loves You Porgy (2013,Remaster),,,,,4067,74EUydjLy9U,,,,,
"I Love You Baby, I Love You Doll",Parekh & Singh,Ocean (Deluxe),94.883,2:49,4,4068,TuOK8fmEEsM,,,,,
I Love You,Chris P House,Live from the Tivoli,85.209,4:57,11,4069,o1pRETMRnNQ,,,,,
I Love Them Girls (Timbaland Remix),Tank,,,,,4070,nY5eGOwc65s,,,,,
I Love Every Little Thing About You,Stevie Wonder,Music Of My Mind,115.086,3:55,8,4071,olrLXo-gy7U,,,,,
FlyGod Jr,Westside Gunn,,139.872,,9,4072,KBoXvmLeqLA,,,,,
I Know,Blood Orange,Freetown Sound,165.93,4:34,9,4073,j-U4HPzHQfM,,,,,
I Know,Bob Marley & The Wailers,Confrontation,89.589,3:19,11,4074,YppYgL0B_CQ,,,,,
I Hope You Find Your Way Home,"Tyler, The Creator",CHROMAKOPIA,112.188,,4,4075,AUA3_lX6g-s,,,,,
I Hope My Life (1-800 Mix),James Blake,The Colour In Anything,,,,4076,EX5t1XFqgu4,,,,,
I Heard Love Is Blind,Amy Winehouse,Frank,69.947,,4,4077,gMM3HqKw9JA,,,,,
I Heard,Michael Christmas,Hiding,84.171,,6,4078,F4jPxXnRdSI,,,,,
I Hate Your Ex-Girlfriend (feat. Doechii),BANKS,Off With Her Head,120.077,,7,4079,UVWrHYJpfbE,,,,,
I Hate U,SZA,SOS,106.703,,7,4080,yPMa4PxuxSU,,,,,
I Guess We're Not The Same,Sammy Virji,Same Day Cleaning,140.023,,8,4081,Mem3Erd_Vh0,,,,,
I Gotta Find Peace of Mind (Live),Lauryn Hill,MTV Unplugged No. 2.0,,,,4082,b2IbsMCgz4A,,,,,
I GOT NO HOES,Melvin Knight,BOOTY GOBLIN,82.285,,6,4083,5UK7VWucEnk,,,,,
I Found You,Alabama Shakes,Boys & Girls,109.843,,7,4084,dnmYbULmqBA,,,,,
I Found Keisha,Dave East,P2,79.491,,2,4085,dmHqlR3qWxo,,,,,
i feel like a dog,meat computer,i feel like a dog,152.652,1:25,11,4086,g0aRF9DYB9Q,,,,,
I Fall Apart,Post Malone,Stoney (Deluxe),143.946,,8,4087,gk0nB9vvYfU,,,,,
I Don't Think I Can Do This Again,Mura Masa;Clairo,R.Y.C,,,,4088,OqnvKYVGrW0,,,,,
I DONT KNOW ABOUT HIM,Roy Blair,GRAFFITI,,,,4089,zZ36d1tYxEY,,,,,
I Don't Smoke,Mitski,Bury Me At Makeout Creek,143.365,,1,4090,aEk0Y8aygSc,,,,,
I Don't Mind,Yung Heazy,Whenever You're Around I Hate Everything Less,119.976,,7,4091,wuwJw1sydCU,,,,,
I Don't Mind,ZAYN,Icarus Falls,82.962,,11,4092,B0STuchhV24,,,,,
I DON'T LOVE YOU ANYMORE,"Tyler, The Creator",IGOR,142.952,,8,4093,ZJsJ07vk23o,,,,,
I Don't Like You Anymore (feat. Alex Turner & Miles Kane),The Last Shadow Puppets,The Age Of The Understatement,113.424,,11,4094,PgwT5ZOcNNA,,,,,
I Don't Know Anything,Yung Heazy,Whenever You're Around I Hate Everything Less,121.71,,4,4095,ieBFiVAqkwc,,,,,
I Don't,Brittany Howard,What Now,148.586,,4,4096,gUYBiN_t3SA,,,,,
I Come Apart (feat. Florence Welch),A$AP Rocky,LONG.LIVE.A$AP (Deluxe Version),83.938,,1,4097,XC41ZWNPlAw,,,,,
I Can't Win,The Strokes,Room On Fire,97.44,,11,4098,LPNGT5BE6RU,,,,,
I Can't Turn Down,Vulture Love;Lil Crix,Vulture Love Presents: The Last Zombies on Earth,83.966,,1,4099,cCTMg1jt158,,,,,
I Can't Tell (feat. LAUREL),Flume;LAUREL,Palaces,125.905,,0,4100,idPIGcXn0dM,,,,,
I Can't Get Enough,Cazzi Opeia,I Can't Get Enough,121.918,,8,4101,qfFWSyp0ysA,,,,,
I Can Not,Dave East,P2,132.935,,0,4102,El0JsA5BcJg,,,,,
I Can Be,Aaliyah,Aaliyah,151.815,,5,4103,tJ7tkZm7wYE,,,,,
I Bet on Losing Dogs,Mitski,Puberty 2,82.062,,9,4104,dQkZve4_B2A,,,,,
I Been,Larry June;2 Chainz;The Alchemist,Life Is Beautiful,143.299,2:34,1,4105,0DzzzRak5dE,,,,,
I Am Sold,James Blake,Overgrown,140.093,,11,4106,cDohRTUpW_E,,,,,
I Am Crazy,Thundercat,Drunk,83.962,,8,4107,WiyfMPajVh8,,,,,
I Ain't the Same,Alabama Shakes,Boys & Girls,106.238,,11,4108,oMyKo-krXO0,,,,,
I Ain't Got Time!,"Tyler, The Creator",Flower Boy,108.822,,1,4109,drfS9adBK8o,,,,,
I Ain't Feelin It,Little Simz,Drop 7,145.081,,9,4110,5KqxgKe7hLI,,,,,
Hëy,Yeat,Up 2 Më,69.952,,8,4111,5xDwo3YQxQE,,,,,
Hyssop of Love (feat. Mick Jenkins),BADBADNOTGOOD,IV,87.017,,7,4112,jd6TM4jDPFM,,,,,
Hypnotize U,N.E.R.D.,Nothing,,,,4113,t7DLYZ8NaHg,,,,,
hypnic jerks,SPIRIT OF THE BEEHIVE,Hypnic Jerks,149.033,,7,4114,0JeLDSva58Q,,,,,
Hype,Drake,Views,130.014,,4,4115,79fUc7tU_W8,,,,,
Hymn for the Weekend (Seeb Remix),Coldplay,Hymn for the Weekend (Seeb Remix),,,,4116,qLboqerzUzI,,,,,
HYAENA,Travis Scott,UTOPIA,97.071,,8,4117,qS6ozdhzSVQ,,,,,
Hush,The Marías,CINEMA,93.038,,5,4118,SX4hA5TXc8M,,,,,
Hurt You,The Weeknd;Gesaffelstein,"My Dear Melancholy,",183.934,,5,4119,iD8SDlUNtCY,,,,,
Hurry (feat. Kanye West),Teyana Taylor,K.T.S.E.,81.35,,7,4120,ijEe2-vt_Lo,,,,,
Hurricane (feat. Lil Baby),Kanye West;The Weeknd,Donda,80.009,,0,4121,1S9wGH2BDDU,,,,,
Hunnid Stax (feat. ScHoolboy Q),Ab-Soul,These Days...,134.179,,10,4122,6dFAzv7n2zU,,,,,
Humility (feat. George Benson),Gorillaz,The Now Now,160.174,,0,4123,vz7Ju8dhe2c,,,,,
Humanidad (feat. Los Macorinos),Natalia Lafourcade,"Musas (Un Homenaje al Folclore Latinoamericano en Manos de Los Macorinos), Vol. 2",94.649,,5,4124,fVZxi80MXlc,,,,,
Human Behaviour,Bjork,Debut,,4:13,,4125,ob13zEZB94k,,,,,
Huey,Earl Sweatshirt,"I Don't Like Shit, I Don't Go Outside: An Album by Earl Sweatshirt",76.035,,9,4126,xVWmhbEPpT8,,,,,
Hudson,Vampire Weekend,Modern Vampires of the City,80.066,,2,4127,7ReMsZ1OYhg,,,,,
Huckleberry,Abhi The Nomad,Destroyer,144.064,,10,4128,1qAu7OBaB_4,,,,,
Hoy Mi Día Uno (feat. Los Macorinos),Natalia Lafourcade,"Musas (Un Homenaje al Folclore Latinoamericano en Manos de Los Macorinos), Vol. 2",106.978,,5,4129,1yHn11whbtg,,,,,
Howling Fjord,RL Grime,PLAY,132.996,,5,4130,UnyZS_znHFY,,,,,
Howling,RY X,Dawn,119.992,,6,4131,Bt3kmBEoB3A,,,,,
How We Do? (feat. Fabolous),Trina,Diamond Princess,120.04,,8,4132,xIOc6tsggOQ,,,,,
How To Meet Yourself,Hiatus Kaiyote,Love Heart Cheat Code,90.135,,9,4133,ZLKPoJk6vow,,,,,
How To Get By,April + VISTA,You Are Here,110.66,,1,4134,jyq5uxmLLpU,,,,,
How To Forget,Paul Bender,How To Forget,126.024,,5,4135,TsaWNEI23kw,,,,,
How To Disappear Completely,Radiohead,Kid A,102.041,5:56,6,4136,6W6HhdqA95w,,,,,
How Long?,Vampire Weekend,Father of the Bride,103.948,,11,4137,n4Rhdd0AjfE,,,,,
How I'm Coming,RXKNephew;Harry Fraud,LIFE AFTER NEPH,80.021,,4,4138,ei9dVxKbxVk,,,,,
How Did I Get Here (feat. J. Cole),Offset,FATHER OF 4,129.994,,2,4139,ELgDXClgMdc,,,,,
How Can You Mend a Broken Heart,Al Green,Let's Stay Together,146.512,,4,4140,SuQJZp2yWc0,,,,,
Houstatlantavegas,Drake,So Far Gone,135.337,,1,4141,gxbFzzqU6cA,,,,,
House of the Rising Sun [Tuka Version],alt-J,,,,,4142,3PV5btLdlDo,,,,,
House of the Rising Sun,alt-J,,112.836,,2,4143,CmroJ30O4Cc,,,,,
Hours,FKA twigs,,140.863,,0,4144,wZN5KrhmuLs,,,,,
Hounds,RY X,,110.613,,8,4145,tGLDyWqDjVo,,,,,
Houdini,Death Grips,,155.945,,1,4146,XH6gC26EXD4,,,,,
HOTEL LOBBY (Unc & Phew),Quavo,,127.961,,11,4147,tFAdIVCjySY,,,,,
Hot Oct.,Flying Lotus,Flamagra,95.79,4:35,1,4148,v2h74ScXt4k,,,,,
Hot Knife,Fiona Apple,,97.499,,5,4149,0kaNQKM0Q_c,,,,,
Hot Head,Death Grips,,126.361,,1,4150,dhpFvr0_7ug,,,,,
Hot Coffee Freestyle,April + VISTA,,154.964,,11,4151,ICud-Sy2x0M,,,,,
Hot (interlude),Curren$y;Trauma Tone,Highway 600 (Deluxe),79.272,1:17,10,4152,g_0m5jS0VG4,,,,,
Hostile,Zelooperz,,129.917,,6,4153,8cyKdNWeJEg,,,,,
hostage,Billie Eilish,dont smile at me,129.565,3:49,9,4154,4B7gJMPOYWk,,,,,
Horsepower,Father,Young Hot Ebony 2,130.004,2:35,1,4155,DxrNp3dLpHI,,,,,
Hornsfire (feat. James Mollison),Joe Armon-Jones,,,,,4156,YDa8aQo4wyI,,,,,
Hormonyious,STRFKR,,93.396,,6,4157,h3ci_TA-wts,,,,,
Horizon,Nujabes,,99.99,,7,4158,h-Udboe6n5I,,,,,
Horchata,Vampire Weekend,,119.976,,0,4159,DW-q1d8vk4o,,,,,
Hopes Up,H.E.R.,H.E.R.,146.008,3:05,9,4160,821-fNX5vwQ,,,,,
Hope,Jaden,SYRE,96.453,6:00,0,4161,hiwtBPG-PXE,,,,,
Hoover Street,ScHoolboy Q,Oxymoron (Deluxe),79.045,6:36,1,4162,89MfXY4TAyk,,,,,
HOODRAT,¥$;Kanye West;Ty Dolla $ign,VULTURES 1,87.741,3:42,11,4163,eHHwQMxvVOU,,,,,
HONEY,BROCKHAMPTON,iridescence,109.966,3:15,2,4164,vs1L0qAHpH8,,,,,
Honesty,Yves Tumor,Safe In The Hands of Love,122.975,5:01,0,4165,-C-5-sgbE6w,,,,,
Honestly?,American Football,American Football (Deluxe Edition),129.903,6:10,2,4166,Nq8pCQlmwcQ,,,,,
HONEST,Baby Keem,DIE FOR MY BITCH,79.037,2:52,2,4167,EVzn9Mvo_Vs,,,,,
Homicide,Logic,,140.055,,10,4168,NoQQg8wA9BY,,,,,
Homemade Dynamite,Lorde,Melodrama,107.047,3:09,10,4169,tjuIzZ8uldo,,,,,
Homelands,Nitin Sawhney,Beyond Skin,106.103,6:02,2,4170,oxA3t6xI-XI,,,,,
Homecoming (feat. Chris Martin),Kanye West,Graduation,87.089,3:24,16,4171,YOzAdMs5dEc,,,,,
Homebody,Nai Palm,Needle Paw,100.432,3:56,1,4172,4T3UhMWE2yo,,,,,
Home (KOD),Playboi Carti,Die Lit,77.015,2:42,7,4173,92p9xW37pls,,,,,
Home (feat. Dev Hynes),Heems;Devonté Hynes,Eat Pray Thug,177.941,3:57,5,4174,Iqh3ebXPf6c,,,,,
Home,Brent Faiyaz,Sonder Son,88.526,,5,4175,jJJiQP6nqy8,,,,,
Home,Knucks,NRG 105,96.052,3:52,6,4176,o4eyFwMNEkI,,,,,
home (feat. Jon Batiste),WILLOW,empathogen,113.018,,0,4177,QmFd7IDhUEY,,,,,
Holy Will (feat. Ian Isiah),Blood Orange,Negro Swan,85.779,,0,4178,sztOKcB-R40,,,,,
Holy Ghost (feat. Joe Fox),A$AP Rocky,AT.LONG.LAST.A$AP,75.549,,10,4179,AeOe9Lh-MYQ,,,,,
Holssi,IU,The Winning,86.949,,10,4180,vXm52ToV8_c,,,,,
Hollywood Love (feat. Gunna),A.CHAL,Hollywood Love,83.022,,1,4181,cCopZlW0l2g,,,,,
Holly,STRFKR,Starfucker,117.608,,1,4182,JZaRIQmtb9I,,,,,
Holiday / Boulevard of Broken Dreams,Green Day,American Idiot (Deluxe),167.086,8:13,8,4183,J0xe5DcnYSA,,,,,
Holiday,Vampire Weekend,Contra,155.828,,2,4184,PZOolJNFnFA,,,,,
Hold You Now (feat. Danielle Haim),Vampire Weekend,Father of the Bride,86.88,,0,4185,Yh5WKIEqGxs,,,,,
Hold Ya Head,2Pac,The Don Killuminati: The 7 Day Theory,,,,4186,aOWVfz-tQbU,,,,,
Hold Still,Grizzly Bear,Veckatimest,126.558,,9,4187,2SelkI60KTE,,,,,
"Hold On, We're Going Home",Drake;Majid Jordan,Nothing Was The Same,100.003,,6,4188,IC9gZ2nM9Vg,,,,,
"Hold On, We're Going Home",Drake;Majid Jordan,Nothing Was The Same (Deluxe),100.003,,6,4189,sbLqX7cUKoM,,,,,
Hold On,Alabama Shakes,Boys & Girls,88.841,,0,4190,4NDV4t1wCSg,,,,,
Hold On,Andrew Music Williams,Strategy,,,,4191,XuJNXvGWK14,,,,,
Hold On,Rich The Kid,Life's A Gamble,83.08,,2,4192,PFpBVP5U4aA,,,,,
Hold My Head,Kenny Beats,LOUIE,144.06,1:46,5,4193,hl5i2b8g_Aw,,,,,
Hol' Up,Kendrick Lamar,Section.80,155.983,,5,4194,zHmE1ArPdUM,,,,,
Hoe Train,Curren$y,Stoned On Ocean,81.049,,0,4195,xtnu-xJJQdM,,,,,
Hoarse,Earl Sweatshirt,Doris,139.95,,0,4196,NWUzZqUxJ1M,,,,,
Hive (feat. Vince Staples & Casey Veggies),Earl Sweatshirt,Doris,144.602,,1,4197,0PZ3UU5pAPM,,,,,
Hittas,Lil Wayne,Tha Carter V,144.049,,2,4198,rEgB9OAMtvg,,,,,
HIT THE STREETZ IN MY NIKES,Kid Cudi,INSANO,112.949,,11,4199,InUD6pNR194,,,,,
Hit The Freeway (feat. Loon),Toni Braxton,The Essential Toni Braxton,97.017,,4,4200,QWZ9xk9YxRM,,,,,
Hit Me Like That Snare,alt-J,RELAXER,125.803,,7,4201,2SK6rbsXm6c,,,,,
His & Her Fiend (feat. SZA),ScHoolboy Q,Oxymoron (Deluxe),125.665,,1,4202,_9T_7tdH4og,,,,,
Hip Hop,Mos Def,Black On Both Sides,90.238,,1,4203,uq3syNck274,,,,,
Hill,Parekh & Singh,Ocean (Deluxe),119.994,,5,4204,a8NgASayVHU,,,,,
Why Not / I Am (Remix 2005),Hilary Duff,Most Wanted,,,,4205,8o48UdEKjg0,,,,,
Hikari,RL Grime,PLAY,139.945,,11,4206,wBwqRUEaH48,,,,,
Higher Plains,Clever Austin,Pareidolia,120.079,,1,4207,wwssLDswtgU,,,,,
Higher,GUDFELLA;Jai Wolf,Higher,129.993,3:26,5,4208,hI7K_Dyd53g,,,,,
High Today (feat. Logic),Wiz Khalifa,The Saga of Wiz Khalifa,112.835,,8,4209,rafgKCrFS7w,,,,,
High Priestess,Santigold,Spirituals,152.012,3:13,9,4210,5-tDknbnXtA,,,,,
High (feat. Danny Brown),Freddie Gibbs;Madlib,Piñata,119.424,,1,4211,vslw9V-E4Sk,,,,,
Hiding,m.e.h.,It's All Starting To Make Sense Now,,,,4212,SS0cDUfDYfA,,,,,
HIDE N SEEK,Doechii,Alligator Bites Never Heal,139.011,,4,4213,kJyJOTOdyDQ,,,,,
Hidden Shelters,Lovelier Other,Effort,80.532,,11,4214,BzyuKMCPCno,,,,,
Hi This Is Flume,Flume,Hi This Is Flume (Mixtape),182.703,,7,4215,l_XT8QYUbDA,,,,,
Hey Mama,The Black Eyed Peas,Elephunk,,,,4216,iCNekTCRnis,,,,,
Hey Kids (Bumaye) (feat. Danny Brown),Run The Jewels;El-P;Killer Mike,Run The Jewels 3,136.022,,9,4217,8Nr7t9zbhqw,,,,,
Heroes In A Half Shell,Flying Lotus,Flamagra,171.361,,1,4218,YxaRqRGiMtY,,,,,
Heroes,Flying Lotus,Flamagra,180.101,,7,4219,LdE4YSv6MiU,,,,,
Hereditary,Isaiah Rashad,Cilvia Demo,97.544,,1,4220,Pg9VkuJ5aMQ,,,,,
Here Comes The Sun (feat. dodie),Jacob Collier,Djesse Vol. 2,145.043,,2,4221,ZGrYe372QXk,,,,,
Here Come the Tubular Bells,Japanese Breakfast,Soft Sounds from Another Planet,77.59,,11,4222,raPABifALQ0,,,,,
Here but I'm Gone,Curtis Mayfield,New World Order,143.834,5:18,3,4223,z9wXSmGc4S4,,,,,
Here and There,Chon,Homey,111.236,,5,4224,89sQ45lfs84,,,,,
HERBERT,Ab-Soul,HERBERT,110.975,,1,4225,WtXhumQeXIU,,,,,
Her Waves,Halogenix,Critical Presents : Systems 001,172.006,5:43,11,4226,CkMqOlppoiI,,,,,
Her Favourite,Tony Shhnow,Her Favourite,80.04,,10,4227,wyENKvhYF8I,,,,,
Her,The American Dawn,Her,102.99,,3,4228,rvAGVO_A9ig,,,,,
helpline (feat. Tom Tripp),Mura Masa,Mura Masa,94.915,,7,4229,54nMGoa2cXo,,,,,
Hello?!,Injury Reserve,Injury Reserve,86.957,,2,4230,jbs1EIG8ddI,,,,,
Heir Apparent,American Football,American Football (LP3),105.985,,10,4231,nAN1gUSvGio,,,,,
Heimdalsgate Like A Promethean Curse,of Montreal,"Hissing Fauna, Are You The Destroyer?",149.956,,4,4232,_sI0RLRhlgI,,,,,
Hegira Émigré,of Montreal,Lousy with Sylvianbriar,109.535,,6,4233,1tL1kkrJcF4,,,,,
Heera,Peter Cat Recording Co.,Bismillah,116.007,6:19,9,4234,XJGC29dbBfI,,,,,
Heer,Raf Saperra,"She Loves Me, She Loves Me Not...",92.012,,10,4235,M4P5Iq5qnsk,,,,,
Hedron,BADBADNOTGOOD,III,151.437,,3,4236,S6TLYp8yD2w,,,,,
HEAVY METAL,Paris Texas,BOY ANONYMOUS,115.407,,1,4237,-1EgVWWNtHc,,,,,
Heavy Chevy,Alabama Shakes,Heavy Chevy,,,,4238,McsERHUtHBc,,,,,
Heaven Or Las Vegas,The Weeknd,Trilogy,125.042,,11,4239,QmR6QrZWqXU,,,,,
Heaven and Hell,Kanye West,,82.986,,0,4240,Vn0soMSMBbg,,,,,
Heaven,Tierra Whack,,107.035,,8,4241,d9k_HBdvfWk,,,,,
Heat of the Summer,Young the Giant,,80.021,,7,4242,IDP6VCfbHdU,,,,,
Heartless,Milky Chance,,109.966,,1,4243,NlR3J1bRqIw,,,,,
Heartfelt Freestyle,Syd,,99.959,,6,4244,BHhB2yYFkYo,,,,,
Heartbreaker,Alabama Shakes,,139.195,,7,4245,EkQ3mSBPHa4,,,,,
Heart-Shaped Box (Orchestral),Ramin Djawadi,,81.957,,8,4246,Z925Fr4dkVA,,,,,
Heart-Shaped Box,Nirvana,In Utero (Deluxe Edition),203.006,4:41,1,4247,8eGY-4OALgM,,,,,
Heart Shaped Box (2013 Mix),Nirvana,,,,,4248,8vZxDNC9EQs,,,,,
Heart Of A Lion (Kid Cudi Theme Music),Kid Cudi,,125.015,,11,4249,KvlUkAtFIxs,,,,,
Heart Eyez,Mirataen,,,,,4250,GkKNIwBxlvg,,,,,
HEART ATTACK,BRONSON,,122.048,,6,4251,q6DL4vihQtU,,,,,
Hear Yee,Xavier Wulf,,119.984,,3,4252,lSeLKnHUuqs,,,,,
Health Machine,Sam Evian,,126.144,,10,4253,wwiDLwC-uM0,,,,,
HEAL (CHEF BOYARBEATZ REMIX),Machinedrum,,,,,4254,w0zW8pjoK98,,,,,
Headshots (4r da Locals),Isaiah Rashad,Headshots (4r Da Locals),120,3:13,3,4255,TqtUc5x30Kg,,,,,
Headlow,Anderson .Paak,,100.044,,1,4256,XhCH313M6u0,,,,,
Headlock (1shot Jersey Club),1shot,Headlock (1shot Jersey Club),,1:48,,4257,-7JnsQYyews,,,,,
He's Herre,Chingy,Jackpot,83.703,3:02,3,4258,L61yEYqDNaY,,,,,
he can’t do it like me,TisaKorean,mr.siLLyfLow,136.886,1:33,1,4259,3bkuE3kfUT8,,,,,
HBA,Playboi Carti,MUSIC,139.991,3:32,10,4260,IfzmgsWCr-4,,,,,
Hazey,Glass Animals,ZABA,89.993,4:25,1,4261,o3miaGiB3JI,,,,,
Hazel,Roy Blair,Cat Heaven,83.876,4:06,8,4262,fwqBslc0WUA,,,,,
Hazel,Núria Graham,Marjorie,80.037,3:42,0,4263,c2EeA-sFzLE,,,,,
Have You Got It in You?,Imogen Heap,Speak for Yourself,110.684,4:09,2,4264,uqumqBnqsWE,,,,,
Have You Ever Been (To Electric Ladyland),Nai Palm,Needle Paw,117.962,4:19,10,4265,-kb9YpGmk9U,,,,,
Have Some Love,Childish Gambino,"""Awaken, My Love!""",148.227,3:44,4,4266,82ede35RJsQ,,,,,
Haunted,Laufey,Bewitched,109.087,3:20,7,4267,VMksJnz0DX0,,,,,
Haterer,STRFKR,Vault Vol. 3,100.067,2:07,5,4268,W734hu_GUB0,,,,,
Hated Because of Great Qualities,Blonde Redhead,Melody of Certain Damaged Lemons,120.746,4:42,6,4269,Dm4jHpkfezo,,,,,
Hasta Cuando,Kali Uchis,Red Moon In Venus,90.999,2:09,10,4270,6UA3Y7d4oqw,,,,,
Has It Come to This?,The Streets,Original Pirate Material,130.017,4:03,1,4271,7rADktJaT6Y,,,,,
Has Ended,Thom Yorke,Suspiria (Music for the Luca Guadagnino Film),121.013,4:56,0,4272,Ex2PTvtQiYk,,,,,
春と修羅 - harutosyura,Haru Nemuri,harutosyura,,,,4273,Lou9vBGx3Y8,,,,,
Harrowdown Hill,Thom Yorke,The Eraser,125.553,,11,4274,otPs1jb1eRE,,,,,
Harold’s,Freddie Gibbs;Madlib,Piñata,86.74,,4,4275,nTkLN4o9whc,,,,,
Harleys In Hawaii,Katy Perry,Smile,140.092,,10,4276,EO4_qL7GCHQ,,,,,
The I/E-nglewood Swang,Pairograffs;Anacron;Irie Swire;AstroBwoy,773121310: Los Angeles to Chicago,,,,4277,LqCvkIYnVlE,,,,,
Harem,Miguel,War & Leisure,119.99,,2,4278,mugn9KdRgpI,,,,,
Hard White,Nicki Minaj,Queen,173.952,,2,4279,_HoIw4T2sII,,,,,
Hard To Explain,The Strokes,Is This It,82.523,,7,4280,2iF9-LAVcjE,,,,,
Hard Times,Paramore,After Laughter,119.965,,5,4281,V0hvzjyuZ5k,,,,,
Hard Place (Single Version),H.E.R.,I Used To Know Her,,,,4282,baCIo1k3Bp4,,,,,
Hard Piano (feat. Rick Ross),Pusha T,DAYTONA,80.785,3:16,4,4283,PGBabCk3O2s,,,,,
Hard Feelings/Loveless,Lorde,Melodrama,97.031,,1,4284,TVpvzcz2VMU,,,,,
Hard Feelings,Gucci Mane,Evil Genius,120,,7,4285,yGyLH3B2J90,,,,,
Harambe,Young Thug,JEFFERY,132.125,,8,4286,k8Z6NTP8BBc,,,,,
Happy Summertime,STRFKR,Vault Vol. 2,135.168,1:13,9,4287,9WQw0RGfTGo,,,,,
Happy,Mitski,Puberty 2,106.997,,4,4288,5bTIWzzPLZA,,,,,
Happier Than The Morning Sun,Stevie Wonder,Music Of My Mind,110.895,,10,4289,S4PcSOLtf-U,,,,,
Hannah Hunt,Vampire Weekend,Modern Vampires of the City,207.969,,4,4290,Td7VQnWWWzI,,,,,
Hanna,STRFKR,Vault Vol. 2,135.356,,4,4291,c84yWRhFdII,,,,,
Hangover Sq.,Grapetooth,Grapetooth,140.009,,2,4292,vDt6TQJ4K98,,,,,
Hang Loose,Alabama Shakes,Boys & Girls,119.801,,4,4293,nW8YUMQRvx4,,,,,
Handz Look Like This,Father & Archibald Slim,Handz Look Like This,,,,4294,HD24yJMQ7Ug,,,,,
Hands Up,Princess Nokia,Metallic Butterfly,77.876,,6,4295,-Y8pYlCenJY,,,,,
Hands Up,Blood Orange,Freetown Sound,134.014,,11,4296,CBpqtvgbhXY,,,,,
Hands on the Wheel (feat. Asap Rocky),ScHoolboy Q,Habits & Contradictions,127.839,,1,4297,205hbkAhmtM,,,,,
Hands On Me,BURNS;Maluma;Rae Sremmurd,Hands On Me,100.046,4:16,9,4298,jmZY0Vh-UBw,,,,,
Hands (Skit),Spillage Village,Bears Like This Too Much,73.895,,10,4299,NymS2DkLhPI,,,,,
Hand-Made,alt-J,An Awesome Wave,114.797,2:37,9,4300,FGRJnE0Hu3s,,,,,
Hand It Over,MGMT,Little Dark Age,175.926,,1,4301,BfSPDj2udVw,,,,,
HALLOWEEN,Kenny Mason,PUP PACK EP,178.19,,9,4302,DDKleLTtnho,,,,,
Hallelujah,Grapetooth,Grapetooth,134.964,,0,4303,WTq41moKz9Q,,,,,
Half-Life,Slauson Malone 1,EXCELSIOR,126.407,,11,4304,MYJSkpfQmTY,,,,,
Half On a Sack,Three 6 Mafia,Most Known Unknown,126.98,,2,4305,PS6H13nI2c0,,,,,
Half & Half,Playboi Carti,Playboi Carti,127.046,3:47,7,4306,33P9b-dr_wc,,,,,
Halcyon,Chicane,Behind The Sun,131.013,,9,4307,eeoaYiaSDUQ,,,,,
Hail Mary,2Pac,The Don Killuminati: The 7 Day Theory,82.05,,10,4308,x9bPGZIBt7Y,,,,,
Hail Mary,2Pac,Greatest Hits,82.05,,10,4309,_jGCL0CkXow,,,,,
Haiku,Nai Palm,Needle Paw,112.507,,1,4310,J-7cmWsjzEA,,,,,
Hadron Collider,Blood Orange & Nelly Furtado,Freetown Sound,,,,4311,mG_XB5-P3mI,,,,,
Had2Go,Wavedash,Tempo,,,,4312,Ar0mfS9f2lM,,,,,
Habits (Stay High) (Hippie Sabotage Remix),Tove Lo,Queen Of The Clouds,,,,4313,F23OMi1BRxw,,,,,
Habitat,Mos Def,Black On Both Sides,96.252,,8,4314,mYD3yNnXeUM,,,,,
Habit,DILJIT DOSANJH,G.O.A.T.,85.009,,10,4315,A0R0sefj0Gs,,,,,
Haani,The PropheC,The Season,123.977,,2,4316,7T1WAlI1QfQ,,,,,
H.D.L.,Lewis Del Mar,Lewis Del Mar,120.04,,7,4317,l8DHNtJVE2Q,,,,,
H.A.N.,NxWorries;Anderson .Paak;Knxwledge,Yes Lawd!,74.061,,8,4318,sycTZ9lGk-o,,,,,
Gët Busy,Yeat,Up 2 Më,139.902,,10,4319,9fDHrKyV-r8,,,,,
Gyrating Hips,STRFKR,Vault Vol. 3,92.732,,0,4320,Wkui75tv7ic,,,,,
Gypsy Eyes,The Jimi Hendrix Experience,Electric Ladyland,,,,4321,6cAnJlyoowQ,,,,,
Gyani,Prabh Deep,Tabia,79.231,,2,4322,JvHMih1MNZA,,,,,
Gunnlib,Westside Gunn,Flygod Is An Awesome God,86.957,,8,4323,r8BnmR27cF8,,,,,
gummy vaymix,Vayda,shade,173.962,,7,4324,U1D6txM-irE,,,,,
Guild (feat. Mac Miller),Earl Sweatshirt,Doris,108.031,,1,4325,ms73O9kNDqc,,,,,
guidance,Travis Scott,Birds in the Trap Sing McKnight,139.98,,11,4326,1_mEWBBvUyE,,,,,
Guetto Love,DJ Lycox,Guetto Star,176.106,,5,4327,LiAOTeXolWQ,,,,,
Guess Who,Alabama Shakes,Sound & Color,86.596,,11,4328,9maCDxUpztQ,,,,,
Guatauba,Plan B,Guatauba XXX,183.985,,4,4329,zs7bnoXT42g,,,,,
Grown Ups (feat. Da$H),Earl Sweatshirt,"I Don't Like Shit, I Don't Go Outside: An Album by Earl Sweatshirt",149.058,,2,4330,EFnpq7Faywk,,,,,
GROWING PAINS,Yeat,DANGEROUS SUMMER,177.146,,2,4331,iQ0WYVIA_Fc,,,,,
Groundhog Day,Eminem,The Marshall Mathers LP2 (Expanded Edition),81.972,,1,4332,srTofVi1YuY,,,,,
Groovy Tony / Eddie Kane (feat. Jadakiss),ScHoolboy Q,Blank Face LP,164.659,,4,4333,VvC-TzJ334M,,,,,
Gronlandic Edit,of Montreal,"Hissing Fauna, Are You The Destroyer?",119.953,,4,4334,wq7epvTOSQs,,,,,
Grief,Earl Sweatshirt,"I Don't Like Shit, I Don't Go Outside: An Album by Earl Sweatshirt",89.971,,8,4335,T-7FN_k8FEg,,,,,
Grey Poupon (feat. Dave East & Steven Young),Smoke DZA,The Hustler's Catalog 2,91.64,,1,4336,OYCnhOyFbkI,,,,,
GREENER KNOTS,Maxo Kream,WEIGHT OF THE WORLD,130.084,,0,4337,8EbPTUZf3Hs,,,,,
Green Light,Lorde,Melodrama,128.942,,2,4338,gp3T60xhvBw,,,,,
Green Light,Beyoncé,B'Day,107.034,,10,4339,mbiaNB1MK6M,,,,,
Green Juice,A$AP Ferg,,120.061,,0,4340,eBY8pYzAlgA,,,,,
Green Eyes,Sudan Archives,Athena,139.884,3:41,10,4341,Qgjs2HYyahA,,,,,
Great Adventures,Boldy James,,163.117,,1,4342,n4TqWfdWmrU,,,,,
Gravy n’ Biscuits,Injury Reserve,,93.709,,5,4343,V0pEYFyhdCM,,,,,
GRAVITY,"Brent Faiyaz, DJ Dahi, & Tyler The Creator",WASTELAND,,3:41,,4344,Pp-pElPOeyA,,,,,
Gratisfaction,The Strokes,,135.437,,0,4345,5QvLP1_T_Fc,,,,,
Grateful,Dave East,,123.8,,2,4346,y2FveFnxBPM,,,,,
Grapevines,Rozie Ramati,,78.729,,0,4347,RDDvrDSuHoI,,,,,
Grapejuice,Harry Styles,,182.928,,5,4348,-elrsfwGdSU,,,,,
Grandmother (feat. Laraaji),Big Thief,Double Infinity,141.594,6:01,4,4349,jUEeuJmFL7g,,,,,
Grand Theft Auto,Roy Blair,,110.156,,8,4350,7BEdlOUajTw,,,,,
Grammys,Drake,,145.869,,1,4351,4Rt7HSAkteQ,,,,,
Grab Her Hand,Michael Christmas,,126.946,,1,4352,tcH2V52Vb_E,,,,,
Government Cheese,Vince Staples,Dark Times,87.066,2:45,3,4353,bsMMUjpH--4,,,,,
Gotta Eat,Lupe Fiasco,,97.45,,2,4354,GlvFY_inXLg,,,,,
Got To Be,Childish Gambino,,131.98,,2,4355,0670G-GUIR4,,,,,
Got Me,Roy Woods,,101.997,,10,4356,6Fqvcqka4BA,,,,,
Got,Mos Def,,92.711,,0,4357,pUjlMgYCUSI,,,,,
Gossip,Tame Impala,Currents,119.474,0:55,11,4358,fJ1eOs-d_JI,,,,,
Gorgeous,Kanye West;Kid Cudi;Raekwon,My Beautiful Dark Twisted Fantasy,91.964,5:57,6,4359,miJAfs7jhak,,,,,
Gorgeous,Jaden,2024: A Case Study of the Long Term Effects of Young Love,89.973,3:13,6,4360,Pgy8pJFY8xY,,,,,
Goosebumpz (Bonus Track),Mac Miller,Watching Movies with the Sound Off (Deluxe Edition),144.112,3:22,9,4361,kKvqcgBtwnw,,,,,
goodnight n go,Ariana Grande,Sweetener,110.963,3:09,1,4362,CV9RCoHDzX8,,,,,
Goodbye Angels,Red Hot Chili Peppers,The Getaway,171.597,4:28,9,4363,K5QrnKj3lMA,,,,,
goodbye,Billie Eilish,"WHEN WE ALL FALL ASLEEP, WHERE DO WE GO?",74.318,1:59,6,4364,vciZvVJyNYU,,,,,
Good Years,ZAYN,Icarus Falls,96.965,3:00,2,4365,ZBBCzhsJdvg,,,,,
Good Things Fall Apart (SLANDER Remix),ILLENIUM,,,,,4366,05itT5GpI6g,,,,,
Good P,Juicy J;Xavier Wulf,Memphis Zoo,159.906,3:09,6,4367,S1WAFyKxI1I,,,,,
Good Night,Denzel Curry;Twelve'len;Nell,Imperial,113.971,3:56,11,4368,_yIfUG0Nggg,,,,,
Good Morning,Kanye West,Graduation,169.769,3:15,13,4369,WwYbTxOZF0k,,,,,
Good Morning,RXKNephew,Good Morning,123.966,2:15,10,4370,tE7KoN4hkVE,,,,,
Good Luck,High Klassified,,134.526,,5,4371,d25_SOeNOD4,,,,,
good kid,Kendrick Lamar,"good kid, m.A.A.d city (Deluxe)",176.173,3:34,5,4372,ABdJX_LxWvQ,,,,,
Good Heels (feat. Jazmine Sullivan),Anderson .Paak,Ventura,80.13,,9,4373,6OV2v-Q5TXA,,,,,
Good Guy (feat. Jessie Reyez),Eminem,Kamikaze,89.973,,9,4374,0FSVpAKnC1M,,,,,
Good Guy,ZAYN,Icarus Falls,93.018,,5,4375,jAmvyHdz5WE,,,,,
Good Game,Dominic Fike,What Could Possibly Go Wrong,84.006,,2,4376,oZEp9N43igk,,,,,
Good Form,Nicki Minaj,Queen,96.503,,7,4377,meBfNHufcWQ,,,,,
Good Days,SZA,SOS,121.07,,1,4378,-JIazHCRk9A,,,,,
Good Day,Surfaces,Horizons,124.998,,11,4379,K4DLOxtU0xM,,,,,
Good Ass Intro (feat. BJ The Chicago Kid & Lili K),Chance the Rapper featuring BJ The Chicago Kid and Lili K,Acid Rap,,,,4380,vz1yxZZ4zOE,,,,,
"GONE, GONE / THANK YOU","Tyler, The Creator",IGOR,78.848,,10,4381,pVInBRkoKgY,,,,,
Gone Away,H.E.R.,H.E.R.,77.197,,6,4382,2NrVKVgp_QM,,,,,
Gone Are The Days (feat. Uyama Hiroto),Nujabes,Spiritual State,115.014,,11,4383,-9cr2EkhP4E,,,,,
Gone,SiR,November,151.226,,9,4384,G95CV3oBlCk,,,,,
Gone,Crumb,Ice Melt,112.45,,5,4385,L_m-3Z4d0bU,,,,,
Gone,Cousin Stizz,Just For You,125.052,2:35,0,4386,QjW0wSKpDoU,,,,,
Gomeisa,Ivy Lab,Twenty Questions EP,174.007,,6,4387,eqOmXp6TJfQ,,,,,
Goldigger,SPOOK,Spook Szn,145.023,,1,4388,21piJCFB4NU,,,,,
Goldie,A$AP Rocky,LONG.LIVE.A$AP (Deluxe Version),81.956,,10,4389,EXbvtHyrLco,,,,,
Golden Light,STRFKR,Miracle Mile,96.982,,8,4390,U11t9lFZtSE,,,,,
Golden Eye,Action Bronson,Only For Dolphins,149.99,,11,4391,5KuAQBYaD0w,,,,,
Golden Dreams,BLU J,Golden Dreams,112.001,,0,4392,2xK7oDJ_A8Y,,,,,
Golden Dream,Snail Mail,Lush,117.862,,1,4393,7gbwDUQ3xmY,,,,,
Golden Dragon,MIKE;Tony Seltzer,Pinball II,141.99,,5,4394,MYeYHoRE15M,,,,,
Gold Thangs & Pinky Rangs (Da Hooptie) (feat. Shakewell & Pouya),Ramirez,THA PLAYA$ MANUAL,98.984,,1,4395,rkY0BE5Wm-I,,,,,
Gold Feet,"Freddie Gibbs, The Alchemist, & JID",Alfredo 2,,,,4396,ZdeV0x4CvY0,,,,,
Going Up (feat. Trippie Redd),Rich The Kid;Famous Dex,Rich Forever 5,82.038,,1,4397,BiDWVGM8ET0,,,,,
HER INTERLUDE,The Kid LAROI,BEFORE I FORGET,,,,4398,Zt0m2c9RhwY,,,,,
Goin' to the Party,Alabama Shakes,Boys & Girls,110.321,,10,4399,IkomV60w48M,,,,,
Goin' Through It,Tony Shhnow,Da World Is Ours 2,142.976,,10,4400,zXvYMjAN-pU,,,,,
God's Plan,Drake,Scorpion,77.167,3:18,7,4401,FrsOnNxIrg8,,,,,
"God Is Fair, Sexy Nasty (feat. Kendrick Lamar)",Mac Miller,The Divine Feminine,95.931,,2,4402,1F6zIO_QMTc,,,,,
God is a woman,Ariana Grande,Sweetener,145.031,3:17,1,4403,vpohuhgqf5w,,,,,
GOD IS A GENTLEMAN,WHIPPED CREAM,Careline,125.946,,10,4404,oggFJNV7w_8,,,,,
God Bless Us All,N.E.R.D.,Nothing,,,,4405,XsjGRZ2U6H4,,,,,
Go Slowly,Radiohead,In Rainbows (Disk 2),108.154,3:48,11,4406,wqh9GKAtZzo,,,,,
Go Robot,Red Hot Chili Peppers,The Getaway,131.01,,8,4407,NlC65820F2I,,,,,
Go Go Go,Roy Woods,Exis,77.958,,0,4408,r1fkPW2oLiY,,,,,
Go Flex,Post Malone,Stoney (Deluxe),81.958,,5,4409,_4NV6OYxA8w,,,,,
Go DJ,Lil Wayne,Tha Carter,157.955,,6,4410,pzgT0kautGk,,,,,
"Go 2 Sleep (feat. Infamous 2-0, Lil Fate & Three 6 Mafia)",Ludacris,Word Of Mouf,141.056,,0,4411,hrIjz5lZBBk,,,,,
Glow,Harrison Sands,Everything's Fine,82.828,,5,4412,Kdn_aRsCPpA,,,,,
Glory,Young the Giant,Mirror Master,155.964,,5,4413,qy3OIuDgZcg,,,,,
Glorious Idea,Virginia Wing,Ecstatic Arrow,128.957,,1,4414,FucqLDta9ms,,,,,
Glitch,Chon & ROM,Homey,,,,4415,DrHSxaPuRkA,,,,,
Glide (feat. Tkay Maidza),Hoodboi,Breathing Room,114.945,,8,4416,zDnzzmro8tg,,,,,
Glasses,Roy Woods,Say Less,120.971,,11,4417,DQOTXzUyWXI,,,,,
Glass House (feat. Sunni Colon),Soft Glas,Orange Earth,80.029,,7,4418,4wj2jaHNyE8,,,,,
Glass House (feat. Curren$y & Wiz Khalifa),Big K.R.I.T.,K.R.I.T. Wuz Here,82.019,,4,4419,chMFFxQg354,,,,,
Glass Flows (feat. Ravyn Lenae),Smino,blkswn,90.74,,1,4420,egG6ueJDB_E,,,,,
Giving Bad People Good Ideas,Death Grips,Bottomless Pit,92.496,,5,4421,B4GbiqIa_78,,,,,
Give Up,FKA twigs,LP1,110.024,,9,4422,mUMxfWky2E0,,,,,
Give My Heart A Break,Cazzi Opeia,Give My Heart A Break,126.027,,11,4423,OFgTUI40xVY,,,,,
Give Me My Month,James Blake,James Blake,69.155,,2,4424,-MuWcwBFQkU,,,,,
Give It A Chance,Foxwarren,Foxwarren,189.304,,11,4425,jtk1XA8q4SQ,,,,,
Give Her Soul,ICYTWAT,Siddhi World (Deluxe),154.973,,10,4426,0vrKmi5ZVTA,,,,,
Git Ya Sheta,Hamid El Shaeri - حميد الشاعري,Git Ya Sheta,,3:08,,4427,FFJBo9R7wDQ,,,,,
Girls Want Girls (feat. Lil Baby),Drake,Certified Lover Boy,,,,4428,mY-paKL6Az0,,,,,
"Girl, I'll Take U Anywhere",Yung Heazy,Whenever You're Around I Hate Everything Less,209.864,,0,4429,MvvqkUdqVKs,,,,,
Girl's Best Friend (feat. Ty Dolla $ign),2 Chainz,Rap Or Go To The League,99.997,,9,4430,caDb0Qg1iQo,,,,,
Girl With the Gold Wrist,Injury Reserve,Floss,112.069,,6,4431,D0Gfb6PCR1M,,,,,
Girl Of The Year,Beach House,7,139.702,,10,4432,R6utrGsQC8w,,,,,
Girl (Remastered 2009),The Beatles,The Beatles 1962 - 1966,,,,4433,wSoLAhknDbU,,,,,
Ginga Riddim,S!RENE,Ginga Riddim,115.025,4:35,1,4434,wJdljWB1T-s,,,,,
Gift,Loving,Any Light,133.128,,5,4435,CYz36F6O4AI,,,,,
ghoulish,MIKE,Disco!,129.768,,1,4436,zjet2PGvL-I,,,,,
ghostt (feat. Damone Tyrell),J.Robb,monetary purposes II,83.764,,1,4437,UiX6IKgNox0,,,,,
Ghosted (feat. Pauline Herr),Tails,Ghosted,172.03,,8,4438,edVnpNbS3A4,,,,,
Ghost in the Machine (feat. Phoebe Bridgers),SZA,SOS,124.979,,6,4439,j1Tm5HylCxw,,,,,
Ghost (Radio Edit),Parekh & Singh,,,,,4440,a1rogkodOAk,,,,,
"Ghoomar (From ""Padmaavat"")",Shreya Ghoshal,,,,,4441,4eRdshiNGa4,,,,,
Ghetto Symphony,A$AP Rocky,,150.514,,6,4442,vCDZAWLzOJM,,,,,
Ghetto Children,Kelis,,85.025,,2,4443,ET_MGYiNsQY,,,,,
Ghar More Pardesiya,Pritam,,,,,4444,OumlYgpiA88,,,,,
Getting Loose,Wiz Khalifa,,101.982,,1,4445,tNNqLGv-nds,,,,,
Getting High,RRoxket,Red Ranger,,,,4446,9sM96-_-q1U,,,,,
Gettin' Jiggy Wit It,Will Smith,,107.891,,6,4447,5VPm2yckO3k,,,,,
Get You Good,Roy Woods,,86.185,,0,4448,ASRS0L2eCXQ,,,,,
Get You (feat. Kali Uchis),Daniel Caesar;Kali Uchis,Freudian,74.038,4:38,4,4449,QwPgtjgir8I,,,,,
get well soon,Ariana Grande,,100.355,,9,4450,QI-DZwR3CQM,,,,,
Get up and Fight,Muse,,135.014,,4,4451,bkJyYS4kfqA,,,,,
Get The Bag,A$AP Mob,,173.916,,8,4452,U9UaM4weGrk,,,,,
Get Started,Strong Arm Steady,In Search Of Stoney Jackson,83.696,3:03,1,4453,3dQomITdCTQ,,,,,
Get on the Floor,Michael Jackson,,124.435,,0,4454,bzb2He1C_UU,,,,,
get off my dick,Zack Fox & Kenny Beats,shut the fuck up talking to me,,2:44,,4455,yWRkmzsJwk0,,,,,
Get No Better,Clear Soul Forces,,92.449,,6,4456,w0HIdL5MSIA,,,,,
Get Made,klark sound,What Is Music,165.716,3:36,9,4457,TZJsDtv3E_Y,,,,,
Get It Up,Kodak Black,Project Baby,140.017,3:41,3,4458,-2B_R02h2XM,,,,,
Get It Off,Rochelle Jordan,Through The Wall,102.911,4:00,11,4459,aG5Tg1UqHbY,,,,,
Get It,Stevie Wonder;Michael Jackson,Characters,117.999,4:32,11,4460,Uh2V2X3J0Sg,,,,,
Get In My Car,50 Cent,The Massacre,75.065,4:05,11,4461,ibX81eF7vyc,,,,,
Get Geeked,Ski Mask The Slump God,STOKELEY,127.983,1:45,9,4462,mcO2yQmGLAs,,,,,
Get By,Still Woozy,"If This Isn’t Nice, I Don’t Know What Is",135.059,2:26,7,4463,fHwJ1NnCRl0,,,,,
Get Bigger / Do U Luv,NxWorries,Yes Lawd!,77.337,4:03,5,4464,J37T5ZGVFWQ,,,,,
Get Back,Pop Smoke,Meet The Woo 2,142.004,1:48,9,4465,hyjHkzStDYk,,,,,
Get Away,The Internet,Ego Death,110.371,2:30,9,4466,fYUx82DihbY,,,,,
Get An Idea,Kenny Mason,PUP PACK EP,75.856,3:38,0,4467,zoI5XmDGyEg,,,,,
Germany 86',ScHoolboy Q,BLUE LIPS,140.827,2:06,7,4468,UiDUYJg42G8,,,,,
Germanien Senthan,S. Janaki;S. P. Balasubrahmanyam,Guru - Ullaasapparavaigal - Sikappu Rojakkal,147.916,5:37,2,4469,5quc6FAfkkw,,,,,
German Love,STRFKR,Starfucker,94.917,3:32,4,4470,j4l7xB_IS1g,,,,,
Genevieve (Unfinished),Jai Paul,,,,,4471,7MsT2uNJ2hA,,,,,
Gemini,Alabama Shakes,Sound & Color,147.465,,4,4472,ZVHiZAOyNQA,,,,,
Gees (feat. ScHoolboy Q),Mac Miller,Watching Movies with the Sound Off,188.251,,1,4473,XtfozKKVEjw,,,,,
GEEKIN (feat. Danny Towers),Ski Mask The Slump God,BEWARE THE BOOK OF ELI,145.029,,1,4474,w4UaGoo1mbo,,,,,
Geeked,Lucki,Days B4 III,129.97,,10,4475,-UO9xzsnPKw,,,,,
Gavota (Versión Instrumental) (feat. Los Macorinos),Natalia Lafourcade,"Musas (Un Homenaje al Folclore Latinoamericano en Manos de Los Macorinos), Vol. 2",,,,4476,VTatlci2UCI,,,,,
Garden Shed (feat. Estelle),"Tyler, The Creator",Flower Boy,112.984,,2,4477,-VgLwAjz4oA,,,,,
Garden of England (Interlude),alt-J,This Is All Yours,,,,4478,Jp3Ph_Nkp2o,,,,,
Garden (Say It Like Dat),SZA,Ctrl,111.352,,9,4479,bY88tNDpHyI,,,,,
Garage Talk,Wiz Khalifa;Curren$y,2009,95.986,,1,4480,80bsAP6sGcg,,,,,
Ganja Burn,Nicki Minaj,Queen,108.993,,1,4481,RZ0r3az3aXE,,,,,
Gangsta in Designer (No Concept),ScHoolboy Q,Habits & Contradictions,80.414,,9,4482,iCRBiHBRXuo,,,,,
Gang Shit No Lame Shit,Key Glock,Glockoma,115.071,,5,4483,VebkRlC5Moo,,,,,
"Gang Gang (feat. Rosecrans HopOut, YS, PhoPho8ight & Hitta J3)",Chef Boy;YS;Hitta J3;Rosecrans HopOut;PHOPHO8IGHT,"Gang Gang (feat. Rosecrans HopOut, YS, PhoPho8ight & Hitta J3)",102.898,3:47,1,4484,WVm2CKxzrwA,,,,,
Gang Gang,ScHoolboy Q,CrasH Talk,129.978,,8,4485,ipFqXCMBNhw,,,,,
Games,The Strokes,Angles,127.05,,9,4486,FJx-AKKbrm0,,,,,
Game Tapes,Curren$y,Stoned On Ocean,74.637,,4,4487,cPc0eac5JMk,,,,,
Game From Pluto,Kodak Black,Kutthroat Bill: Vol. 1,79.964,,11,4488,EcL9JDQAShc,,,,,
Gabby (feat. Janelle Monáe),The Internet;Janelle Monáe,Ego Death,156.772,3:33,9,4489,BtRbO3nQGWI,,,,,
Gabby (Booty In The Hallway),Tisakorean,A Guide To Being A Partying Freshman,138.106,,1,4490,Z3HRvP2gF6g,,,,,
G.O.A.T.,Polyphia,New Levels New Devils,107.028,3:35,11,4491,5brO1ZEYLhc,,,,,
G.I. Joe (feat. Louie Ray),Lil Yachty;Louie Ray,Michigan Boy Boat,149.875,2:46,11,4492,Lmr3PViOLZM,,,,,
G's Walk In,Curren$y,Andretti 10/30,80.253,3:10,1,4493,yaRvLM8JPu8,,,,,
Fé meu levado,Caio Ocean;graovizir,Garoto Oceano,137.101,1:32,5,4494,h3QqxJiJMog,,,,,
"FYBR (First Year Being Rich) (feat. A$AP Twelvyy, A$AP Rocky, A$AP Ant & A$AP Ferg)",A$AP Mob,Cozy Tapes Vol. 2: Too Cozy,124.055,,1,4495,SMcNs7k1gDQ,,,,,
FUXK (feat. Ski Mask the Slump God),XXXTENTACION,LOOK AT ME: THE ALBUM,120,,11,4496,io6mJ0YWSg0,,,,,
Futureproof (Intro),The PropheC,Futureproof,152.064,,11,4497,U54NRVHUAh4,,,,,
Future People,Alabama Shakes,Sound & Color,154.41,,11,4498,iyqYd-0JJF4,,,,,
Funny Papers,Mac Miller,Balloonerism,169.24,,0,4499,hrdnb-363mg,,,,,
Funny (feat. Childish Major),Benét & Childish Major,Funny (feat. Childish Major),,,,4500,fIXDjfP-ba4,,,,,
FUN!,Vince Staples,FM!,101.011,2:51,0,4501,jufb6X8jFqo,,,,,
Fumbling Prayer,RY X,Unfurl,169.606,,11,4502,8UnVdP4Arpg,,,,,
FULLCOURTPRESSHA,Niontay,Fada<3of$,82.286,,10,4503,OGgubAXdZ5o,,,,,
Full Metal,Curren$y;The Alchemist,Covert Coup,145.934,,2,4504,ARjwd3nQDy0,,,,,
Full Control,Snail Mail,Lush,117.006,,11,4505,chrzcQnwC2U,,,,,
Ful Stop,Radiohead,A Moon Shaped Pool,151.191,,0,4506,NHDOk7lA53w,,,,,
FUK SUMN,¥$;Kanye West;Ty Dolla $ign,VULTURES 1,142.084,,4,4507,xd2SEKy6HIM,,,,,
Fugitive Air,of Montreal,Lousy with Sylvianbriar,122.066,,0,4508,v7IZkDOqM-M,,,,,
Fucking Told U,Young Thug,UY SCUTI,131.961,,1,4509,CABA72mdNik,,,,,
Fuckin' Up the Count,Freddie Gibbs,Fuckin' Up the Count,149.939,,7,4510,rGabsftzpXg,,,,,
Fuckdemhoes,Lucid Monday;Soudiere,LM022,76.491,,10,4511,-jABvxj4p9Q,,,,,
FUCK THE SPEAKERZ UP,ISOxo,FUCK THE SPEAKERZ UP,150.015,2:46,9,4512,rWBur0dEG7Y,,,,,
Fuck Off,STRFKR,Vault Vol. 2,199.728,,7,4513,dcE1fBDN02k,,,,,
Fuck 'Em All,Mac Miller,Macadelic,153.984,,4,4514,kgtkfUKGii0,,,,,
Fucc Shit (feat. Menace),Wiz Khalifa,Cabin Fever 2,134.65,,1,4515,bNvESKvwPgQ,,,,,
FTR (feat. S-Smart),Cruel Santino,Cincinnati Pumpin!!,151.985,2:19,0,4516,JMln9OOuU8g,,,,,
"Fryin' (feat. M. Mereba, Jordxn Bryant & Hollywood JB)",Spillage Village,Bears Like This Too,78.274,,2,4517,6IE_pdlVzqI,,,,,
Fruit Salad,Tierra Whack,Whack World,139.982,,6,4518,FcIzwi3wiKA,,,,,
Frozen,Madonna,Ray of Light,110.005,,1,4519,JkPieADAVew,,,,,
From Time (feat. Jhené Aiko),Drake,Nothing Was The Same,94.378,,1,4520,bHRv-EIuKJ8,,,,,
From The Sun,Unknown Mortal Orchestra,II (10 Year Anniversary Edition),83.2,,6,4521,nWlvCREr0ks,,,,,
From the Start (feat. Tommy Girl),Wiz Khalifa;Curren$y,2009,82.051,,8,4522,USwC7h-KW1A,,,,,
From the Garden (feat. Lil Uzi Vert),Isaiah Rashad,The House Is Burning,142.04,,6,4523,xExy_vgOvOU,,,,,
From the Dining Table,Harry Styles,Harry Styles,94.08,,8,4524,rw_lb9ReU9k,,,,,
From,Big Thief,U.F.O.F.,142.989,,3,4525,DM74fc2Umo0,,,,,
Frisky,Dominic Fike,Sunburn,97.009,,9,4526,BNfh3u8tCn0,,,,,
Friends,Medasin,RIPPLS,97.47,,8,4527,RXMFWy2sZyY,,,,,
Friendly Fire,Sid Sriram,Sidharth,97.978,4:44,6,4528,-4AikzaBFqg,,,,,
Friend Of A Friend,The Smile,Wall Of Eyes,122.35,,10,4529,WypwOQx8aKs,,,,,
Fried (She a Vibe),Future;Metro Boomin,WE DON'T TRUST YOU,145.03,,6,4530,4YdiLugQ-G4,,,,,
Friday Activities,Larry June;Cardo,Into The Late Night,89.076,,6,4531,oh4mNH-TWvQ,,,,,
FRICKY VIP,Skrillex,F*CK U SKRILLEX YOU THINK UR ANDY WARHOL BUT UR NOT!! <3,75.851,,9,4532,2bOSH-_xxfI,,,,,
FRFR,Maxo Kream,WEIGHT OF THE WORLD,151.995,2:56,9,4533,DdQTgkcbtcE,,,,,
FRESHIE,Kid Cudi,INSANO,108.018,,8,4534,samPONu0-3o,,,,,
Fresh Air,ZAYN,Icarus Falls,119.346,,2,4535,pHuX8ueN3u0,,,,,
Frequency Change,JID,DiCaprio 2,70.128,,1,4536,Mmaq-LjhobM,,,,,
Frequency,Jhené Aiko,Trip,113.234,,1,4537,neqS9TnJ3zU,,,,,
I'm French so what,Freddy EDM,The Paris Premium,,,,4538,KkYY5yogca8,,,,,
Freeze,Kygo,,111.078,,4,4539,pMHe37fX7PU,,,,,
Freestyle 4,Kanye West,,126.036,,9,4540,yt3rfHIijZQ,,,,,
Freesol,Seven Lions,,74.827,,0,4541,YnQWdlZyaIU,,,,,
Freelance,Toro y Moi,,115.009,,9,4542,hGXSFL3Bhs0,,,,,
Freedom Interlude,Noname,,,,,4543,hMlfMPAcrEI,,,,,
free press and curl,Shabazz Palaces,,100.017,,11,4544,yjOrbNFVnNY,,,,,
Free Kutter,Westside Gunn,,78.27,,3,4545,txBHI5362l8,,,,,
Free GBE,RRoxket,RRoxket,,,,4546,x6IHuWquH2I,,,,,
FREE BIA (1ST DAY OUT),BIA,,124.003,,7,4547,k3nvravPylI,,,,,
Free,H.E.R.,H.E.R.,77.816,3:18,3,4548,2GXZasYOClc,,,,,
Free,Little Simz,,92.039,,8,4549,cE3t167gx2I,,,,,
Frances Farmer Will Have Her Revenge On Seattle (2013 Mix),Nirvana,,,,,4550,-29-GLbA-80,,,,,
FRANCE FREESTYLE,Baby Keem,,139.991,,2,4551,uiihbT0eY4Y,,,,,
Fractured Glass,Odette,,122.987,,1,4552,djvlNbhpIxs,,,,,
Fracture,King Crimson,Starless And Bible Black (Expanded Edition),127.935,,2,4553,nOSmmqQpw6o,,,,,
Fotos,Alberto Iglesias,,149.326,,2,4554,lwRXNhFF2iQ,,,,,
Forwards,Still Woozy,,84.887,,7,4555,n1aEKJUK3cY,,,,,
Forward,Beyoncé,,124.397,,7,4556,tPzCGZXULbQ,,,,,
Fortune Teller,Maroon 5,,119.961,,4,4557,Ies0AZbI7N4,,,,,
Formwela 3,Esperanza Spalding,SONGWRIGHTS APOTHECARY LAB,67.983,7:05,6,4558,oaCE0sRGauo,,,,,
Formwela 9,Esperanza Spalding,,,,,4559,Lcye8GrTPuw,,,,,
Formwela 10,Esperanza Spalding,SONGWRIGHTS APOTHECARY LAB,90.227,3:28,1,4560,8p5Gp_HkUyQ,,,,,
"Formula (From ""Euphoria: Season 1"" Soundtrack)",Labrinth,,144.654,,11,4561,aNM3ZUcRQLI,,,,,
Formation,Beyoncé,Lemonade,121.966,3:26,5,4562,sj9q5ve6bh0,,,,,
Fork In The Pot,Westside Gunn,,128.901,,23,4563,32AceW8bHOQ,,,,,
Forgive Me,ODESZA;Izzy Bizu,The Last Goodbye,104.972,3:28,9,4564,bpGHUYJb5lI,,,,,
Forget It,Matroda,Forget It,122.986,2:53,7,4565,fpttnGrv5xI,,,,,
Foreword,"Tyler, The Creator",,93.958,,23,4566,MvEtKc8-n3s,,,,,
forever free,San Holo and Duskus,,,,,4567,lLn2yc3kYSU,,,,,
Forever Ball,Wiz Khalifa;Curren$y,2009,161.906,3:29,7,4568,eHvohkBi49o,,,,,
Forever,Noname,,85.052,,21,4569,Naq2U5BdYGs,,,,,
Forest Fire (feat. alayna & Healy),YOG$,Universe From Here,79.88,3:35,6,4570,OSPXrpaMHy8,,,,,
Foreign Tides,RY X,Unfurl,112.989,3:52,1,4571,phirRDDNsBs,,,,,
Foreign Spies,The Smile,Cutouts,211.183,4:48,4,4572,JbUrRLvdQmE,,,,,
Foreign,SwuM,YAKUZA,121.983,,11,4573,Y3P-f60ZNtc,,,,,
Foreign,6ix;Felix!;Cousin Stizz,Foreign,87.001,,8,4574,35p1QxY7Sl0,,,,,
Foreground,Grizzly Bear,Veckatimest,78.411,,11,4575,VUTUd7-TKV4,,,,,
Forced,Jon Bap,Let It Happen,82.828,,1,4576,VeffcqJBjTk,,,,,
for your time,Prateek Kuhad,cold / mess,131.017,,6,4577,09Dm4FJXtv0,,,,,
For What It's Worth,Jay Rock,Redemption,144.045,,0,4578,Ku3dJGM-CwY,,,,,
For the World (feat. James Fauntleroy),The Internet;James Fauntleroy,Ego Death,94.962,3:23,10,4579,yt1I-COevxc,,,,,
For the Damaged,Blonde Redhead,Melody of Certain Damaged Lemons,140.136,,5,4580,LoQ3Vwz1DcM,,,,,
For Sure,American Football,American Football (Deluxe Edition),81.82,,5,4581,O6uyi4NDqTA,,,,,
For My Dawgs,Waka Flocka Flame,Flockaveli,155.796,,1,4582,VgZ7elns1m0,,,,,
For Love (I Come Your Friend),Thundercat,The Golden Age of Apocalypse,,,,4583,5t8wGiIcFMA,,,,,
For Light,Jay Som,Everybody Works,114.997,,2,4584,3apiRKjrY9Q,,,,,
For Free? (Interlude),Kendrick Lamar,To Pimp A Butterfly,,,,4585,uwvSw8wX1fY,,,,,
For Every Window There's a Curtain,Virginia Wing,Ecstatic Arrow,79.974,,0,4586,VNIGDWOvGyE,,,,,
For a Little While,Good Morning,Prize//Reward,107.578,,9,4587,mt1tAWck7CE,,,,,
Football Anthem,DJ Sliink,Football Anthem,150.007,1:16,1,4588,BIz2PKxBOIs,,,,,
Foolmuse,Peter Cat Recording Co.,BETA,106.967,,11,4589,14MnZlzOWh4,,,,,
fOoL fOr YoU,ZAYN,Mind Of Mine (Deluxe Edition),77.903,,7,4590,dcGmh3unC_I,,,,,
FOMO,April + VISTA,You Are Here,165.121,,9,4591,OOA9xGnz_LM,,,,,
Follow My Lead (feat. Robin Thicke),50 Cent,Curtis,92.972,,9,4592,fb7dN3rbcXA,,,,,
Folie Á Deux (feat. Westside Gunn & Keisha Plum),Mach-Hommy,Pray For Haiti,78.981,,4,4593,jhdPjSwed7A,,,,,
Focus,H.E.R.,H.E.R.,84.993,,1,4594,m2zN4sKOMm0,,,,,
Foc (Live),Rodrigo y Gabriela,Rodrigo Y Gabriela (Deluxe Edition),,,,4595,QQ9NOszE03Y,,,,,
Fo'Sho,April + VISTA,You Are Here,139.926,,0,4596,1MXMCA8wzDQ,,,,,
Fly-day Chinatown,Yasuha,Transit,123.185,,11,4597,hci81q8Q49Q,,,,,
Fly Girl (feat. Missy Elliott),FLO,Fly Girl,103.885,,8,4598,3s8ui_iNYOU,,,,,
Fly Away (Soundtrack),The Cheetah Girls,The Cheetah Girls: One World,,,,4599,K2_FwyllKBM,,,,,
Fluffy,Chon,Newborn Sun,137.99,,3,4600,iJ2RuiW9Yhg,,,,,
Flowers R. Blooming,Peter Cat Recording Co.,BETA,140.414,,0,4601,b6r4AP4TKtQ,,,,,
Flowers in the Rain,The Natural Yogurt Band,"Braille, Slate & Stylus",122.497,,7,4602,j0_zRqrb7bo,,,,,
Florida,STRFKR,Starfucker,139.99,,5,4603,Sxv-3w95GrU,,,,,
Floor 555,XXXTENTACION,?,105.219,,9,4604,SgaA6RAD59I,,,,,
flooded,Gunna,DS4EVER,119.983,,2,4605,qSV7AHXbMLo,,,,,
Floated By,Peter Cat Recording Co.,Bismillah,92.03,,2,4606,w-ZDaVnHGNw,,,,,
Float,See You Next Year & Redveil,Pigeons & Planes & Big.Ass.Kids present: See You Next Year,,,,4607,NyDhDy1rAIc,,,,,
Flirting In Space,Brad stank,Eternal Slowdown,139.819,,1,4608,I9uT9P2m-4Y,,,,,
Flip,Glass Animals,ZABA,128.009,,11,4609,7R6SITSeiRo,,,,,
Flight Of The Stars,ZAYN,Icarus Falls,96.009,,7,4610,7VjlXW5ImMc,,,,,
Flight 22,Kali Uchis,Isolation,117.956,,10,4611,uFcLlUbKks4,,,,,
Flight,Monte Booker,Soulection White Label - Monte Booker,101.545,,7,4612,1lyjZD7ZqG0,,,,,
Flea Market,Tierra Whack,Whack World,110.093,,10,4613,RNNxVnOY2Hk,,,,,
Flea Flicka (feat. Bari),Smino,blkswn,85.248,,7,4614,Swt1yPbVMag,,,,,
Flaws,Young Thug,Slime Season 2,117.718,,9,4615,552WhXArZM0,,,,,
Flashlight,Bonobo,Flashlight EP,119.905,,0,4616,a-4EV1Us0p8,,,,,
Flashing Lights,Kanye West,Graduation,90.482,,6,4617,ZAz3rnLGthg,,,,,
Flashing Lights (feat. Dwele),Kanye West,Graduation,90.482,,6,4618,cxKs2b5lRsA,,,,,
Fkn Dead (Instrumental),Flying Lotus,You're Dead! (Deluxe Edition),,,,4619,b2uvdx9cgSo,,,,,
Fkn Dead,Flying Lotus,You're Dead!,147.508,,1,4620,37yplh7r3AQ,,,,,
Fkku,NxWorries;Anderson .Paak;Knxwledge,Yes Lawd!,144.843,,3,4621,x1MktwNkpLU,,,,,
Fixture,Cousin Stizz,GABOS (Game Ain't Based on Sympathy),114.849,,7,4622,InUkVXKF5X8,,,,,
"Five Silent Miles (Live at the Blind Pig, Champaign, IL, 1997)",American Football,American Football (Deluxe Edition),,,,4623,M008vm6VQkI,,,,,
Fitter Happier,Radiohead,OK Computer,123.538,,9,4624,O4SzvsMFaek,,,,,
FISHERRRRRRR (feat. Sjayy & DJ Sliink),GUTTA,BANDCAMP ESSENTIALS TWO,138.867,2:05,5,4625,et789u7gMsY,,,,,
First World Problemz / Nobody Carez,Brent Faiyaz,Sonder Son,85.629,,3,4626,5YKL27khXBo,,,,,
first take,Travis Scott,Birds in the Trap Sing McKnight,71.313,,7,4627,OBSo462NeIA,,,,,
FIRST PLACE,Justin Bieber,SWAG,96.985,,1,4628,y3MtGN3zb1U,,,,,
first order of business,Baby Keem,The Melodic Blue,132.04,,6,4629,iyXJdBfs2KQ,,,,,
First or Last,Wiz Khalifa;Curren$y,2009,88,2:38,6,4630,ZqlvsB_k4Lw,,,,,
First Love/Late Spring,Mitski,Bury Me At Makeout Creek,,,,4631,WCphVz0ZGns,,,,,
First Light,Xavier Wulf,Blood Shore Season 3,175.913,2:11,4,4632,mxYPCiKqdmI,,,,,
First Fires (feat. Grey Reverend),Bonobo,The North Borders,110.013,,8,4633,gFeRDkxg87Q,,,,,
First Day Of The Rest Of Our Lives,MxPx,Before Everything & After,197.66,,9,4634,7zC9WtIjRPo,,,,,
First Class,Jack Harlow,Come Home The Kids Miss You,106.998,,8,4635,pn8psTdqrY0,,,,,
First Class,Khruangbin,Mordechai,83.147,,11,4636,YYgyKPWOlRg,,,,,
Fireworks,Mitski,Puberty 2,72.819,,7,4637,k-txILGo0SM,,,,,
Firefly (feat. NAO),Mura Masa,Someday Somewhere,110.014,,10,4638,GOp_Sz8gEp4,,,,,
Firebird (Acoustic Version),Milky Chance,Blossom (Deluxe),,,,4639,LBWROCMLI08,,,,,
Firebird,Milky Chance,,110.007,,2,4640,9xWmxO4i5kA,,,,,
Fire Is Coming,Flying Lotus,,143.039,,1,4641,UwMrMw4j3PQ,,,,,
Fire Flies,Gorillaz,,134.927,,4,4642,hXhJAuG_9_Y,,,,,
Fire At Ya Idle Mind,Rome Streetz,,80.246,,0,4643,-WgLTEZrT4M,,,,,
Fire & Desire,Drake,,79.923,,1,4644,JTvxQFM47B8,,,,,
Fire,Jaden Smith,,,,,4645,wqvTdn5iN9w,,,,,
Finish Line / Drown,Chance the Rapper,,86.368,,7,4646,cD0EIGNe5Nc,,,,,
Fingers,ZAYN,,106.734,,7,4647,5gVXMYd-WBQ,,,,,
Finger Back,Vampire Weekend,Modern Vampires of the City,100.934,3:25,0,4648,GEVYyIMDxYo,,,,,
Finesse,Bruno Mars,24K Magic,104.953,3:11,5,4649,_Iahdahe79s,,,,,
Fine Whine,A$AP Rocky,,113.807,,1,4650,bsuHVpNoRqg,,,,,
FINE SHIT,Playboi Carti,,154.062,,1,4651,7keUGPJxnJ0,,,,,
Fine Madeline,Plums,,126.318,,6,4652,C2Yj2NFYV84,,,,,
Fine For Now,Grizzly Bear,,118.191,,11,4653,Sn_KjJknkbg,,,,,
Fine China,Future;Juice WRLD,Future & Juice WRLD Present... WRLD ON DRUGS,166.111,2:21,7,4654,U5CiPRADmcg,,,,,
FINDING LOVE IN EFFED UP PLACES,AceMo;SAM-E,EDITS VOL. 1,127.996,3:41,6,4655,uaTNkrX32nk,,,,,
FINDING LOVE IN EFFED UP PLACES (feat. SAM-E),AceMo,EDITS VOL. 1,128.167,3:42,4,4655,uaTNkrX32nk,,,,,
FIND YOUR WINGS,"Tyler, The Creator",,75.111,,9,4656,Zf_TvbfP-TU,,,,,
Find Your Own Way Home,Flying Lotus,,78.843,,9,4657,TE3ajYTj_5A,,,,,
Find Someone (DROELOE Remix),A R I Z O N A,,,,,4658,RhyJuOAfe0k,,,,,
Find a Way,Wiz Khalifa;Curren$y,2009,139.082,3:01,4,4659,FEOjdMuvohY,,,,,
Fill Another Safe,Curren$y,Parking Lot Music,149.915,3:42,4,4660,jFStiQrHO8g,,,,,
Figures,Bonobo,Migration,88.857,6:08,10,4661,eNA_KXtWy14,,,,,
Figure 8,Paramore,This Is Why,130.858,3:24,8,4662,BY_pF2VJ2dw,,,,,
FIGHTER,Saba;KAINA,CARE FOR ME,79.739,4:42,13,4663,HCmg_6q9uKU,,,,,
fighter,Prateek Kuhad,cold / mess,116.426,3:55,1,4664,Cn7Zsiu0f8I,,,,,
Fifth Day Dead,Young Thug,Punk,179.922,2:30,2,4665,_Z0MiTsivGM,,,,,
Fever,Little Simz,Drop 7,130.084,1:27,10,4666,-m7UhZr7wGg,,,,,
Ferraris in The Rain,The Alchemist,,93.475,,21,4667,RLjofzrkytE,,,,,
Fenugreek,MF DOOM,Metal Fingers Presents: Special Herbs Vol. 1 & 2,96.309,3:22,6,4668,twnefVeV8lo,,,,,
Female Robbery,The Neighbourhood,I Love You.,88.113,3:29,7,4669,1wnrQ5qeWV4,,,,,
Fell For You,Shubh,Sicario,95.032,2:33,4,4670,64eIRd5SgZg,,,,,
fell asleep with a vision,SPIRIT OF THE BEEHIVE,Hypnic Jerks,149.963,1:38,9,4671,OjqW7jS36Zo,,,,,
Felicity Island,Princess Nokia,Metallic Butterfly,141.16,,0,4672,PwygtejNUCw,,,,,
feelslikeimfallinginlove (Zerb x Coldplay),Zerb;Coldplay,feelslikeimfallinginlove (Zerb x Coldplay),,,,4673,MC_26DMjnbM,,,,,
Feels Like The First Time,Corinne Bailey Rae,The Sea,91.954,,11,4674,xcXdwvCWI5s,,,,,
Feels,AP Dhillon;Gurinder Gill;Gminxr,Feels,91.976,,7,4675,RTse80DhE_Y,,,,,
Feeling Yourself Disintegrate,The Flaming Lips,The Soft Bulletin,,,,4676,XvvGYEjloOg,,,,,
Feeling Lonely,boy pablo,Soy Pablo,117.907,,6,4677,CmbHrIEu2gM,,,,,
feel U luv Me,Knock2,nolimit,130.035,,11,4678,E-e9FeRE_0s,,,,,
Feel This Way,Chon;Giraffage,Homey,130.004,,11,4679,8eI_8Za-L9k,,,,,
Feel The Fiyaaaah (feat. Takeoff),Metro Boomin;A$AP Rocky,HEROES & VILLAINS,,,,4680,35V_5zP4vQk,,,,,
Feel Like A Fool,Kali Uchis,Isolation,107.983,,3,4681,l1yLqa63bK0,,,,,
Feel (feat. Kehlani),Post Malone,Stoney (Deluxe),119.377,,5,4682,r2Rhq1_2t_Y,,,,,
Feed The Well,Lee Scott;Cool Calm Pete;Heems,Feed The Well // Vertigo,81.108,3:32,9,4683,cZuldEzNfQo,,,,,
Fed Up With Your Job,Stereolab,Fed Up With Your Job / Constant And Uniform Movement Unknown,76.528,4:22,11,4684,oEw2l8oeCYQ,,,,,
Feasting on the Flowers,Red Hot Chili Peppers,The Getaway,82.041,,6,4685,34aEZpGIRDU,,,,,
Fear Of Heights,Drake,For All The Dogs,136.943,,7,4686,9rKnDcUlFYQ,,,,,
Fear Not Of Man,Mos Def,Black On Both Sides,98.036,,1,4687,zbjhH1AQYTE,,,,,
"Favorite Colors (feat. Kyle, Luke Tennyson) (feat. Kyle & Luke Tennyson)",Taylor Bennett,Restoration of an American Idol,127.837,,1,4688,M7pdyaY6H0o,,,,,
Faucet,Earl Sweatshirt,"I Don't Like Shit, I Don't Go Outside: An Album by Earl Sweatshirt",73.011,,10,4689,dgb2_njKmgo,,,,,
Kanye- Father - Stretch - My - Hands - Pt - 1-feat - Kendrick - Lamar - Og,Father,,112.783,,15,4690,wuO4_P_8p-Q,624302874,,,,
Fast Car,Syd,Broken Hearts Club,111.959,,11,4691,LNcu5-kzBek,,,,,
Fashitsho,Maxo Kream,Personification,170.002,,10,4692,FvwaQXMW1TE,,,,,
Far Gone (feat. Lil Baby),Ski Mask The Slump God,STOKELEY,140.085,,1,4693,UG_RxTxu_4o,,,,,
Far Fowls,Nujabes,Spiritual State,106.102,,8,4694,vBgrnc--T-k,,,,,
FANTAZIA,Roy Blair,GRAFFITI,126.001,5:36,11,4695,tDQt5HWF3bU,,,,,
fantasize,11:11 Music Group,fantasize,95,,9,4696,12wGrPqYX74,,,,,
Fanaa,A.R. Rahman;Sunitha;Tanvi,Yuva (Original Motion Picture Soundtrack),135.957,,10,4697,ynMLcdY8VA4,,,,,
Famous,Jazmine Sullivan,Love Me Back,96.878,,4,4698,AQhchfW7FMM,,,,,
Family Function,Father;Zack Fox,Hu$band,74.977,,1,4699,t0voNKG9vEk,,,,,
Family,Roy Blair,Cat Heaven,75.034,,8,4700,RvxWYb_706I,,,,,
Familiar,Aminé,13 Months of Sunshine,125.043,,4,4701,-dFQsaMNowg,,,,,
Familia,Yeat,2093 (P2),75.989,,2,4702,cnxNkofNBeI,,,,,
Famalam,Harrison Sands,Everything's Fine,124.051,,11,4703,3B-KfKw7Cb8,,,,,
false self,WILLOW,ceremonial contrafact (empathogen deluxe),126.007,,5,4704,ipIbSYex6aA,,,,,
Falling Asleep,Dominic Fike,"Don't Forget About Me, Demos",160.982,,7,4705,1GebMIrN6-s,,,,,
Fallin',Alicia Keys,Songs In A Minor (Expanded Edition),95.986,3:30,11,4706,j0RpfTEZZYc,,,,,
FALLEN Part 2,Jaden,The Sunset Tapes: A Cool Tape Story,171.248,,6,4707,tfG-Rw2zShw,,,,,
Fallen (Electric),Jaden,SYRE: THE ELECTRIC ALBUM,,,,4708,9737XF8U1pw,,,,,
Fall Into Me (feat. Dylan Matthew),NGHTMRE;SLANDER,Fall Into Me,139.96,,7,4709,iRShsyCkH1A,,,,,
Fall Into A Dream,Foxwarren,Foxwarren,120.152,,1,4710,O4aWvPEolw0,,,,,
Falcon (feat. Raury),Jaden,SYRE,132.984,,10,4711,p1cK4E8WUL8,,,,,
Fake Love,Drake,More Life,134.007,,9,4712,OYOcnrVE4Gc,,,,,
Fake It,9090gate,Fake It,159.926,2:12,1,4713,ynviC-Hn1Rw,,,,,
Faithful (feat. Pimp C & dvsn),Drake,Views,100.007,,1,4714,WBrGJnh4UlA,,,,,
Fading,Toro y Moi,Outer Peace,122.144,,1,4715,LuPBr5sYCz0,,,,,
Faded In the Morning (Acoustic Version),Unknown Mortal Orchestra,II (10 Year Anniversary Edition),,,,4716,qzKmiICSLf8,,,,,
Faded In The Morning,Unknown Mortal Orchestra,II (10 Year Anniversary Edition),118.555,,8,4717,ojV0e2DObY0,,,,,
Fade Into You,American Football,Rare Symmetry / Fade Into You,139.833,,5,4718,wUUHq3Utito,,,,,
Fade,Kanye West,The Life Of Pablo,105.998,,9,4719,qOZ0hPp3OZU,,,,,
Facts (Charlie Heat Version),Kanye West,The Life Of Pablo,142.059,,1,4720,yiwDWKg9AMA,,,,,
Facts,H.E.R.,H.E.R.,127.028,,10,4721,D65pb6b3w9k,,,,,
Factory of Faith,Red Hot Chili Peppers,I'm with You,141.409,,2,4722,B6MXX8GLiH8,,,,,
Facetime Hiding,Kodak Black,When I Was Dead,130.762,,2,4723,gu9HR38oFUE,,,,,
Facebook Story,Frank Ocean,Blonde,81.993,,0,4724,_2xgmbgCtM8,,,,,
Tylenol,Tooly?,vulgar,,,,4725,TsHODuMkqiw,,,,,
FABRIC,BROCKHAMPTON,iridescence,175.986,,2,4726,occXj5DT2fg,,,,,
Faberge Falls For Shuggie,of Montreal,"Hissing Fauna, Are You The Destroyer?",137.999,,4,4727,YNCouJMMZNs,,,,,
F.U.B.U. (feat. The-Dream & BJ The Chicago Kid),Solange;The-Dream;BJ The Chicago Kid,A Seat at the Table,142.867,5:13,11,4728,Njp2vaBzgto,,,,,
f.o.r.e.v.e.r.,James Blake,The Colour In Anything,128.997,,10,4729,mP_6NqzFcF4,,,,,
Fuck Me & Feed Me,Rendezvous At Two,Secrets,,,,4730,yDnXBTQ-cfM,,,,,
"F**kin' Problems (feat. Drake, 2 Chainz & Kendrick Lamar)",A$AP Rocky,LONG.LIVE.A$AP (Deluxe Version),95.967,,1,4731,QdKIrntD6jg,,,,,
Eyez on Em,ICYTWAT,Eyez on Em / Love Who?,155.984,2:53,8,4732,drsGou-Ztt8,,,,,
Eyes of the World,Grateful Dead,The Very Best of the Grateful Dead,106.921,5:16,9,4733,oN1rlbKS6kw,,,,,
Eyes Down,Ivy Lab,Peninsula EP,87.091,,7,4734,y4K0xpBiy6g,,,,,
Eyes Above (Instrumental),Flying Lotus,You're Dead! (Deluxe Edition),,,,4735,3YdcB8-mmiM,,,,,
Eyes Above,Flying Lotus,You're Dead!,162.125,,5,4736,nydQJKHhFAE,,,,,
Eyes & Mouth,The Smile,Cutouts,106.013,,5,4737,5sZ9BpqqB5o,,,,,
Eye Know,Maxo Kream,Eye Know,149.055,1:49,1,4738,D_BtNF-xkEc,,,,,
Eye for a Eye (Your Beef Is Mines),Mobb Deep,,169.884,,10,4739,OOPjFkVJbew,,,,,
Extreme Wealth and Casual Cruelty,Unknown Mortal Orchestra,,130.182,,7,4740,xRFVawWsfUc,,,,,
Extraordinaire,454,,119.212,,1,4741,57QSmO2w1JE,,,,,
Extinction,Parquet Courts,,95.409,,7,4742,xmdRhiFWAOo,,,,,
Explorer,Justice,,78.025,,5,4743,Ugr4KKK_SqY,,,,,
Explanation,Sam Gellaitry,,150.441,,8,4744,TF_lA2y6pvc,,,,,
Expensive Roses,Larry June,,139.779,,8,4745,PObTIT8NH2Q,,,,,
Exp,The Jimi Hendrix Experience,,,,,4746,7rOeELO4v20,,,,,
Exogenesis: Symphony Pt. 1 (Overture),Muse,,120.326,,5,4747,wDmOnqrjH7w,,,,,
Exit Music (For a Film),Radiohead,OK Computer,121.603,4:27,7,4748,Bf01riuiJWA,,,,,
EXIT 9,Killer Mike,,82.466,,7,4749,nElM3JxORso,,,,,
Exhibit A (Transformations),Jay Electronica,,,,,4750,H3UIHZshNQ0,,,,,
Excelsior,Mac Miller,,75.647,,1,4751,ooiQoxRbY7M,,,,,
EXACTLY WHAT YOU RUN FROM YOU END UP CHASING,"Tyler, The Creator",,0,,11,4752,dqZ8vr_Q4UI,,,,,
Ex,BabyTron,,130.754,,10,4753,hClfBhe_O78,,,,,
Evisu Fiend,Father,,149.989,,0,4754,CNr_HjMwXNE,,,,,
EVIL J0RDAN,Playboi Carti,,154.009,,1,4755,RKUuIN5Fa_o,,,,,
everytime,Ariana Grande,,148.152,,10,4756,h-mrUx9_jis,,,,,
Everytime,Medasin;Naomi Wild,RIPPLS,112.478,2:50,5,4757,fO9lb6Fwf1o,,,,,
Everythingmustchange,Ivy Lab,Infinite Falling Ground,140.017,3:36,7,4758,kl4OF9-kI18,,,,,
Everything Remains Raw,Busta Rhymes,The Coming,86.848,3:40,1,4759,x3qbmQcimWE,,,,,
everything matters (when it comes to you),San Holo,album1,128.063,5:36,5,4760,GdlhNQyeNHQ,,,,,
Everything is Different (To Me),"quickly, quickly",Everything is Different (To Me),167.986,4:24,7,4761,2t71a2hR-k4,,,,,
Everything In Its Right Place,Radiohead,Kid A,124.004,4:11,5,4762,NUnXxh5U25Y,,,,,
Everything I Am,Kanye West;DJ Premier,Graduation,80.108,3:47,1,4763,ZtkNfC5Oymw,,,,,
Everything Burrito,Michael Christmas,What A Weird Day,150.402,4:27,15,4764,JuOjOzQeefQ,,,,,
Everything At Your Feet,ODESZA;The Chamanas,A Moment Apart,86.913,3:28,9,4765,52gA3QYcn-4,,,,,
Everything Apart,Foxwarren;Andy Shauf;Darryl Kissick,Foxwarren,80.982,4:16,0,4766,4N43XRzc2i0,,,,,
Everything,The PropheC,The Season,84.031,3:56,10,4767,yHIIO4UkB9w,,,,,
Everyone Nose (All The Girls Standing In The Line For The Bathroom),N.E.R.D.,Seeing Sounds,,3:28,,4768,Abj13S8N5BA,,,,,
Everyone Acts Crazy Nowadays,Unknown Mortal Orchestra,Sex & Food,120.008,4:14,8,4769,VqgA4r5s9GQ,,,,,
Everyday Hustle,Future;Metro Boomin;Rick Ross,WE DON'T TRUST YOU,179.494,3:46,6,4770,Ke_UYfv_FN8,,,,,
Everyday,Weyes Blood,Titanic Rising,112.975,5:07,2,4771,Ay6_iBJV9cc,,,,,
Everybody Wants,Half Moon Run,Sun Leads Me On,82.457,,0,4772,NIBw5keBRbA,,,,,
Everybody Loves You,APRE,Drum Machines Killed Music,104.963,,7,4773,aDhR5X5MCpI,,,,,
Everybody Dies In Their Nightmares,XXXTENTACION,17,129.953,,7,4774,Tg6HGcj7pGo,,,,,
Every Wave To Ever Rise (feat. Elizabeth Powell),American Football;Elizabeth Powell,American Football (LP3),121.999,,11,4775,iUuV-9AabZk,,,,,
Every Time He Comes Around,Minnie Riperton,Perfect Angel,128.323,,7,4776,52BCvt7Nwuk,,,,,
Every Time,FearDorian,Leaving Home,75.014,,1,4777,PY18EBESrxg,,,,,
Every Single Night,Fiona Apple,The Idler Wheel Is Wiser Than the Driver of the Screw and Whipping Cords Will Serve You More Than Ropes Will Ever Do (Expanded Edition),125.949,,0,4778,lLeBD_F_hto,,,,,
Every Other Freckle,alt-J,This Is All Yours,143.915,,2,4779,nFpony4SvZ8,,,,,
Every Kind Of Way,H.E.R.,H.E.R.,95.386,2:40,7,4780,F3gxemArhVM,,,,,
"Every Ghetto, Every City",Lauryn Hill,The Miseducation of Lauryn Hill,94.957,,5,4781,73GkHBgQKDM,,,,,
Every Color In Blue,Brittany Howard,What Now,160.949,3:06,7,4782,8gREpWpGmEE,,,,,
Everlasting Love,Sabrina Claudio,About Time (Extended Vinyl Reissue),81.654,,5,4783,7rt-vGgxYTQ,,,,,
Everlasting Arms,Vampire Weekend,Modern Vampires of the City,119.852,,11,4784,DAD64E6_RoY,,,,,
Evergreen,Scale The Summit,Scale the Summit - Digital Collection,139.984,,7,4785,4Bg3DNvUsYI,,,,,
Ever So Lonely,Monsoon,Third Eye,156.331,,5,4786,4kTZDLUnnlQ,,,,,
Ever After (Acoustic),The PropheC,Futureproof,123.682,,9,4787,lGoxa4w8XRc,,,,,
Evano Oruvan,Swarnalatha,Alaipayuthey,114.917,,10,4788,KsR9CY5LrX4,,,,,
Euphoric,$NOT,Ethereal,161.928,,8,4789,9hiSeNcvED0,,,,,
eu vou,O Terno,<atrás/além>,147.514,,5,4790,MNVeYRcSX80,,,,,
Etherium,Curren$y;DJ.Fresh,The Tonite Show The Sequel,79.486,,0,4791,lhyGUWvnJUE,,,,,
Eternal Requiem (Intro),TOKYOPILL,Dopamine Online,139.982,,9,4792,TJsPzsRLb_4,,,,,
ETA,NewJeans,NewJeans 2nd EP 'Get Up',134.971,,10,4793,XCkpalH6Ppk,,,,,
Estraga Lar,DJ Danifox,Quem é o Palhaço,130.021,,10,4794,6M3uQo9jWcA,,,,,
Essence,Laraaji,Essence/Universe,71.839,,9,4795,afxLf-1QkxI,,,,,
Espera,Animals As Leaders,Weightless,102.086,,9,4796,6fIaqr9wb94,,,,,
ESP,N.E.R.D,NO ONE EVER REALLY DIES,120.025,,9,4797,IIhOqvjtx3U,,,,,
ESP,Beach House,Once Twice Melody,135.076,,9,4798,YQ-VcbrRiyw,,,,,
Escapism.,RAYE;070 Shake,My 21st Century Blues,96.107,,2,4799,KWEsdF57hB4,,,,,
Escalator,Good Morning,Prize//Reward,107.813,,4,4800,OkMUCxSJXIU,,,,,
Escalade,Kodak Black;Taylor So Made,Trill Bill,139.922,,0,4801,4oOGFASScFo,,,,,
erase me (feat. Jacob Collier),Lizzy McAlpine,five seconds flat,93.267,,6,4802,Ao1M3nwncA0,,,,,
Equilibrium,Lyrical Lemonade;BabyTron;G Herbo,All Is Yellow,,,,4803,qbBgsZmdeVU,,,,,
Equally Damaged,Blonde Redhead,Melody of Certain Damaged Lemons,159.697,,0,4804,pjrXus0gwNw,,,,,
Epilogue,Chicane,Trampolines,120.016,,11,4805,GPVFeH9N28M,,,,,
EoO,Bad Bunny,DeBÍ TiRAR MáS FOToS,63.662,,10,4806,JYekRpqL4O8,,,,,
Enter Galactic (Love Connection Part I),Kid Cudi,Man On The Moon: The End Of Day,120.004,,10,4807,Xu3lGKOJlbs,,,,,
En Uyire,"A.R. Rahman, Vairamuthu, Kavita Krishnamurthy, Srinivas, and Sujatha",Uyire (Original Motion Picture Soundtrack),,,,4808,Ooueiqmwhso,,,,,
"Enjoy Right Now, Today","Tyler, The Creator",Flower Boy,162.126,,1,4809,nJDwwB1JCxM,,,,,
Energy Gang,D Double E;Sir Spyro,Energy Gang,140.198,3:55,0,4810,DMFN8gzr6gE,,,,,
Enemy Lines,Juicy J,Ravenite Social Club (Deluxe ),157.426,,4,4811,yaj8_tQbWzY,,,,,
Endless Summer,Raveena,Asha’s Awakening,126.967,,4,4812,gA5K_png4xE,,,,,
Endeavors for Never (The last time we spoke you said you were not here. I saw you though.),Shabazz Palaces,Black Up,,,,4813,yHFF7aLE6k8,,,,,
End Up Gone,ian,Goodbye Horses,138.12,,2,4814,mtSsGYszBSk,,,,,
End,Frank Ocean,channel ORANGE,119.487,,2,4815,sIROWXH8xWU,,,,,
Encuentro,Alberto Iglesias,Lucía y el Sexo (Banda Sonora Original),73.834,,2,4816,_gedpjjeIus,,,,,
Encore,Red Hot Chili Peppers,The Getaway,104.958,,11,4817,63xPXEB4fjA,,,,,
En Iniya Pon Nilave - Lofi,K.J. Yesudas;1080g,En Iniya Pon Nilave - Lofi,,,,4818,6cy48kNClFc,,,,,
Empty Nesters,Toro y Moi,What For?,114.947,,7,4819,S3V7J1mrjkU,,,,,
Empanadas,Freddie Gibbs;The Alchemist,Alfredo 2,143.237,,0,4820,j8eUPH36SQw,,,,,
Emily,Tourist,Everyday,108.98,,1,4821,ojDRjW-sNKc,,,,,
Em Calls Paul (Skit),Eminem,Encore (Deluxe Version),,,,4822,8E6nnslj2l4,,,,,
Elite,Deftones,White Pony,90.877,,5,4823,m9Wtoc5Lhpw,,,,,
Element,Pop Smoke,Meet The Woo 2,61.311,,2,4824,f3SbDYjF1IY,,,,,
ELECTROWAVEBABY,Kid Cudi,INSANO,99.99,,1,4825,_MGbwTb-nhA,,,,,
Electricity (feat. Diplo & Mark Ronson),Silk City;Dua Lipa,Electricity,118.159,,0,4826,T_rUtj0Ifos,,,,,
Electric,Jaden Smith,CTV2,,,,4827,dcXBtp5eutM,,,,,
Electioneering,Radiohead,OK Computer,77.555,3:50,9,4828,3DtgWrFTtQk,,,,,
Elastic Soul,Alix Perez,Entanglements,87.081,,1,4829,Tt3h2iAwu04,,,,,
El Pueblo,Juanes,Más Futuro Que Pasado,89.998,,11,4830,ylQ1iRlCuRU,,,,,
El Faro: Cuanto Llevo de Ventajas,Alberto Iglesias,Lucía y el Sexo (Banda Sonora Original),89.261,,9,4831,HSP7rPCfsKY,,,,,
El Deseo de la Sangre,Alberto Iglesias,Lucía y el Sexo (Banda Sonora Original),73.825,,10,4832,lM19s47DFt8,,,,,
EL CLúB,Bad Bunny,DeBÍ TiRAR MáS FOToS,110.744,,10,4833,9TgQhzyNpd4,,,,,
Eight Seconds,緑;Westside Gunn,FLYGOD Is Good... All The Time,160.513,,2,4834,veTugVzM1ts,,,,,
Eight Hours Don't Make a Day,Virginia Wing,Ecstatic Arrow,95.008,,5,4835,xL9BMxL4UMg,,,,,
Eh,Death Grips,Bottomless Pit,151.904,,4,4836,7GvJLimguLg,,,,,
EGUNGUN,Rema,HEIS,122.971,,10,4837,4UJb8fIiOak,,,,,
ego talkin - A COLORS SHOW,Saint Harison;COLORS,ego talkin' - A COLORS SHOW,131.761,,5,4838,lni9Y6qkuNY,,,,,
Ego Check,Wynne,,79.564,,6,4839,OFqPtQDIS88,,,,,
Ego (Acoustic Version),Milky Chance,,,,,4840,bpFTpJrOPWA,,,,,
Ego,Milky Chance,,128.015,,7,4841,zqi5RBAe3Qo,,,,,
Efecto,Bad Bunny,,98.047,,7,4842,yO-XR4qXm1k,,,,,
Eeny Meeny Miny Moe,Injury Reserve,,115.009,,6,4843,2u1HEvLKsJU,,,,,
eeeE,((( O ))),,139.93,,9,4844,0JPzym5biac,,,,,
Edson no Uíge,DJ Lycox,,92.253,,5,4845,WJTRvKl90OA,,,,,
Edgar Allan Poe'd Up,Smino,,83.435,,0,4846,0n0ingEYlr4,,,,,
Eclipse (feat. Los Macorinos),Natalia Lafourcade;Los Macorinos,"Musas (Un Homenaje al Folclore Latinoamericano en Manos de Los Macorinos), Vol. 2",100.032,5:24,11,4847,2X8iieUr_Rs,,,,,
Eclipse,Earl Sweatshirt,Some Rap Songs,92.175,1:33,0,4848,noVTLstP3_g,,,,,
"Echidna's Arf (Of You) (Live At The Roxy, Hollywood/1973)",Frank Zappa,,,,,4849,Bb5AKjDlDxo,,,,,
Eazy,The Game,,82.393,,1,4850,fZsL-rKhY_c,,,,,
Easy Skanking,Bob Marley,,126.521,,10,4851,JY_fn81Q7xI,,,,,
Easy Rider,Action Bronson,,93.649,,11,4852,D0Om-d9tSVk,,,,,
Eastside,Wiz Khalifa;Curren$y,2009,84.852,2:17,5,4853,KFrzpd0gOpI,,,,,
EAST POINT PRAYER,Vince Staples;Lil Baby,RAMONA PARK BROKE MY HEART,77.779,3:37,5,4854,oOEfPzAe4lo,,,,,
Wanna Be A Baller,Lil' Troy,,,,,4855,Gzm3KZ3Kf8k,,,,,
East Atlanta Love Letter,6LACK,,61.337,,5,4856,GlnsyyY-J5Q,,,,,
Earth Sign,Brittany Howard,What Now,109.814,3:38,10,4857,XkE3VxtVNCg,,,,,
Earth Is My Playground,Princess Nokia,Metallic Butterfly,139.94,3:14,7,4858,CIo0IU42pFw,,,,,
Earth Departure,Animals As Leaders,Weightless,112.746,5:10,9,4859,GAUCkXt_fAk,,,,,
Early Prayer,Kamaal Williams,Wu Hen,132.487,4:57,5,4860,33arQc-yI1U,,,,,
Earfquake,Justice Der,Favorites 4,148.484,5:47,8,4861,61OmO3_Urik,,,,,
E no Final,O Terno,Atrás/além,103.622,3:28,6,4862,YFSUSsi1Jzg,,,,,
Dëmon tied,Yeat,AftërLyfe,150.034,2:43,9,4863,GSLHpggTv18,,,,,
Décollage (feat. Lou Lou Gehlickhani),Thievery Corporation,Saudade,118.886,,9,4864,iUIT6gUhzHw,,,,,
Dunno,Mac Miller,Swimming,81.87,3:57,1,4865,IMkLnXF2yz8,,,,,
Dunes,Alabama Shakes,Sound & Color,76.579,4:17,8,4866,7iWPC3EwYqk,,,,,
dummy,Zack Fox,dummy,115.059,2:17,9,4867,p5ggOrbx6pI,,,,,
Dumb (2013 Mix),Nirvana,,,,,4868,7yWfcNrxSxU,,,,,
DUI,Thundercat,Drunk,77.263,2:18,3,4869,O0kS88zAzh8,,,,,
Duerme Negrito,Natalia Lafourcade,,111.996,,2,4870,yPcCrCgsZQU,,,,,
Duece Coupe,Spillage Village,,107.016,,9,4871,mHizFSn7TFE,,,,,
Dub It In,Sammy Virji;33 Below,Same Day Cleaning,140.132,3:42,11,4872,eDLfGsbKF_U,,,,,
Dub 4 U,RXKNephew;Harry Fraud,LIFE AFTER NEPH,97.609,2:44,1,4873,jquN8H6jQ7s,,,,,
Dual Skies,Arima Ederra,An Orange Colored Day,93.935,,8,4874,rReWIV_5J8E,,,,,
Drunk Walk Home,Mitski,Bury Me At Makeout Creek,172.652,,9,4875,_YTPuHVlGXY,,,,,
Drunk On You,Oh Wonder,No One Else Can Wear Your Crown (Deluxe),97.765,3:08,0,4876,mzh6Bflw-5I,,,,,
Drunk In LA,Beach House,7,105.897,,0,4877,40TjlDv-4ao,,,,,
Drunk and Hot Girls (feat. Mos Def),Kanye West,Graduation,110.099,5:14,5,4878,9uOg6LyIAUo,,,,,
Drunk (feat. 6LACK),ScHoolboy Q,CrasH Talk,80.358,,0,4879,liiQjbt3pY4,,,,,
dRuNk,ZAYN,Mind Of Mine (Deluxe Edition),119.827,,8,4880,j4Ih9EMJ8Nk,,,,,
Drunk,Thundercat,Drunk,90.068,,6,4881,2KgrLWvMPI0,,,,,
Drugs N Hella Melodies (feat. Kali Uchis),Don Toliver,Life of a Don,147,,1,4882,0X2ki2mqRbE,,,,,
Drown (feat. Mateus Asato),Polyphia,New Levels New Devils,95.677,,4,4883,yZsnpUtk8wQ,,,,,
Drown,Justin Timberlake,Everything I Thought It Was,136.989,,9,4884,57aNwKkEFhY,,,,,
Droppin' Seeds (feat. Lil' Wayne),"Tyler, The Creator",Flower Boy,84.777,,5,4885,MebxCTlHKto,,,,,
Drizzy Draco,Maxo Kream,Brandon Banks,76.976,,1,4886,OYf8tDc9XyE,,,,,
Drive The Boat,Kodak Black,Dieuson Octave,135.079,,7,4887,0442BzdPou8,,,,,
Drippin',Gunna,Drip Season 3 (Deluxe),147.031,,0,4888,J0oZoNC10p8,,,,,
Drip on Me,Future;Young Thug,SUPER SLIMEY,135.889,,8,4889,tjpYt48o7QU,,,,,
Drink Dat (feat. Wiz Khalifa),Thundercat,Drunk,76.951,,4,4890,wc2VzRLhklw,,,,,
DRILL MUSIC IN ZION,Lupe Fiasco,Drill Music in Zion,78.856,,1,4891,HgBGKO8EiH4,,,,,
Drifter,Hippie Sabotage,Drifter,129.116,,7,4892,RjEmlNTyn2U,,,,,
Drift,Galimatias;Alina Baraz,Urban Flora,86.374,,9,4893,bl-9b7tDkKc,,,,,
DRIFT (feat. LEILAH),SBTRKT,THE RAT ROAD,107.039,2:26,9,4894,MzN0KdNtFoo,,,,,
Drew Barrymore,SZA,Ctrl,134.93,3:51,0,4895,AeCwbYrsWI4,,,,,
Dress On,Justin Timberlake,The 20/20 Experience (Deluxe Version),85.946,,5,4896,AaAThQ-zAKI,,,,,
Dreamtime,Flume,Hi This Is Flume (Mixtape),153.794,,1,4897,vHObFX_hepc,,,,,
DREAMSCAPES,Sam Gellaitry,Escapism,128.174,,3,4898,0_zibdxwt18,,,,,
Dreams of a Samurai,Red Hot Chili Peppers,The Getaway,139.751,,0,4899,86zMV7U30nE,,,,,
Dreams from Yesterday,Mac DeMarco,This Old Dog,,,,4900,fwxQE4n1sOA,,,,,
Dreams,Solange,When I Get Home,112.891,,5,4901,hMbUl7LNuEk,,,,,
Dreams,The Game,The Documentary,155.779,,6,4902,g100MKnL4jg,,,,,
Dreaming of Me,SiR,November,135.764,,7,4903,ggd-mWYK4Vw,,,,,
Dreamflower,Tarika Blue,Tarika Blue,134.878,,3,4904,XhYpqI4HVYw,,,,,
Dreamer,Laufey,Bewitched,117.075,,2,4905,VB-LtTddtBw,,,,,
Dreamboat,Hiatus Kaiyote,Love Heart Cheat Code,89.551,,5,4906,pPSdNsljNEw,,,,,
Dream The Dare,Pure Bathing Culture,Moon Tides,199.768,,0,4907,Q4SJoup_YR8,,,,,
Dre,Warpaint,Heads Up,79.966,,0,4908,YEeeGu9kdy8,,,,,
Drapes,Lelo,Drapes,149.007,,1,4909,hn1JHqEnaRY,,,,,
Drama,Erika de Casier,Sensational,163.715,,11,4910,1Wc6nuWj6IU,,,,,
Draco,Future,FUTURE,130.014,,8,4911,A9M4H9hK81Q,,,,,
Dr. Seuss,Tierra Whack,Whack World,89.804,,1,4912,lAfpDzEE92o,,,,,
Downer,STRFKR,Vault Vol. 2,140.164,,5,4913,bxAV6lTZJ4E,,,,,
Down Is The New Up,Radiohead,In Rainbows (Disk 2),104.807,4:59,4,4914,KTYIDMXTRL4,,,,,
Down in the DM,Yo Gotti,The Art of Hustle (Deluxe),152.927,,1,4915,WsC9iYhpMVY,,,,,
DOWN BY LAW,Killer Mike;CeeLo Green,MICHAEL,122.946,,6,4916,c-jB-MsV8so,,,,,
Down And Out Downtown,St. Vincent,Daddy's Home,151.906,,6,4917,e656xZmPyso,,,,,
down,WILLOW,empathogen,83.302,,2,4918,TX2-zuXZhhM,,,,,
Doves In The Wind (feat. Kendrick Lamar),SZA,Ctrl,137.335,,10,4919,VpymZzZ8Opg,,,,,
Double Negative (Skeleton Milkshake),Dominic Fike,What Could Possibly Go Wrong,153.977,,4,4920,bK_-U7EJ5_g,,,,,
Double 07,Curren$y;The Alchemist,Covert Coup,148.119,,0,4921,x7ngOiKhJsI,,,,,
DOSOVEE,EXCISE DEPT,DOSOVEE,136.957,,7,4922,3mZgAeixW3k,,,,,
Dory,Grizzly Bear,Veckatimest,130.705,,2,4923,DxAFMj2nqt0,,,,,
Dorothy,Her's,Songs of Her's,145.04,,1,4924,Nr4ljGCPWRs,,,,,
Dope Niggaz (feat. Snoop Dogg),Lil Wayne,Tha Carter V,84.974,,9,4925,MBA2Octs05k,,,,,
Dope Fiend Rental (feat. ScHoolboy Q),Danny Brown,Old,139.087,,9,4926,y6nZZ3nNi7g,,,,,
Dope Dealer (feat. ScHoolboy Q),ScHoolboy Q,Blank Face LP,82.027,,1,4927,gcVwV6G6N0E,,,,,
Doowap,Lucid Monday;Milye,LM025,84.192,,1,4928,U35n95mfHFk,,,,,
Doorman,slowthai;Mura Masa,Nothing Great About Britain,87.5,3:04,10,4929,t07kFJdpZAI,,,,,
Doom In Full Bloom,American Football,American Football (LP3),122.014,,8,4930,4z6vXelwiVs,,,,,
Donuts (feat. UMI),Isaiah Rashad,The House Is Burning [homies begged],89.09,,9,4931,Ec1wWB-n8n4,,,,,
DontGetIt,Lil Wayne,Tha Carter III,76.577,,4,4932,6Y1A5am-mRE,,,,,
what a waste,RadAway;LochHaven,what a waste,,,,4933,JddXKGelR-I,,,,,
DONT FORCE IT,MIKE;Tony Seltzer,Pinball II,179.952,,1,4934,HGMQ9tF6hcg,,,,,
Don't You Worry 'Bout A Thing,Stevie Wonder,Innervisions,124.71,,11,4935,RxsBc5p-dPU,,,,,
Don't You Wait,Solange,A Seat at the Table,102.009,,0,4936,chK0iK7yUPY,,,,,
Don't You Know That?,Luther Vandross,Never Too Much,92.018,,9,4937,1K6HZ3ZFVYk,,,,,
Don't Worry About It (Edited),N.E.R.D.,Fly Or Die,,,,4938,AHbBSAS4Cx4,,,,,
Don't Watch Me Cry,Jorja Smith,,130.877,,1,4939,K5MMi8jg7lg,,,,,
Don't Touch,Wynne,,114.29,,10,4940,5tdcDJ-m5zc,,,,,
Don't Stop,ODESZA,,80.027,,10,4941,LEHN8teeByM,,,,,
Don't Shoot,Isaiah Rashad,,124.032,,6,4942,vvPc87bmKzY,,,,,
don't rely on other men (single),JPEGMAFIA,,,,,4943,L8oMQPGXNeg,,,,,
Don't Matter,Isaiah Rashad,The Sun's Tirade,148.081,2:56,11,4944,YYKGG0cS9NQ,,,,,
Don't Lose The Plot!,Ben Reilly,,104.966,,1,4945,UjHN_RbGvB8,,,,,
Don't Lose Me,Offset,,125.007,,10,4946,Pp3uLBOO3Cw,,,,,
Don't Look At Numbers,Tony Shhnow,,118.021,,11,4947,4N_9Nd0tZt8,,,,,
Don't Lie,Vampire Weekend,,180.112,,0,4948,lIetMfuG8aE,,,,,
"Don't Leave Me, My Love",Colde,,114.99,,9,4949,1aE0U5YhrlE,,,,,
Don't Know Why,Norah Jones,,88.609,,5,4950,2HhvrO2umu0,,,,,
Don't Kill My Vibe,Justice Der,,129.947,,1,4951,fMaB0FAij2E,,,,,
Don't Get Me Started,The Smile,,127.009,,4,4952,cFZ65B0fFgQ,,,,,
Don't Get Chipped,Vince Staples,,175.073,,5,4953,5b3LcW2c9ls,,,,,
Don't Forget about me,Noname,,75.599,,1,4954,QgN_4FFFaJg,,,,,
Don't Don't Do It!,N.E.R.D;Kendrick Lamar;Pharrell Williams,NO ONE EVER REALLY DIES,77.013,4:17,2,4955,_ZyahUJB0bk,,,,,
Don’t Cry,Lil Wayne,,112.092,,1,4956,HCB3Bl0SnuM,,,,,
Don't Cha,The Pussycat Dolls;Busta Rhymes,PCD,119.979,4:32,1,4957,l_iXvC05LOE,,,,,
Don't Be Afraid To Be Different,Logic,,111.025,,1,4958,fl7OemcI46k,,,,,
Don Quan Intro,SahBabii,Saaheem (A Lu Bit More),145.359,2:17,8,4959,dFeuMUr5oY8,,,,,
Dominican Plug,RXKNephew,Domimican Plug,120.025,2:16,1,4960,g_Dcr4jpuIc,,,,,
Domingo Abençoado,DJ Lycox,Sonhos & Pesadelos,130.032,2:00,11,4961,5V-KD2-HCtk,,,,,
Domicile,Archie Madekwe;Kenny Beats,Lurker (Original Motion Picture Soundtrack),139.94,2:05,8,4962,cSSDZUdX7cA,,,,,
Dome (feat. Duke),Young Thug;Duke,Barter 6,112.938,3:51,5,4963,tm-cBbBQFjo,,,,,
DOJILSON CAT,DJ Lycox,DOJILSON CAT,129.943,2:05,8,4964,Ym316LiIyok,,,,,
Doja,$NOT;A$AP Rocky,Doja,157.148,2:51,11,4965,HMD3egvYPcQ,,,,,
Doing It Wrong,Drake,Take Care (Deluxe),101.275,4:25,6,4966,7yu45kmTCBk,,,,,
Doing Good,Milky Chance,Blossom (Deluxe),98.015,4:10,9,4967,f5ns7hyQv60,,,,,
DoIHaveTheSause?,Ski Mask The Slump God,BEWARE THE BOOK OF ELI,150.096,2:58,8,4968,8AMZa9gWMqg,,,,,
Dogtown,Anderson .Paak,Venice,,,,4969,ub-hY3X5uoE,,,,,
Dogs (feat. Dani Rae),Abhi The Nomad & Chef Sherm,Marbled,,,,4970,7CylnnSfMXs,,,,,
Dogma (Infinite Falling Ground),Ivy Lab,Infinite Falling Ground,159.937,,6,4971,2iaDYuae-Nk,,,,,
Do You Wanna Dance,Cosha,Mt. Pleasant,105.042,,5,4972,Ns0kXatVPos,,,,,
Do You See Me,Odette,To A Stranger,161.742,,5,4973,hrnsqR-i6Ak,,,,,
Do You Miss Me?,PinkPantheress,Take me home,129.928,,11,4974,PJChSy5OJ-A,,,,,
Do Not Go Gently,Animals As Leaders,Weightless,129.979,,4,4975,DFIVZo6yO-o,,,,,
Do Me a Favour,Arctic Monkeys,Favourite Worst Nightmare,180.127,,11,4976,4zuAMFC7-_4,,,,,
Do It Now (feat. Busta Rhymes),Mos Def,Black On Both Sides,93.878,,11,4977,KJLML-VpFcE,,,,,
Do I Wanna Know? (BBC Live Lounge),Hozier,Hozier (Special Edition),,,,4978,D1pq4sxVS6s,,,,,
Do I Know,Sijya,Leather & Brass,,,,4979,U14dgpXsMUo,,,,,
Do For You,STRFKR,Vault Vol. 3,165.282,,5,4980,7lfftMf18Cc,,,,,
DNT PLAY WIT IT,Melvin Knight,DNT PLAY WIT IT,77.509,,6,4981,pnZABwUj-oc,,,,,
DNA (feat. Na-kel),Earl Sweatshirt,"I Don't Like Shit, I Don't Go Outside: An Album by Earl Sweatshirt",119.983,,1,4982,Qc8cOEsReHc,,,,,
DNA,Akira Kosemura,In The Dark Woods,152.252,,2,4983,9HyznQmhBVQ,,,,,
Dmtri,Action Bronson;The Alchemist,Lamb Over Rice,81.024,,9,4984,VDTKMKo-Cro,,,,,
DLM,James Blake,Overgrown,132.923,,2,4985,Vi3_ultQxCI,,,,,
Divorce,Kelela,Raven,120.927,,4,4986,YetSmUJCR1Q,,,,,
diving board,redveil,learn 2 swim,91.502,,6,4987,Idmnba7vKdU,,,,,
Divine (feat. Kid Cudi),Saleka,LADY RAVEN (Original Music From The Motion Picture TRAP),97.982,,3,4988,xxftDzxjIh8,,,,,
Dive,Beach House,7,111.01,,5,4989,mhyYgGTokOI,,,,,
Distorted Records,A$AP Rocky,TESTING,135.809,2:20,1,4990,owTPmer-dnQ,,,,,
Distant Fantasies,Kid Cudi,"Passion, Pain & Demon Slayin'",97.979,,11,4991,AbPO4XhTJpc,,,,,
Distant,Jaden,The Sunset Tapes: A Cool Tape Story,157.75,,0,4992,leSmnIqnEzM,,,,,
Disconnect,6LACK,East Atlanta Love Letter,79.533,,6,4993,aDjd19NWII8,,,,,
Disco Dancer,Kiki Gyan,24 Hours in a Disco 1978-82,115.235,,9,4994,nrfavTennz8,,,,,
Dirty Dancin,A.CHAL,FAR FROM GAZ,100.97,,11,4995,XV-GcWzo3Hw,,,,,
DIP! (feat. DavidTheTragic),Kenny Mason,PUP PACK EP,75.574,,1,4996,7G2ELvBer30,,,,,
Dimmer Switch (feat. monte booker),Endel,Reflection,160.035,,1,4997,6vJT0I0uyOY,,,,,
Dimensia,Princess Nokia,Metallic Butterfly,118.944,,11,4998,f27AKt_Tn-0,,,,,
Dime Pa Que (feat. Lil Tecca),Natanael Cano,Trap Tumbado,126.703,,9,4999,6C3PsZ5Kltg,,,,,
Dimcola Reprise,Salami Rose Joe Louis,Akousmatikous,62.558,,5,5000,GEN_RL6M2Ok,,,,,
Dil Nu,Shinda Kahlon;AP Dhillon,Two Hearts Never Break The Same,117.979,,1,5001,vNPwjl-TzQ0,,,,,
Dil Mera (feat. Yashraj),OAFF;Savera;Burrah;Yashraj,Dil Mera (feat. Yashraj),125.696,2:40,6,5002,Fp0zIE2uhOw,,,,,
Digits,RealYungPhil;BoofPaxkMooky,Digits,140.046,,1,5003,ZSlRGBIuYuM,,,,,
Digital Love,Daft Punk,"Musique, Vol. 1",124.726,,9,5004,y8d8aiU98bw,,,,,
Digital Lion,James Blake,Overgrown,134.94,,11,5005,zZnaLUySEcY,,,,,
Digital Dope (feat. The Underachievers),NugLife,NUGLIFE 2020,,,,5006,fqjbmSelEBg,,,,,
Digital Dead,The F16s,Triggerpunkte,159.981,,7,5007,qg15hPUqSy4,,,,,
Dig What Im Sayin,The Act,Dig What Im Sayin,139.997,2:58,5,5008,3WbSph8-J6s,,,,,
Dig It,KEY! & Kenny Beats,777,,,,5009,6F8CKFdUEmM,,,,,
Dig Down (Acoustic Gospel Version),Muse,Simulation Theory (Super Deluxe),127.059,,0,5010,FfdZYun8BXE,,,,,
Dig Down,Muse,Simulation Theory (Super Deluxe),127.173,,0,5011,IoUjigENpUI,,,,,
Diet Mountain Dew,Lana Del Rey,Born To Die,88.013,,10,5012,qtBxUoUkG8s,,,,,
Diet Coke,Pusha T,Diet Coke,163.954,,10,5013,9CT0EkeRuQk,,,,,
Dies Irae,Giuseppe Verdi;Carmen Giannattasio;Veronica Simeoni;Alxander Timchenko,Verdi Requiem,79.773,,0,5014,bu3Q68qFths,,,,,
Diem (Live),Rodrigo y Gabriela,Rodrigo Y Gabriela (Deluxe Edition),,,,5015,YUilGZdbbJM,,,,,
Die Together,J. Cole,2014 Forest Hills Drive (10 Year Anniversary Edition),158.043,,5,5016,kUf1HWX6ngc,,,,,
Die Like a Rockstar,Danny Brown,XXX (Deluxe Version),165.241,,1,5017,YSB7xD1NwEc,,,,,
Die Hard,Kendrick Lamar;Blxst;Amanda Reifer,Mr. Morale & The Big Steppers,100.988,,1,5018,irbyzwoMZ_Q,,,,,
Die For You (Remix),The Weeknd;Ariana Grande,Starboy (Deluxe),,,,5019,AySMGpXQ1Mo,,,,,
Die For You,The Weeknd,Starboy,133.63,4:20,1,5020,mTLQhPFx2nM,,,,,
DidYouHearTheRoadsAreClosed (feat. Bones),Xavier Wulf,"Greatest Hits, Pt. 1",113.992,,0,5021,nyTFxLSfbxM,,,,,
did you/fall apart,Prateek Kuhad,cold / mess,140.316,,1,5022,zYl1VAwaBzo,,,,,
Diane Keaton,Dënver,"Música, Gramática, Gimnasia",92.012,,0,5023,mkuysmEiVXg,,,,,
Diana (feat. Kodak Black),Armani Caesar;Kodak Black,THE LIZ 2,93.024,3:11,4,5024,S0r_9NIFViA,,,,,
Diana (feat. King Combs),Pop Smoke,Shoot For The Stars Aim For The Moon (Deluxe),126.994,,7,5025,TeE1NaKZWWQ,,,,,
Diamonds From Sierra Leone (Remix) (feat. JAY-Z),Kanye West,Late Registration,,,,5026,4q7OpvvfjWs,,,,,
Diamonds Dancing,Drake;Future,What A Time To Be Alive,136.036,,1,5027,elYG1PU27F0,,,,,
Dial’Afreaq,Erykah Badu,But You Caint Use My Phone (Mixtape),119.976,,1,5028,918W-09Ofac,,,,,
Diagonals,Stereolab,The Studio Album Collection 1992-2004,167.152,,7,5029,XLOxjSdzwrA,,,,,
Diablo Rojo,Rodrigo y Gabriela,Rodrigo Y Gabriela (Deluxe Edition),,,,5030,Rw1o0or7_us,,,,,
Dhundhala,Yashraj;Dropped Out;Talwiinder,Dhundhala,99.932,3:02,5,5031,AnAs45V8CEg,,,,,
Dhoom Taana,Vishal-Shekhar;Shreya Ghoshal;Abhijeet,Om Shanti Om,107.998,,0,5032,Qx8ShiEImYU,,,,,
DFAL (Break It Up) (feat. FiFi Zhang),Swami Sound;gum.mp3,State of Emergency,,,,5033,XDWeDbmiajI,,,,,
Devil On Yo Right Shoulder,UnoTheActivist,8,159.021,,2,5034,vTcJSLb6srM,,,,,
Devil In A Dress,Rhea Raj,,179.99,,11,5035,GvekOmKRuNk,,,,,
Detroit,Red Hot Chili Peppers,,92.738,,4,5036,_Zm6Iy0wMWk,,,,,
Desperado,Mac Miller,,179.265,,8,5037,sCFuTvZpSIU,,,,,
Desire (Gryffin Remix),Olly Alexander (Years & Years),,,,,5038,tN6YYPs3g3c,,,,,
Desert River (Unfinished),Jai Paul,,,,,5039,SRSnN5qUOaU,,,,,
Desert Island Disk,Radiohead,A Moon Shaped Pool,112.011,3:44,0,5040,RfmE73FCOFg,,,,,
Desert Eagle,Silica Gel,,159.05,,9,5041,_g3vxL400l0,,,,,
Desdeñosa (En Mano de Los Macorinos),Natalia Lafourcade,,129.801,,7,5042,GvuC8LAuGPw,,,,,
Describe,Zelooperz,,123.014,,1,5043,x04wiAqDyq8,,,,,
Descent Into Madness (Instrumental),Flying Lotus,,,,,5044,AIYczaAWFkk,,,,,
Descendant of the Stars,Action Bronson,,164.052,,1,5045,vguUd9-b_iU,,,,,
Dern Kala,Khruangbin,,87.325,,9,5046,qUqkBl_367c,,,,,
Derecho de Nacimiento,Natalia Lafourcade,,173.858,,2,5047,xqKFJflmqok,,,,,
Denzel Davon's Mission,Lord JAH-Monte Ogbon,,140.333,,10,5048,pU0VggWBaNM,,,,,
Demons & Angels,Kodak Black,,130.065,,11,5049,vmKXB0y-eRk,,,,,
Demon Time,Trippie Redd,,146.084,,11,5050,N7aQEJuFSpU,,,,,
Demand My Respect,Kodak Black,Kutthroat Bill: Vol. 1,79.993,2:32,4,5051,Nklapxm9Oe4,,,,,
Deliverance,RY X,,114.953,,6,5052,WqSTXAMyAl0,,,,,
DELIVER!,JELEEL!,DELIVER!,104.956,1:49,6,5053,PU6vXofytOc,,,,,
Delirious,ZelooperZ,Wild Card,76.095,2:42,9,5054,zHiuESFwkPs,,,,,
Delicious Things,Wolf Alice,Blue Weekend,121.199,5:04,2,5055,7mqvwcib1pM,,,,,
Deja Vu,Beyoncé,,105.923,,7,5056,dUW2Ev8S3VY,,,,,
Deja Vu,Post Malone;Justin Bieber,Stoney (Deluxe),133.932,3:54,7,5057,q-YzHC6m7Po,,,,,
Deh Siva,Sonny Singh,Sage Warrior,110.085,4:00,8,5058,nPDHVuyIZo0,,,,,
Deepak Choppa,Heems,Wild Water Kingdom,147.765,5:40,7,5059,F8PpWDX5tbk,,,,,
Deep Sea,Snail Mail,Lush,96.287,4:42,1,5060,vNzIYF4_1AY,,,,,
Deep End,THEY.,Nü Religion: HYENA,143.991,3:53,7,5061,nHVfvgpSrDs,,,,,
Deep Down Body Thurst,N.E.R.D;Pharrell Williams,NO ONE EVER REALLY DIES,179.936,4:11,13,5062,Hr8y6VnerEM,,,,,
Deep Down (Meditation),Jared Jackson,Soulection White Label,123.045,5:27,2,5063,brF8AXOqsqg,,,,,
Deep Chimes Meditation,Laraaji,Celestrana / Deep Chimes Meditation,,,,5064,qqI9HmNtoBI,,,,,
Dedicated To Laura Palmer,Akira Kosemura,In The Dark Woods,73.953,4:43,9,5065,kDvbd7HRHys,,,,,
Decode,Vitamin String Quartet,,,,,5066,oah9waXyQUI,,,,,
December 4th,JAŸ-Z,,89.256,,9,5067,teeh55W4xDA,,,,,
December 24,Earl Sweatshirt,Some Rap Songs,79.618,,1,5068,MMVV-FbfIWA,,,,,
Debold,Vegyn,Only Diamonds Cut Diamonds,120.317,,8,5069,fckA-qS6qUc,,,,,
Debbie Is Depressed,Flying Lotus,Flamagra,81.044,,1,5070,4Dgytwra6yQ,,,,,
DEATHCAMP (feat. Cole Alexander),"Tyler, The Creator",Cherry Bomb,101.881,,10,5071,Yk1HipdhdCU,,,,,
Death Note (feat. Ichika),Polyphia,New Levels New Devils,132.949,,7,5072,3yVqYJHe8lA,,,,,
Death By Numbers,Childish Gambino,Because the Internet,100.239,,6,5073,oK-9Lqm-8-s,,,,,
Death and All His Friends,Coldplay,Viva La Vida (Prospekt's March Edition),129.93,,8,5074,esNcd-Ml_iM,,,,,
Death & Taxes,Daniel Caesar,Pilgrim's Paradise,113.941,,7,5075,KAY4F65QnO8,,,,,
Death,Grapetooth,Grapetooth,134.941,,11,5076,XpS4xewdyvk,,,,,
Dear Psilocybin,Zelooperz;Real Bad Man,Dear Psilocybin,172.075,,4,5077,z3j3VB841Ig,,,,,
Dead To Me,Kali Uchis,Isolation,119.001,,4,5078,OcUDK4kAUIw,,,,,
Dead Presidents II,JAY-Z,Reasonable Doubt,,,,5079,p3grvCbdONk,,,,,
Dead Man's Tetris (feat. Captain Murphy & Snoop Dogg),Flying Lotus,You're Dead!,119.093,,11,5080,RBSDTCgGaPc,,,,,
Dead Inside (Interlude),XXXTENTACION,17,88.388,,0,5081,UgZyhGU8r04,,,,,
Dead And Gone,T.I.,Paper Trail,135.021,,0,5082,T4TgO9fGOJc,,,,,
Deacon Tony (feat. Tony Shhnow),Cashcache!,I Love Cashcache 2,73.482,,3,5083,hEPZeuKL2iU,,,,,
DE AQUÍ NO SALES (Cap.4: Disputa),ROSALÍA,El Mal Querer,,,,5084,vk4dTui5EQo,,,,,
Daze 22.00,Flume,Hi This Is Flume (Mixtape),145.133,,11,5085,wjnAAx0eSnc,,,,,
Days That Got Away,MGMT,Little Dark Age,132.983,,7,5086,xBFd6w3KnAI,,,,,
Days of Candy,Beach House,Depression Cherry,121.181,,3,5087,DsSXMtHq8vc,,,,,
Days Before Rodeo: The Prayer,Travis Scott,DAYS BEFORE RODEO,83.476,,7,5088,Bf-eRpMS2Q4,,,,,
Daylight,Harry Styles,Harry's House,145.5,,0,5089,2B3BGYHRC0o,,,,,
Daydreaming,Radiohead,A Moon Shaped Pool,137.848,6:24,9,5090,TkiyWhETiJw,,,,,
Daydreaming,Harry Styles,Harry's House,113.971,,4,5091,DMVbOK6n2ho,,,,,
Day Before (with Mac Miller) (feat. Mac Miller),Young Thug,Punk,90.989,,0,5092,U6ZBp1qsf9Q,,,,,
2 Hard (feat. Tony Shhnow),Hotboi Skullie,Money Addict Chronicles,,,,5093,pQ8oGNZlTds,,,,,
Day 'N' Nite (nightmare),Kid Cudi,Man On The Moon: The End Of Day,137.996,,11,5094,E_CVcXtCjnU,,,,,
Day & Night,Thundercat,Drunk,95.087,,5,5095,RTCmGcTaLXQ,,,,,
Dawn on the Side,Nujabes,Spiritual State,197.9,,5,5096,6xwnRPwX_7w,,,,,
Dawn,RY X,Dawn,88.74,,11,5097,sCaoUsFZz5U,,,,,
Dawn,Unknown Mortal Orchestra,II (10 Year Anniversary Edition),157.751,,0,5098,D_A7U33Y8HM,,,,,
David,Animals As Leaders,Weightless,149.862,,2,5099,zbxl-26zBFE,,,,,
Darth Vader,21 Savage;Offset;Metro Boomin,Without Warning,151.004,,7,5100,xRw-V88vDeU,,,,,
Darkseid,Isaiah Rashad,The House Is Burning,81.55,,2,5101,fbqkHVJqUxE,,,,,
Darkest Shade of Blue,Young the Giant,Mirror Master,128.17,,9,5102,s3DAkTR-Qss,,,,,
Death B4 Dishonor,BashfortheWorld;SSG Splurge,Death B4 Dishonor,,,,5103,eM0l6zfnpO8,,,,,
Dark Sword Angel,Danny Brown,Quaranta,88.163,,4,5104,Ui95u8UZQWY,,,,,
Dark Spring,Beach House,7,126.103,,3,5105,j8ahC0fCQDg,,,,,
Dark Necessities,Red Hot Chili Peppers,The Getaway,91.959,,5,5106,ZICUilv4KF0,,,,,
Dark Fantasy,Kanye West,My Beautiful Dark Twisted Fantasy,87.998,,5,5107,UTH1VNHLjng,,,,,
Dark 'N' Lovely,Stevie Wonder,Characters,117.977,,1,5108,qrHYLcWULMM,,,,,
DARY DEMOU'AK,HAMID EL SHA'ERY,MUSIC NOW VOL. 4,,,,5109,WEfsJmsQb2Q,,,,,
Daredevil,Fiona Apple,The Idler Wheel Is Wiser Than the Driver of the Screw and Whipping Cords Will Serve You More Than Ropes Will Ever Do (Expanded Edition),85.614,,7,5110,Ymui4m4s6W8,,,,,
DARE (feat. Shaun Ryder & Roses Gabor),Gorillaz;Shaun Ryder;Roses Gabor,Demon Days,120.264,4:04,11,5111,SZP0NFRKBbs,,,,,
DAPPERDAN (feat. G Herbo),Aminé,ONEPOINTFIVE,106.439,,2,5112,FerQnmTknbo,,,,,
Danza de Gardenias (feat. Los Macorinos),Natalia Lafourcade,"Musas (Un Homenaje al Folclore Latinoamericano en Manos de Los Macorinos), Vol. 2",88.934,,5,5113,3s_Vd-Hbcko,,,,,
Dangomushi,Mei Semones,Animaru,143.277,3:19,16,5114,ClhTKHqmBPI,,,,,
Dangers Arms (feat. POLO PERKS <3 <3 <3),cr1tter,Poisoner,140.031,,2,5115,wZbrMigmme8,,,,,
Dangerous (feat. Kid Cudi),ScHoolboy Q,CrasH Talk,171.869,,5,5116,K74YD5BFTqI,,,,,
Danger (Spider),Offset;JID,METRO BOOMIN PRESENTS SPIDER-MAN: ACROSS THE SPIDER-VERSE (SOUNDTRACK FROM AND INSPIRED BY THE MOTION PICTURE),,,,5117,MRBAtVbr9PI,,,,,
Dang! (feat. Anderson .Paak),Mac Miller;Anderson .Paak,The Divine Feminine,107.018,5:05,5,5118,Cg90gxYZ1C0,,,,,
Dandelion Wine,Gregory Alan Isakov,This Empty Northern Hemisphere,110.696,,0,5119,QbR4aNW0nCk,,,,,
dandelion,Ariana Grande,eternal sunshine deluxe: brighter days ahead (instrumental version),169.884,,10,5120,9a9tiquZHKs,,,,,
"Dance, Baby!",boy pablo,Roy Pablo,122.017,,9,5121,6KJtcZ803W4,,,,,
Dance Me If You Can (Soundtrack),The Cheetah Girls,The Cheetah Girls: One World,,,,5122,uBD4w5yNSeo,,,,,
Dance Floor Stalker,Flying Lotus,Reset EP,120.007,,4,5123,EM4Pth2w9_8,,,,,
Dance 4 Eternity,Kid Cudi,"Passion, Pain & Demon Slayin'",121.012,,0,5124,MnCexU422x8,,,,,
Dance,Kim Ximya X D. Sanders,Moonshine,,,,5125,-0idk5qIGuk,,,,,
Dan the Dancer,Mitski,Puberty 2,75.029,,8,5126,vgkBHLRrYAA,,,,,
"Damn, Girl",Heems,Eat Pray Thug,104.994,3:38,7,5127,z7hv2vkrlXs,,,,,
DAME,Heems;Sid Vashi,DAME,104.853,,1,5128,qkU_UFDeDr4,,,,,
Dagenham Dream,Blood Orange,Negro Swan,177.193,,1,5129,_UrHuolpHU4,,,,,
Dadvocate,Childish Gambino,Bando Stone and The New World,85.01,,0,5130,265lKeKeuGo,,,,,
Daddy's Birthday,Young Thug,Beautiful Thugger Girls,152.949,,4,5131,brWrZFicD4o,,,,,
Daang,Prabh Deep,KING Returns,129.978,,4,5132,f0lowGcamHA,,,,,
D.R.A.M. Sings Special,Chance the Rapper,Coloring Book,148.005,,3,5133,5uGw4w6UJIA,,,,,
D.M.B.,A$AP Rocky,D.M.B.,140.014,,8,5134,BqRYGCEEXeo,,,,,
Cymbal Rush,Thom Yorke,,142.028,,1,5135,tpN6szL9RIs,,,,,
Cylindrical Sea,Animals As Leaders,,179.934,,6,5136,sTBDjra7eME,,,,,
Cycle Song,Imogen Heap,,173.989,,0,5137,vg-HN3enj0g,,,,,
Cyber Sex,Doja Cat,,131.03,,8,5138,X8kMZFSWskI,,,,,
Cut You Off (To Grow Closer),Kendrick Lamar,,82.982,,8,5139,JWJdC2szQm0,,,,,
Custom Made,Tony Shhnow,,139.766,,8,5140,P3zQTMgyckg,,,,,
Curious Fish,Men I Trust,,143.969,,0,5141,TkB85_DldXQ,,,,,
Cudi Zone,Kid Cudi,,134.751,,9,5142,ZXT2tQ5ruE0,,,,,
CUD LIFE,Kid Cudi,,128.022,,1,5143,kFgJpas3zFU,,,,,
CTRL DEL ALT,EXCISE DEPT,,116.745,,9,5144,RL2vKBI1TpM,,,,,
Cry Me a River,Justin Timberlake,,73.898,,8,5145,CIk45fEWBok,,,,,
Crust,Flying Lotus,Yasuke,106.515,2:13,9,5146,cfhN0dgU3ag,,,,,
Crushing,Eartheater,,76.001,,0,5147,xlcNvy1Pkug,,,,,
Crushed Glass,Freddie Gibbs,,96.07,,5,5148,j8WAvBXVCNo,,,,,
Crush Culture,Conan Gray,,180.065,,0,5149,2Lz2WUiotic,,,,,
Crush (Unfinished),Jai Paul,,,,,5150,KvHYFl0kqIk,,,,,
Crumble,Kevin Abstract,,103.952,,5,5151,B5xnDhifQ2o,,,,,
Cruise Ship,Young Thug,SUPER SLIMEY,150.076,2:46,14,5152,BunedkOHJCM,,,,,
Cruise Control,Joey Bada$$,2000,95.282,3:26,6,5153,uzY723SwxP8,,,,,
Cross the Sea,Alex G,God Save The Animals,149.01,3:36,2,5154,6ZpD0NAJFxM,,,,,
CRIPSTIAN,Maxo Kream,WEIGHT OF THE WORLD,136.009,3:48,1,5155,v44smKbnox4,,,,,
Crimson and Clover,Joan Jett & the Blackhearts,I Love Rock 'N' Roll (Expanded Edition),166.741,,0,5156,ikdD7PmeKcQ,,,,,
Criminal,Miguel,,153.002,,7,5157,_Fj7osZjRLA,,,,,
Crew Love,Drake;The Weeknd,Take Care (Deluxe),160.152,3:28,0,5158,WL-3zvnUomk,,,,,
Crescendolls,Daft Punk,Discovery,124.048,3:31,5,5159,AuTRLEWSfTo,,,,,
Creature of Habit (Havin'),Father,Creature of Habit (Havin'),89.332,2:50,6,5160,cPT0AwWYcqU,,,,,
Creations Part Two,Hiatus Kaiyote,Choose Your Weapon,89.667,1:01,5,5161,L4mmbsoee7w,,,,,
Cream,Key Glock,Son Of A Gun,140.086,2:57,8,5162,GzSobm9H1FE,,,,,
Crazy,Gnarls Barkley,St. Elsewhere,111.963,3:02,8,5163,velVNHzMhkY,,,,,
Crave,Paramore,This Is Why,131.018,3:55,11,5164,Y-2aeudJiLY,,,,,
CrasH,ScHoolboy Q,CrasH Talk,132.02,2:41,1,5165,Ww4Didy5bMI,,,,,
CRANK,Playboi Carti,MUSIC,142.932,2:27,11,5166,TuiSIQazYyI,,,,,
Crack Baby,Mitski,Puberty 2,95.517,,6,5167,edEO9Ldb_VQ,,,,,
CR@SH (feat. Travis Scott),Strick,ALL TIME HIGH,144.052,,11,5168,yGOYSWx-tjQ,,,,,
cowboy like me,Taylor Swift,evermore,127.967,,0,5169,rKSrjaQZOgg,,,,,
Coven,RY X,Unfurl,115.99,,6,5170,rCoMpclf6rY,,,,,
Cousins,Vampire Weekend,Contra,176.11,,11,5171,CoKt6atQFNQ,,,,,
Country,Sam Evian,"You, Forever",184.031,,9,5172,079cPUWesWA,,,,,
Countin' Up,Rico Nasty,Nasty,95.987,,1,5173,MkAz6FIvSMo,,,,,
Count Me Out,Kendrick Lamar,Mr. Morale & The Big Steppers,133.999,,4,5174,NXi9scTzyxM,,,,,
Count Me In,THEY.,Amanda Tape,129.981,,5,5175,8yRpBQupp18,,,,,
Cosmo Freestyle,Freddie Gibbs,You Only Die 1nce,76.983,,9,5176,ppvw_2QITpU,,,,,
Cosmic Warrior,Kid Cudi,"Passion, Pain & Demon Slayin'",129.989,,9,5177,WgN8g5RWi6s,,,,,
Cosmic Sass,Good Morning,Shawcross,71.767,,4,5178,gwGzHwL2fLI,,,,,
CORSO,"Tyler, The Creator",CALL ME IF YOU GET LOST,97.672,,10,5179,qz-k3DoMxkw,,,,,
Corpus Christi,Kevin Abstract,ARIZONA BABY,85.012,,0,5180,88UGyqwDXF0,,,,,
"Coronus, the Terminator (Instrumental)",Flying Lotus,You're Dead! (Deluxe Edition),,,,5181,oVjwoF4ysAg,,,,,
"Coronus, the Terminator",Flying Lotus,You're Dead!,79.929,,2,5182,kTSHUF25hdk,,,,,
Cornerstone,Arctic Monkeys,Humbug,169.252,3:17,9,5183,9qqvO7o32qI,,,,,
Corcovado (Quiet Nights Of Quiet Stars) (Mono Version) (feat. Astrud Gilberto & Antonio Carlos Jobim),Stan Getz;João Gilberto,Getz/Gilberto (Expanded Edition),,,,5184,VEMWhrfFVDc,,,,,
Coral Springs,Soft Glas,Orange Earth,80.517,3:10,2,5185,bQc4vpGrSRs,,,,,
Coquette Habit,Sophie Woodhouse,Dear Diary,131.288,,8,5186,Xi0IuqlZNPk,,,,,
COPYCAT,Billie Eilish,dont smile at me,124.909,,4,5187,rdKK3OMyLxs,,,,,
Cooties,ScHoolboy Q,BLUE LIPS,74.951,,8,5188,b1KeJEfyRk0,,,,,
Cooperators,April + VISTA,Pit of My Dreams,139.545,,7,5189,Hj6bdxhMqxw,,,,,
Cool With You,NewJeans,NewJeans 2nd EP 'Get Up',134.993,,5,5190,-jEmhjZr8RE,,,,,
Cool Kids (feat. Freddie Gibbs),Skinny,Late Night Blvd - EP,,,,5191,kxL1BiIBbpw,,,,,
Cool Kids,Echosmith,Talking Dreams,130.027,,8,5192,RVmDV6xgjWQ,,,,,
Cool About It (feat. Lido),Aminé;Lido,13 Months of Sunshine,111.005,,2,5193,w5Avz7rs_eU,,,,,
"Cook, Clean, Pay The Rent (New House Version)",Teebs,Collections 01,105.381,,8,5194,vsILDMyy0rY,,,,,
Conversations with my Wife,Jon Bellion,Glory Sound Prep,138.187,,6,5195,klF71YBGUTw,,,,,
Conversation Pt. 1,Mac Miller,Swimming,144.998,,6,5196,0qAJgwkN76Y,,,,,
Contusion,Stevie Wonder,Songs In The Key Of Life,129.378,,9,5197,xUI95wXggB4,,,,,
Controlla,Drake,Views,92.092,,10,5198,JTVKr28GKzY,,,,,
Control Room,Peter Cat Recording Co.,BETA,91.011,,2,5199,Dro607rLuls,,,,,
Continue?,Chon,Homey,127.014,,7,5200,NEGUYipQ23g,,,,,
Contagious,Young Thug,Punk,82.809,,1,5201,Lh4jBHybh6w,,,,,
Contact,Big Thief,U.F.O.F.,79.254,,2,5202,eIR_4PBIZ4Q,,,,,
Contact,Logic,The Incredible True Story,135.996,2:43,0,5203,Mm8WW16Ppwo,,,,,
Constantly Hating (feat. Birdman),Young Thug,Barter 6,170.075,,4,5204,NUWvuuUs6t4,,,,,
Consider Yourself,Half Moon Run,Sun Leads Me On,158.012,,7,5205,pZP36cr1W2w,,,,,
Connect,Drake,Nothing Was The Same,75.039,,6,5206,LRg3WK2eiG4,,,,,
Congratulations (feat. Bilal),Mac Miller,The Divine Feminine,57.75,,4,5207,eF0Nsnk6wis,,,,,
Congratulations (feat. Quavo),Post Malone,Stoney (Deluxe),123.146,,6,5208,FFhGqNa-Waw,,,,,
Congratulations,Drake,So Far Gone,86.882,,6,5209,zEonx7qV3A0,,,,,
Confessions Pt. II (feat. Colin Stetson),BADBADNOTGOOD,IV,,,,5210,8irlmBH8m5Y,,,,,
Concrete Kisses,ZAYN,ROOM UNDER THE STAIRS,148.058,,0,5211,S93ebl_nj0M,,,,,
Compton (feat. Dr. Dre),Kendrick Lamar,"good kid, m.A.A.d. city",170.757,,1,5212,yZWUtAFqPxs,,,,,
Complicated,Mac Miller,Circles,75.014,,0,5213,lyuvl1EY11Q,,,,,
Company,Don Toliver,Heaven Or Hell,75.013,,9,5214,XPIGS2Vt7Jc,,,,,
Common,ZAYN,Icarus Falls,134.998,,2,5215,r-GEhhL8mL4,,,,,
COMMANDO (feat. G-Eazy),Logic,Confessions of a Dangerous Mind,77.028,,8,5216,DrMzXFe-mHA,,,,,
Coming Home,"Curren$y, Trauma Tone, & Don Toliver",Highway 600,,,,5217,6AEICE_NsbM,,,,,
Comin Out Strong (feat. The Weeknd),Future,HNDRXX,108.761,,1,5218,uqO-FILqtCI,,,,,
Comfortable (feat. Babyface),Lil Wayne,Tha Carter III,94.199,,6,5219,qDMm0nKaXVU,,,,,
Comfort,Yung Heazy,Whenever You're Around I Hate Everything Less,111.945,,9,5220,09bLcXUiLuw,,,,,
Come Together (feat. H.E.R.),Chris Brown,Indigo,82.137,,3,5221,tuNjQ3TSIog,,,,,
Come Thru,Drake,Nothing Was The Same (Deluxe),81.977,,3,5222,-HLGCKkDoPw,,,,,
COME THRU,Joji,BALLADS 1,77.026,,0,5223,BQuFJvQOlk4,,,,,
Come Through and Chill (feat. J. Cole & Salaam Remi),Miguel;J. Cole;Salaam Remi,War & Leisure,81.628,5:22,6,5224,Kxq0oI6GINY,,,,,
Come See About Me,Nicki Minaj,Queen,78.694,,1,5225,ooqRmU0bbaE,,,,,
Come Over,The Internet,Hive Mind,92.032,,5,5226,UPCwQnGPByA,,,,,
"Come On, Let's Go","Tyler, The Creator;Nigo",I Know NIGO!,,,,5227,c5f0DvTtUJ8,,,,,
Come On (Aajana Part 2) (feat. Rishi Rich & Jay Sean),Juggy D,Juggy D,103.039,,7,5228,NFQaVJc8bUU,,,,,
Come into the Water,Mitski,Be the Cowboy,89.916,,8,5229,fEfzKOhUCj4,,,,,
COME HERE!,JELEEL!,REAL RAW!,135.901,,11,5230,XbYkuSfBdLI,,,,,
Come Down,Anderson .Paak,Malibu,98.401,2:49,8,5231,5srlMjz5ePs,,,,,
Come Close,Odette,To A Stranger,120.069,,4,5232,XiBvGkBmPDk,,,,,
Come back to me,RM,"Right Place, Wrong Person",73.007,,4,5233,9r9fgba-apI,,,,,
Come Back to Earth,Mac Miller,,83.507,,2,5234,VzAjXdBJsEc,,,,,
Come Back Baby,Pusha T,DAYTONA,92.009,3:26,0,5235,sul4duD8e6U,,,,,
Come Alive,Jonny P,,,,,5236,Kaq57f42WLM,,,,,
Colours Fly,The Smile,,90.216,,3,5237,4h-I7siClOI,,,,,
Colours,GROUPLOVE,,93.933,,6,5238,MsLyHEA7f3M,,,,,
Colours,Juelz,,131.849,,1,5239,mCXZHEBtwt4,,,,,
Colour Blind,SAULT,Untitled (God),102.633,2:35,7,5240,o-Gi5a2aCgo,,,,,
Colour / Somehow,Sølv,,75.057,,6,5241,iEc6BN6qXZM,,,,,
Colossal,Future,,130.022,,4,5242,GugtgL87Y9k,,,,,
Colossal,Larry June,,75.014,,1,5243,UeYYwUhwGxc,,,,,
Colors,Halsey,,100.02,,1,5244,zmOONagpEBU,,,,,
Colors,Beck,,119.997,,11,5245,crI88tZxKO0,,,,,
Colors,Alex Isley & Jack Dine,,,,,5246,tzZP1l0Kl2s,,,,,
COLORS,Remble,,87.809,,1,5247,rJXKir7SDhA,,,,,
Coloratura,Coldplay,,134.055,,2,5248,bQKfPbfokqc,,,,,
Color of Autumn,Nujabes,,80.029,,1,5249,JxmpycXxw1k,,,,,
Collide,Odette,,177.844,,3,5250,w-6Ceof99HQ,,,,,
collage,Gunna,,129.926,,1,5251,qSSZ4N3xB3A,,,,,
Cold Summers,Earl Sweatshirt,Some Rap Songs,170.949,1:06,10,5252,2cUigmOlW_w,,,,,
Cold Shoulder,Gucci Mane,,135.007,,7,5253,54bq19GCUyU,,,,,
Cold Heart (PNAU Remix),Elton John,,,,,5254,e-S1k9-soT4,,,,,
Cold Dead (Instrumental),Flying Lotus,,178.206,,9,5255,vFoxLx6q3QQ,,,,,
Cold Dead,Flying Lotus,You're Dead! (Deluxe Edition),125.937,1:34,5,5256,8cTqE3JM3QI,,,,,
Cold Blue Rain (Acoustic Version),Milky Chance,,,,,5257,-6cC2GSiGR8,,,,,
Cold Blue Rain,Milky Chance,Blossom (Deluxe),163.905,4:57,8,5258,ZXfHYojReEs,,,,,
Cold Blooded,Kid Cudi,Indicud,201.059,2:32,10,5259,lVrHFRuU3o8,,,,,
Cold,Post Malone,Stoney (Deluxe),133.008,4:28,4,5260,wmo0_3J43IA,,,,,
Cola Coca,Dilip;Zelooperz;Kenny Mason,Cola Coca,130.176,1:43,5,5261,erFsF9W26xE,,,,,
COINCIDENCE,LUCKI,FLAWLESS LIKE ME,140.082,2:03,0,5262,uhlTt2Hb6lw,,,,,
coffee,Miguel,Wildheart (Deluxe Version),80.985,4:46,10,5263,t-009D5ElRg,,,,,
Cocoon (Acoustic Version),Milky Chance,,,,,5264,EIKwnclGAyY,,,,,
Cocoon,Milky Chance,Blossom (Deluxe),114.033,4:15,10,5265,OB-vHIFngNs,,,,,
Coco Chanel,Nicki Minaj,,121.296,,1,5266,nCct5a1E9p0,,,,,
Cocaine Woman,Lucki,Alternative Trap,137.887,,6,5268,FMw_EXe18Qg,,,,,
Cocaine,Logic,Confessions of a Dangerous Mind,176.022,,4,5269,95smHUJHbnQ,,,,,
Cmon,Yeat,Up 2 Më,139.808,,10,5270,96BuJM9YvGI,,,,,
Clutching My Breaks,Liim,Liim Lasalle Loves You,158.85,,8,5271,aRJW5U7TUoA,,,,,
Clouds,Milky Chance,Blossom,120.008,,11,5272,sb-olLwYmY4,,,,,
CLOUDS,박혜진 Park Hye Jin;Nosaj Thing,CLOUDS,104.953,,6,5273,54G5PZH-b2I,,,,,
cloud castle,Luna Li,jams EP,83.9,1:03,0,5274,M4etOEaLBeE,,,,,
Closure,Kelela & Rahrah Gabor,Raven,,,,5275,M1WAoB4-kFU,,,,,
Closing: The Chosen Ones,Solange,A Seat at the Table,66.066,,9,5276,mPrdbH-ly2I,,,,,
Closer,FKA twigs,LP1,122.095,,11,5277,I_3_m6kVeFw,,,,,
Close To You,Abhi The Nomad,Abhi vs The Universe,90.018,,11,5278,uD9i4wgl8Ss,,,,,
Climbing Up the Walls,Radiohead,OK Computer,78.653,4:45,11,5279,XX4EpkR-Sp4,,,,,
クライム FEAT. VINIA MOJICA - Climb (feat. Vinia Mojica),Mos Def,Black On Both Sides,,,,5280,zg6okmuus2g,,,,,
Cliff Hanger,Action Bronson,Only For Dolphins,136.078,,6,5281,H_HVE8va2NE,,,,,
Clench (feat. Chris Patrick),redveil,Niagara,134.007,,2,5282,3u4vcHbUEaQ,,,,,
Cleats,FINNEAS,For Cryin' Out Loud!,116.009,,1,5283,oPu4vbudcPg,,,,,
CLASSY (feat. Tony Shhnow),Joony;Tony Shhnow,MEMENTO,133.018,,6,5284,3U6bedGja0k,,,,,
Clash,DILJIT DOSANJH,G.O.A.T.,166.008,,9,5285,3E7eS4yA-vw,,,,,
Clap,Metro Boomin;Waka Flocka Flame;DJ Spinz,Metro Boomin Presents: A Futuristic Summa (Hosted by DJ Spinz),141.996,2:42,1,5286,T7JgWrw1Lao,,,,,
Clandestina (Cocaina Remix) (feat. Emma Peters),FILV;Edmofo,Clandestina (Cocaina Remix),,,,5287,6jodhk_cYSg,,,,,
"City Of Stars (From ""La La Land"" Soundtrack)",Ryan Gosling;Emma Stone,La La Land (Original Motion Picture Soundtrack),,2:30,,5288,xkqfm3muuhM,,,,,
City of Mirrors (feat. Arthur Verocai),BADBADNOTGOOD,Talk Memory,120.597,3:51,18,5289,V1SjaoXYS_U,,,,,
City of Gods,Fivio Foreign;Kanye West;Alicia Keys,B.I.B.L.E.,147.356,,8,5290,UBsjiRprQOQ,,,,,
City of Ezra (Tsu Nami Remix),Rohaan,Bleach Remixes - Pt. 1,,,,5291,xIXQCKC6c88,,,,,
City of Angels,Miguel,War & Leisure,150.836,,0,5292,cU5bYkr4JJw,,,,,
Cirque Du Soleil,454,CASTS OF A DREAMER,82.861,,5,5293,T52PudTT0SQ,,,,,
Circuit Board,Raveena,Asha’s Awakening,87.025,,5,5294,_BLVQowCc6c,,,,,
Circadian Rhythm,Drake,100 GIGS,146.007,,1,5295,_zq1Squ-Uqs,,,,,
Cinderella,Future;Metro Boomin;Travis Scott,WE DON'T TRUST YOU,130.052,,5,5296,rCwSRV7P6hY,,,,,
Cinderella,Remi Wolf,Big Ideas,102.989,,1,5297,CND61oLjw5s,,,,,
Cigarettes out the Window,TV Girl,Who Really Cares,113.551,,0,5298,7j6C9METNm0,,,,,
Cigarette Smoker Fiona,Arctic Monkeys,Who The F*** Are Arctic Monkeys?,143.986,,9,5299,kLmWGmlOsFQ,,,,,
Cicada,Hiatus Kaiyote,Choose Your Weapon,109.316,,7,5300,Xn_Ykz6Coic,,,,,
Ciao!,Bryson Tiller,Bryson Tiller,106.595,,5,5301,cPDh98wj1u0,,,,,
Chuuurch,Juicy J;Xavier Wulf,Memphis Zoo,140.01,,6,5302,AW22JRIsm9I,,,,,
Church / Liquor Store (feat. Noname),Saba,Church / Liquor Store (feat. Noname),86.052,,1,5303,g2B0jYpicik,,,,,
Chura Liya Hai Tumne - Lofi Flip,VDJ Fly;DJ Gaurav;Asha Bhosle;Mohammed Rafi,Chura Liya Hai Tumne - Lofi Flip,,,,5304,Jg-mJzctaU4,,,,,
Chura Ke Dil Mera,Kumar Sanu;Alka Yagnik,Main Khiladi Tu Anari (Original Motion Picture Soundtrack),121.763,,8,5305,jhp3CxOVXrs,,,,,
Chun Swae (feat. Swae Lee),Nicki Minaj,Queen,140.992,,10,5306,2lTEnS-Txsk,,,,,
Chrome (Like Ooh),Rapsody,Laila’s Wisdom,183.192,,10,5307,dOItf30n2jk,,,,,
CHopstix (feat. Travis Scott),ScHoolboy Q,CrasH Talk,127.932,,9,5308,Qx0eSEfzTuc,,,,,
Choosin',THEY.,LOVE.JONES,136.023,,6,5309,JQQ0vEMerM0,,,,,
Chonkyfire,Outkast,Aquemini,90.966,,8,5310,R5uoxivoSSo,,,,,
Chompy's Paradise,BADBADNOTGOOD,IV,114.39,,3,5311,Knzlf-jobbk,,,,,
Choice Kingdom,alt-J,This Is All Yours,124.026,,2,5312,2RsGW0qwgqQ,,,,,
Chloroform,Phoenix,Bankrupt!,137.62,,0,5313,4LV7d92oPmY,,,,,
Neetu Pookal,"Santhish Hariharan, Kishnakumar Dhivya",Malai 6 Mani Muthal Kalai 6 Mani Varai (Original Motion Picture Soundtrack),,,,5314,0MzA_iwvZgY,,,,,
CHILD’S PLAY,Ski Mask The Slump God,BEWARE THE BOOK OF ELI,160.012,,7,5315,Jx7mO9-cGic,,,,,
Chicago Freestyle,Drake;Giveon,Dark Lane Demo Tapes,122.947,,10,5316,ZzuXhUZUDyc,,,,,
Chicago 2,Mac DeMarco,Five Easy Hot Dogs,49.816,,1,5317,Bcz6w_nflHs,,,,,
Chicago,alt-J,The Dream,134.985,,0,5318,kj0AJTnnUtU,,,,,
Chicago,Mac DeMarco,Five Easy Hot Dogs,170.635,,10,5319,Oziul23ZrCE,,,,,
CHERRY BOMB,"Tyler, The Creator",Cherry Bomb,133.868,,2,5320,DwOyRejJ07Q,,,,,
"Cherry (Live From Shepherd’s Bush Empire, London / 2007)",Amy Winehouse,I Told You I Was Trouble: Live In London,,,,5321,T99RK4nHg34,,,,,
Cherish The Moment,Kodak Black,Trill Bill,117.96,,10,5322,_yiHPBp2-Fk,,,,,
Cherish (furs),Puma Blue,In Praise Of Shadows,132.709,,8,5323,hT07oV_2Cx8,,,,,
Chemicals,SG Lewis,times,113.982,,11,5324,rb1w6RvMI1U,,,,,
Cheetah Love (Soundtrack),The Cheetah Girls,The Cheetah Girls: One World,,,,5325,rG1CYA523_k,,,,,
Cheers (feat. Q-Tip),Anderson .Paak,Oxnard,88.255,,2,5326,_z58W1-uGio,,,,,
Cheerleader,Grizzly Bear,Veckatimest,96.395,,6,5327,pGoxgQ6AZFM,,,,,
Cheer Up Baby,Inhaler,It Won't Always Be Like This,142.978,,8,5328,P-CgNh-v6G0,,,,,
Checkpoint,Chon,Homey,140.009,,7,5329,sorJfTAxtK8,,,,,
Check,Young Thug,Barter 6,110.953,,0,5330,3FurIrNNQp4,,,,,
Cheat Codes,ICYTWAT,Siddhi,135.064,1:39,1,5331,UhxwRbNNZIk,,,,,
Cheat Code 2,BabyTron,Luka Troncic,104.01,,9,5332,ZsW15qGC7Og,,,,,
Cheat Code (feat. Baauer),Rico Nasty;Kenny Beats,Anger Management,135.984,,1,5333,_Uofor57YzY,,,,,
Chauncey,ian,,138.953,,1,5334,rbqBosyFeqw,,,,,
Chasing Light,MEMBA,,135.999,,7,5335,ARJgdeV8_LI,,,,,
Charnsuka,MF DOOM,Metal Fingers Presents: Special Herbs Vol. 1 & 2,95.337,2:19,6,5336,ef5lRkqTUew,,,,,
Charlie Brown,Coldplay,,137.978,,10,5337,Q2zy_g6y_tU,,,,,
Charles Ruffingham,Xavier Wulf,,139.906,,1,5338,fNO_jyVseV4,,,,,
Chapters,Say She She,Cut & Rewind,104.283,3:12,17,5339,U4s1CxpoUQ4,,,,,
Chaos in Motion,I The Mighty,,90.041,,5,5340,imwpTrzFt-Q,,,,,
Changes,H.E.R.,,99.99,,0,5341,P7m2vaYjR_I,,,,,
Changes,A$AP Rocky,,137.04,,3,5342,Cw-Jqr6aQjc,,,,,
Change Your Life,Kehlani,,146.886,,5,5343,hQib4WDhVMM,,,,,
Change Up,Danny Brown,,89.033,,0,5344,SJEnL2uRJwE,,,,,
Change the Beat,MF Doom,,92.748,,4,5345,ZPQkIMj2Wew,,,,,
Change Of Mind,Phonte,,122.02,,10,5346,dWYit6BuUAo,,,,,
Change Locations,Drake,,137.85,,0,5347,E5RnhIrkxxg,,,,,
Change,Maths Time Joy,,,,,5348,q79lESbKMuc,,,,,
Chandaniya (Lori Lori),Sajid Wajid,,,,,5349,VjTZgd6cKIQ,,,,,
Chance to Say My Piece,Taylor McFerrin,,90.983,,4,5350,JHQzwRrbt_0,,,,,
Chance,Blood Orange,,84.986,,9,5351,Y0lTjlsYlPc,,,,,
Champion,Kanye West,Graduation,98.331,2:47,3,5352,jKT4ArZCkso,,,,,
Chakklo,Heems,Nehru Jackets,92.75,4:49,1,5353,r2Cb-EURECw,,,,,
Chains & Whips,Clipse;Kendrick Lamar;Pharrell Williams;Pusha T;Malice,Let God Sort Em Out,92.76,4:03,10,5354,pg_4w8ZXna0,,,,,
Century,Big Thief,U.F.O.F.,90.639,3:07,4,5355,pD_rUqw9XW0,,,,,
Centurion,Earl Sweatshirt,,166.224,,7,5356,G3LpTL4dvEQ,,,,,
Cemeteries of London,Coldplay,Viva La Vida or Death and All His Friends,109.109,3:21,10,5357,Gqxf2tbJopM,,,,,
Cell Boomin,Maxo Kream;Father,#Maxo187,168.18,4:00,8,5358,BmXkKKMgPpg,,,,,
Celeste,Ivy Lab,Infinite Falling Ground,120.035,3:04,3,5359,Cx51wwe5vMQ,,,,,
Cel U Lar Device,Erykah Badu,But You Caint Use My Phone (Mixtape),135.011,6:28,1,5360,3jbaykVDdRc,,,,,
Cautionary Tales,Jon Bellion,Glory Sound Prep,94.087,3:47,7,5361,AjwW_f5KKQc,,,,,
Caught Out There,Kelis,Kaleidoscope,92.996,4:51,7,5362,3orPSw8ikX4,,,,,
Cattails,Big Thief,U.F.O.F.,80.514,4:05,1,5363,bI9EIhsutcc,,,,,
Cato As A Pun,of Montreal,"Hissing Fauna, Are You The Destroyer?",200.001,3:02,5,5364,gk58dTtnGBo,,,,,
Catch You,Ricky Reed;Lido Pimienta,The Room,,,,5365,7HACiczFMoo,,,,,
Catch Me Outside 2,Ski Mask The Slump God,Catch Me Outside 2,113.878,2:06,6,5366,tOMyRm2QkUM,,,,,
Catch Me I’m Falling,Young Thug,UY SCUTI,135.269,3:26,9,5367,vaSZmM7_84o,,,,,
Catapult (feat. Laneous),Clever Austin,Pareidolia,157.938,,9,5368,tIGG1efF07o,,,,,
Cat Rider,Little Dragon,Nabuma Rubberband,109.972,,5,5369,ivepWIz95IU,,,,,
Cat Piss (feat. Lil Yachty),Ski Mask The Slump God,STOKELEY,154.983,,8,5370,W9iDlkTXqC4,,,,,
Casper,TroyBoi,Casper,125.025,,8,5371,hi34trSw3Xc,,,,,
Casket Pretty,Noname,Telefone,104.25,,3,5372,IkwfnfisoR0,,,,,
CASKET DREAMS (feat. Pouya),Ramirez,THE WARLOCK AND THE GORILLA,175.974,,10,5373,XQLBVvXBLMw,,,,,
Cashmere,BADBADNOTGOOD,IV,98.397,,9,5374,ik07PRDes1Q,,,,,
Cashmere,Tkay Maidza,"Last Year Was Weird, Vol. 3",75.94,,11,5375,roUd_CoBBqM,,,,,
Cash In Cash Out,"Pharrell Williams;21 Savage;Tyler, The Creator",Cash In Cash Out,119.971,,7,5376,KcihkHvPopM,,,,,
Casa de Noca,Maria Rita,Samba Meu,97.055,,11,5377,3RthfOlBA7s,,,,,
Carry Me Out,Mitski,Bury Me At Makeout Creek,75.495,,7,5378,ddQOfqZZ5LM,,,,,
Carried Away,H.E.R.,I Used To Know Her,157.925,,2,5379,3-kR_R2cp74,,,,,
CARPINTERIA (feat. Freddie Gibbs),Rae Khalil,CRYBABY,97.946,,1,5380,Dx321Bh3Is8,,,,,
CAROLMART (feat. Ice Billion Berg),Denzel Curry,ZUU,155.131,,1,5381,AZwqMqgDn68,,,,,
Carolina,Harry Styles,Harry Styles,121.986,,4,5382,4FndfYnSJXU,,,,,
CARNIVAL,¥$;Kanye West;Ty Dolla $ign,VULTURES 1,148.144,,1,5383,2VPAdf9dkmQ,,,,,
Cariño,The Marías,"Superclean, Vol. II",113.982,,0,5384,RyZNIw_IHpo,,,,,
careless (feat. daniel caesar),FKA twigs,CAPRISONGS,118.128,,11,5385,gTZw96z1Tp8,,,,,
Careful,Teezo Touchdown,Careful,116.982,,5,5386,D5SBKP_kweM,,,,,
Care About Me,Anish Kumar,A Mixtape by Anish Kumar,126.095,,6,5387,nFLWqEAKIOk,,,,,
Caravan Flashback (feat. Harini Iyer),Etibar Asadli & Alafsar Rahimov,Sexy Caffards,,2:27,,5388,YIJyY_zrWTQ,,,,,
Car Sick (feat. Metro Boomin & NAV),Gunna,Drip Season 3 (Deluxe),149.995,,7,5389,2Jk3fnfRkks,,,,,
Captain Stupido,Thundercat,Drunk,103.915,,11,5390,e8TdgBWEOP8,,,,,
Capillaries,Flying Lotus,Flamagra,83.631,,11,5391,Y6LQ2F5MwDY,,,,,
Can’t Keep Checking My Phone,Unknown Mortal Orchestra,Multi-Love,114.73,,1,5392,qHKTdRKYf7Q,,,,,
CANTU,Aminé,ONEPOINTFIVE,137.9,,6,5393,miBKu_OMD98,,,,,
cantsleep/drunkinluv,Cash Cobain,PLAY CASH COBAIN,,,,5394,NFV7MnIKlKo,,,,,
Canto de Xangô,Fabiano do Nascimento,Tempo dos Mestres,113.975,3:31,4,5395,vNr9XszXmYc,,,,,
Canopy,Charlotte Day Wilson,Cyan Blue,164.018,,8,5396,y99-K_4uiKk,,,,,
Cannibal Life II,The F16s,Triggerpunkte,84.983,,0,5397,2UR4EaqW_QA,,,,,
Candy,Doja Cat,Amala,124.876,,8,5398,J-xFZJ46aKU,,,,,
Cancel Me,Dominic Fike,What Could Possibly Go Wrong,169.896,,8,5399,o4-PWNYV35g,,,,,
CAN'T TOUCH THIS,BIA,FOR CERTAIN (Deluxe),125.953,,9,5400,Y3P3C9PA1dc,,,,,
Can't Tell Me Nothing,Nine Vicious,FOR NOTHING,155.974,,9,5401,xYFOA2GJuF4,,,,,
Can't Tell (feat. T.I. & Boosie BadAzz),Young Thug,Barter 6,111.062,,1,5402,BPbxphcJfd8,,,,,
Can't Sleep,Above & Beyond,Tri-State,132.977,,7,5403,XPcSEC08fAc,,,,,
Can't Say No,Ivy Lab;Roses Gabor,Fortuna E.P,80.259,3:47,3,5404,Y68FRlaWXis,,,,,
Can't Help Me,H.E.R.,I Used To Know Her,177.741,,1,5405,WMr3lhAf0_Y,,,,,
Can't Have Everything,Drake,More Life,82.445,,1,5406,J9q180iCF5I,,,,,
Can't Go Wrong,Damzz,Can't Go Wrong,138.003,,11,5407,-tD78iar9Yg,,,,,
CAN'T GET OVER YOU (feat. Clams Casino),Joji,BALLADS 1,129.914,,9,5408,fGVaPckAPoc,,,,,
Can't Believe The Way We Flow,James Blake,Assume Form,143.948,4:27,8,5409,dFHhCCJVUE0,,,,,
"What If, Pt. 2 (feat. Freddy Da Nightmare)",Mikrofone Rob,"What If, Pt. 2",,,,5410,5LKRYMTvAoA,,,,,
Can You Look In The Mirror?,Fabiana Palladino,Fabiana Palladino,99.056,,5,5411,_9wtJS_YyDQ,,,,,
Can We,Jim-E Stack;Kacy Hill,Can We,,,,5412,4loXiBs5ClE,,,,,
can i receive the contact?,SPIRIT OF THE BEEHIVE,Hypnic Jerks,124.516,,2,5413,LCBjHp9Yt4w,,,,,
Can I Hold the Mic (interlude),Solange,When I Get Home,77.252,,1,5414,HQYj10f3d0w,,,,,
Can I,Alina Baraz;Galimatias,Urban Flora,200.62,,2,5415,00xa7AF7r8M,,,,,
Campus,Vampire Weekend,Vampire Weekend,108.68,,7,5416,yP7pwm6E09U,,,,,
Cameras / Good Ones Go Interlude (Medley),Drake,Take Care (Deluxe),,,,5417,4DV9EfmawLI,,,,,
Camel,Flying Lotus,L.A. EP 2 X 3,193.929,,11,5418,mGnCs1YKwvM,,,,,
Came Thru Flushin’,Kodak Black,When I Was Dead,161.91,,10,5419,FC5JiO4rXtw,,,,,
Came Right Back,Brent Faiyaz,Lost,82.174,,7,5420,nCTv6Lpjrdo,,,,,
Came A Long Way,Offset,FATHER OF 4,100.005,,10,5421,fo8l9cwCNQI,,,,,
Calm Like You (feat. Alex Turner & Miles Kane),The Last Shadow Puppets,The Age Of The Understatement,128.226,,6,5422,j7qmADw2Q0w,,,,,
Callin,The PropheC;Ezu,The Remedy,139.022,,11,5423,7HbOuYjomlY,,,,,
CALLDROPS (feat. Kodak Black),A$AP Rocky,TESTING,127.818,,5,5424,jBQMh-8iv_o,,,,,
Call Me Back,The Strokes,Angles,125.78,,2,5425,mypMvCOR2Gs,,,,,
California English,Vampire Weekend,Contra,164.464,,0,5426,iq2a7sLr2fo,,,,,
California (feat. Ravyn Lenae & Phoelix),Saba,Bucket List Project,98.005,,11,5427,eHcxyZKZAFo,,,,,
California,Roy Blair,Cat Heaven,119.931,,8,5428,bV38N5Mmkig,,,,,
California,Childish Gambino,"""Awaken, My Love!""",148.94,,3,5429,QQk6DmbuidA,,,,,
Cali,Diljit Dosanjh,MoonChild Era,179.931,,11,5430,d_QmisLQ1F0,,,,,
Cake,Ivy Lab,Death Don't Always Taste Good,85.082,3:25,6,5431,eapYBQ0684c,,,,,
Caint Use My Phone (Suite),Erykah Badu,But You Caint Use My Phone (Mixtape),113.161,,1,5432,6mvpqxxlOq4,,,,,
Café Leche (Extended Mix),WILL K,Café Leche,,5:02,,5433,sbV0n3ny7ec,,,,,
Caddilak,The F16s,,113.969,,1,5434,JZK8YN57TXk,,,,,
Cabaret,Justin Timberlake,,120.154,,8,5435,ori7kjofzBM,,,,,
C12H16N2,Action Bronson,,70.502,,1,5436,4DCiFyduK2c,,,,,
Bécane,Yamê,,83.7,,10,5437,5IJ5ejJZrbE,,,,,
BYF,A$AP Mob,,110.016,,7,5438,G0yYhTPj9-Y,,,,,
Bye Bye Baby,Noname,Telefone,82.827,2:49,6,5439,g75p9j61Rb8,,,,,
bye,Ariana Grande,,110.016,,2,5440,tPZ5KDHWgdU,,,,,
By Ourselves,Blood Orange,,99.089,,10,5441,v7R6OovkLuM,,,,,
By Myself,Ski Mask The Slump God,,140.006,,1,5442,ir30OxWuHuE,,,,,
By Design (feat. André Benjamin),Kid Cudi,"Passion, Pain & Demon Slayin'",100.003,4:18,9,5443,vrSmvjGV-ls,,,,,
By Any Means,ScHoolboy Q,,129.967,,10,5444,Y8LV9ZW8xcw,,,,,
BUZZCUT,BROCKHAMPTON,,91.983,,2,5445,7R8TwjJirqI,,,,,
Buttons,Baalti,,127.979,,1,5446,J1RW-1e8kMQ,,,,,
BUTTERFLY EFFECT,Travis Scott,ASTROWORLD,140.958,3:10,11,5447,k2pwvr8p4vM,,,,,
BUTTERFLIES,Justin Bieber,,103.93,,9,5448,V2vEkQenNrk,,,,,
But You,Blood Orange,,180.221,,7,5449,U1x-nNI5j3w,,,,,
"But the Regrets Are Killing Me (4-Track Album Prep, 1999)",American Football,,,,,5450,sTId-STFEKs,,,,,
But the Regrets Are Killing Me,American Football,,123.249,,9,5451,eWm32OZ3eH4,,,,,
Bus-A-Bus [Interlude],Missy Elliott,,,,,5452,aNYDv-iMQOA,,,,,
BUS RIDE,KAYTRANADA;Karriem Riggins;River Tiber,99.9%,82.075,2:13,9,5453,D_K-g5LjEfU,,,,,
Bus in These Streets,Thundercat,Drunk,129.994,2:24,0,5454,TQYSTAW_2s4,,,,,
bury a friend,Billie Eilish,"WHEN WE ALL FALL ASLEEP, WHERE DO WE GO?",120.046,3:13,8,5455,YFervpMG_sM,,,,,
Burning Rubber,Kodak Black,When I Was Dead,99.829,2:43,6,5456,DZyDE8R2YO4,,,,,
Burning Down The House,Flying Lotus;George Clinton,Flamagra,105.993,3:03,7,5457,90h8HtDS7LA,,,,,
Burn The River,Sammy Virji,Same Day Cleaning,136.035,3:46,11,5458,Z-KdiujzFgM,,,,,
Burn The Rain,Kurt Cobain,Montage Of Heck: The Home Recordings (Deluxe Soundtrack),114.263,1:16,8,5459,Jvv3NI--9jQ,,,,,
Burn Slowly/ I Love You,The Brazen Youth,Primitive Initiative,105.046,4:40,0,5460,e_pCwcmJp-s,,,,,
Burn One (Interlude),Brent Faiyaz,Sonder Son,85.076,1:48,3,5461,5_bFpb70IaU,,,,,
Burn It to the Ground,Shreea Kaul,Burn It to the Ground,,,,5462,sCs_eS5P2vI,,,,,
Burn Baby Burn,Kid Cudi,Indicud,160.191,2:58,1,5463,Y9TXH8kWO9Y,,,,,
Burgundy,Earl Sweatshirt,,130.358,,0,5464,5uje6WkuOjk,,,,,
Bunny Ain't No Kind Of Rider,of Montreal,"Hissing Fauna, Are You The Destroyer?",125.92,3:51,9,5465,0MKOZCyqzZY,,,,,
Bundy & Sincere,Curren$y;Freddie Gibbs;The Alchemist,Fetti,89.425,2:23,1,5466,cCkIbuq-C2Q,,,,,
Bumps and Bruises,Boldy James;The Alchemist,Super Tecmo Bo,68.757,,11,5467,IeVI1G6g4J0,,,,,
Bump In The Road (with Sinéad Harnett),Joe Kay & Sinead Harnett,"If Not Now, Then When?",,,,5468,GlJdbPNYJbo,,,,,
BULLETS (feat. Little Dragon),KAYTRANADA,99.9%,125.042,,6,5469,G5dauRAS34k,,,,,
Bulletproof,La Roux,La Roux,123.017,,3,5470,7D2Hswtf9EI,,,,,
BULLET MAN,Paris Texas,MID AIR,127.089,,11,5471,O_0ujyLEbEM,,,,,
Build You Up (feat. Jamie Foxx),50 Cent,The Massacre,97.111,,4,5472,UVpt5O6egeM,,,,,
Bugs Life,Tierra Whack,Whack World,120.158,,0,5473,EeunZ1OsS7A,,,,,
Buggin' (Mokran Mix) [Alternate 2017 Remaster] (Mokran Mix; Alternate 2017 Remaster),The Flaming Lips,The Soft Bulletin,,,,5474,bkCb8ZNYh0M,,,,,
Bug a Boo,Destiny's Child,The Writing's On The Wall,104.42,,6,5475,4ZdgQ3Pf0Dg,,,,,
BUFFALO (feat. Shane Powers),"Tyler, The Creator",Cherry Bomb,169.002,,2,5476,2QlVtadoZCA,,,,,
Buffalo,Toro y Moi,What For?,99.999,,1,5477,86CXbx5v8TM,,,,,
Buckle Up,Shubh,Sicario,96.021,,1,5478,cBgsbOmXvgs,,,,,
Bucket List (feat. Matthew Santos),Saba,Bucket List Project,144.047,,7,5479,LogycTCRPgA,,,,,
Buck Shots,A$AP Rocky,TESTING,159.956,,10,5480,qR4czOlrw4c,,,,,
Bubbles Buried In This Jungle,Death Grips,Bottomless Pit,124.872,,11,5481,mbZ7HYGs1YE,,,,,
Bubble Dream,Chon,Newborn Sun,196.083,,9,5482,OY0B7B75aBU,,,,,
BTSTU (Demo),Jai Paul,BTSTU (Demo),,,,5483,g56Q5qcyN0w,,,,,
Bryn,Vampire Weekend,Vampire Weekend,179.752,,2,5484,oU7RfEDXbfo,,,,,
Brutal (feat. Meyhem Lauren),Action Bronson,White Bronco,86.606,,4,5485,NtMeW9MEuwU,,,,,
Bruises,Kelela,Raven,129.844,,7,5486,sGX9GawLLZY,,,,,
Bruce Wayne (Outro),Takeoff,The Last Rocket,,,,5487,htxttHhlQJQ,,,,,
Bruce Lee,Chris Brown,11:11 (Deluxe),113.393,,10,5488,moApKRM7MoM,,,,,
Brown Sugar,Michael Christmas,Role Model,102.135,,3,5489,v0nPsSf1WsM,,,,,
Brown Sauce (feat. Pataka Boys),PAV4N;Sonnyjim;Kartik,Thugs From Amritsar,88.986,2:32,6,5490,pdskv1413Nk,,,,,
Brown Eyes (feat. Rocci),Ramirez,THA PLAYA$ MANUAL,94.978,,7,5491,MHQMGGLMUsk,,,,,
Brown,Lapgan,Duniya Kya Hai,87.986,,2,5492,4WHn-N5Blwo,,,,,
Brother's Keeper (feat. Pusha T),Anderson .Paak,Oxnard,106.852,,9,5493,rou0QwATvTw,,,,,
Brother's Keeper,Young the Giant,Mirror Master,120.019,,7,5494,Intjo7KOVuo,,,,,
Brother,Amy Winehouse,Frank,83.774,,6,5495,Z5H8wpQVVi4,,,,,
Brotha Man (feat. French Montana),A$AP Rocky,TESTING,126.485,,1,5496,B0bQ9ZnVcEk,,,,,
Brooklyn,Mos Def,Black On Both Sides,94.778,,1,5497,lLHRH0oWU6I,,,,,
Broken Clocks,SZA,Ctrl,112.912,3:51,6,5498,D2330pNNvK4,,,,,
Broke Ass Hoes,ZelooperZ,Dali Aint Dead,140.004,2:39,1,5499,yxY6PLUft04,,,,,
Broke +-,Jay Rock,Redemption,140.1,,2,5500,vgjuwjttvVs,,,,,
Brite Boy,Alex G,Beach Music,91.997,,11,5501,WwsPyY_s6Os,,,,,
brighter days,San Holo and Bipolar Sunshine;Bipolar Sunshine,album1,128.064,,0,5502,M8tZnz44t00,,,,,
Bright Lights,6ix;KYLE;Skizzy Mars,Bright Lights,152.031,,0,5503,fS65c5zf1VM,,,,,
BRIGHT,ZAYN,Mind Of Mine (Deluxe Edition),118.161,,5,5504,kaEv1v_z87U,,,,,
Bria's Interlude (feat. Omarion),Drake,So Far Gone,147.037,,2,5505,sJ1m8L5aBhI,,,,,
Brenda,Maxo Kream,Brandon Banks,134.999,,4,5506,ZgnJ4Ar8-0U,,,,,
Breathing Underwater,Hiatus Kaiyote,Choose Your Weapon,112.196,,7,5507,ZsZh0azKrEY,,,,,
Now It All Unfolds #444,Tara Wesolowski,For The Remnant,,,,5508,BUNu0-YEaco,,,,,
Breathe Me,Tyla,TYLA,157.423,,1,5509,VV4-sZh2SD8,,,,,
Break the Law,Mac Miller,GO:OD AM,148.442,,10,5510,IQ49uwe-zv8,,,,,
Break The Bank,ScHoolboy Q,Oxymoron,80.335,,5,5511,1jQW3B5vNjE,,,,,
Break It to Me (Sam de Jong Remix),Muse,Simulation Theory (Super Deluxe),179.9,,10,5512,ytHTiFK6JAU,,,,,
Break It to Me,Muse,Simulation Theory (Super Deluxe),90.015,,1,5513,t-m0iYJEyyE,,,,,
Break From Jersey,DJ Sliink,Break From Jersey,127.961,2:31,8,5514,3EyKKLhlJZM,,,,,
Break for Lovers (feat. Helena Deland),Men I Trust,Headroom,97.994,,11,5515,XVULpwrBCbo,,,,,
Break,Liim,Liim Lasalle Loves You,105.207,2:18,2,5516,MeZB5E9lGNg,,,,,
Brave,Jhené Aiko,Souled Out (Deluxe),,,,5517,w1RJNWK07FI,,,,,
Brand New Tyga (Interlude),Vince Staples,FM!,,,,5518,ufDiJSqw-xc,,,,,
Brand New Guy (feat. ScHoolboy Q),A$AP Rocky,LIVE.LOVE.A$AP,114.191,,7,5519,z88IxX2yAw4,,,,,
Brand New - A COLORS SHOW,Sevana,Brand New - A COLORS SHOW,81.983,,1,5520,mNw_WB7Lqfk,,,,,
Brand New,Drake,So Far Gone,94.542,,6,5521,WkOfuNwb_rE,,,,,
Brakhage,Stereolab,The Studio Album Collection 1992-2004,138.978,,6,5522,5rAh2S-bvyk,,,,,
Brahman,Lemongrass,Dreams Of Maya,140.041,,0,5523,g1M0NWhuL1s,,,,,
Boys & Girls,Alabama Shakes,Boys & Girls,111.296,,4,5524,CUYpRQfZiWI,,,,,
Boyish,Japanese Breakfast,Soft Sounds from Another Planet,106.727,,2,5525,aXTyZovrPuA,,,,,
Boyer,Kevin Abstract,ARIZONA BABY,163.955,,0,5526,IrjMK_eAKoQ,,,,,
Boy of Stranger Things,Ana Frango Elétrico,Me Chama De Gato Que Eu Sou Sua,101.856,,10,5527,cyOgrfXRaMo,,,,,
boy i'm on yo ass,Zack Fox,shut the fuck up talking to me,141.027,,1,5528,Fdw1TSIU4Hg,,,,,
Bout That (feat. Lil Wayne),Jeezy,Trap Or Die 3,77.374,,0,5529,0bkxhfVe9J8,,,,,
Bounty,Father,Young Hot Ebony 2,125.011,2:20,6,5530,LAWY4A5cmbA,,,,,
Bound 2,Kanye West,Yeezus,148.913,,1,5531,5gjKuISTMRE,,,,,
Bounce,Flatbush Zombies,3001: A Laced Odyssey,110.007,,5,5532,wx0FkZIsPtI,,,,,
Bottle Poppers,Wiz Khalifa;Curren$y,2009,132.547,3:07,2,5533,cmTR1Lg9fAc,,,,,
Boss,Little Simz,,95.205,,8,5534,5NAJu_GpK5c,,,,,
Boss,KEY! & Kenny Beats,,,,,5535,Os9EqD0CGk8,,,,,
BoRdErSz,ZAYN,,91.008,,7,5536,oXggf4yMccM,,,,,
Borderline with My Atoms,Hiatus Kaiyote,Choose Your Weapon,111.142,6:01,5,5537,aeXNsYZ7Wj4,,,,,
Borderline with My Atoms,Nai Palm,,111.384,,0,5538,-Y3JaPV5jTY,,,,,
Borderline (Blood Orange Remix),Tame Impala,,,,,5539,RFTQehvbThQ,,,,,
borderline,Ariana Grande,,110.99,,6,5540,TdPBMSrFqeg,,,,,
Borderline,Motherfuckers,,,,,5541,o1dF1FZkvZk,,,,,
Boom Child,Hiatus Kaiyote,,97.636,,2,5542,orH_s1-n4D8,,,,,
Boom (X3),Injury Reserve,,160.232,,10,5543,HebcqWdGzUw,,,,,
Boogieman,Childish Gambino,,87.992,,11,5544,TBq_IXHkwRg,,,,,
Bonus Beat,Flying Lotus,,94.129,,2,5545,SliKPmHRpks,,,,,
Bon Voyage,Chiiild,,125.957,,0,5546,oZ6PS8hKZBA,,,,,
Bomb First (My Second Reply),2Pac,,,,,5547,kFw72yhzWX8,,,,,
Bolivia,Giorgio Moroder,,165.249,,9,5548,ko3HYaDGulk,,,,,
Bold as Love,The Jimi Hendrix Experience,,,,,5549,ZYxfOxjswxc,,,,,
Boe Zaah,Mac DeMarco,2,,,,5550,vqYlzNCRrfs,,,,,
Body Sun,RY X,,121.97,,9,5551,FxTVuJwpwpQ,,,,,
Body of Work,Lupe Fiasco,,120.28,,8,5552,4MDhXHASRYk,,,,,
Body (Ambient),RY X,,,,,5553,HuqqzFDu_78,,,,,
Bodies Laughing,The Smile,Cutouts,131.085,4:57,2,5554,05OcmEA-Asg,,,,,
Bodega Flowers (feat. BJ The Chicago Kid),Skyzoo,All the Brilliant Things,,,,5555,dh5BCULi2y8,,,,,
BMO is Beautiful,Hiatus Kaiyote;Niki Yang,Love Heart Cheat Code,120.486,0:41,5,5556,b3ERfvMMiqs,,,,,
BMF,SZA,SOS Deluxe: LANA,128.023,3:00,10,5557,xU527KeTigo,,,,,
BM J.R.,Lil Wayne,Tha Carter,159.982,4:58,2,5558,7wNk-IY6byo,,,,,
Bluez,ZelooperZ,Van Goghs Left Ear,160.107,2:30,6,5559,JqhrxJwEx1w,,,,,
Blue Tick,Good Morning,The Option,136.415,2:02,9,5560,m_Z503WRWZM,,,,,
Blue Spaces,Sid Sriram,Sidharth,82.307,5:31,2,5561,_-e_812Ih7c,,,,,
Blue Sky And Yellow Sunflower,Susumu Yokota,Symbol,91.155,3:59,6,5562,iIEZSAGW-94,,,,,
BLUE,ZAYN,Mind Of Mine (Deluxe Edition),184.171,3:44,0,5563,Guy2nf8iELU,,,,,
BLUE,Billie Eilish,HIT ME HARD AND SOFT,142.01,5:43,7,5564,ir11ZA4lJJk,,,,,
Blu Billy,Smino,Luv 4 Rent,73.172,2:41,1,5565,NUI87cS1jfA,,,,,
Blu,Mura Masa,,74.993,,9,5566,-XNdxQz4ngQ,,,,,
Blow The Roof,Louis The Child;Kasbo;EVAN GIIA,Blow The Roof,,,,5567,cezojTtjcNU,,,,,
Blow Out,Radiohead,Pablo Honey,141.537,4:42,11,5568,ocQImpRfPMk,,,,,
Blow My Mind,Say She She;Piya Malik,Blow My Mind,151.478,,1,5569,Dcqzw8oHKCY,,,,,
Blow My High (Members Only),Kendrick Lamar,Section.80,119.933,,9,5570,rdYqOgoKEyk,,,,,
Blow It,ICYTWAT,Siddhi World (Deluxe),150.976,2:32,8,5571,4LuG92EplZA,,,,,
Blow Away,Kate Bush,Never for Ever,98.881,,8,5572,r3GsKHlJj18,,,,,
Blossom Dearie,Ravyn Lenae,Moon Shoes EP,108.124,,10,5573,-UFDGh6X-3I,,,,,
Blossom,Milky Chance,Blossom,119.99,,4,5574,lqKMiji_5pw,,,,,
Blossom,Porter Robinson,Nurture,174.274,,7,5575,cztAPN8U5uY,,,,,
Bloodflood,alt-J,An Awesome Wave,130.028,,6,5576,ciK0_MaWx4Q,,,,,
Blood Walk (feat. Lil Wayne),YG;D3szn,My Life 4Hunnid,107.952,,2,5577,ogChUBYDiJw,,,,,
Blood,Grapetooth,Grapetooth,120.018,,7,5578,bB5jDl8aU2w,,,,,
Blockades,Muse,Simulation Theory (Super Deluxe),127.044,,7,5579,Onwo-SWgI1o,,,,,
Blkoscars (feat. Jay2),Smino,blkswn,103.652,,1,5580,c1qyelBnjew,,,,,
Blisters,STRFKR,Vault Vol. 3,99.958,,0,5581,tOHbsnAr_kk,,,,,
Blindsided,Bon Iver,"For Emma, Forever Ago",115.289,5:29,10,5582,vschq2SYrFE,,,,,
"Blessings (feat. Ty Dolla $ign, Anderson .Paak, BJ The Chicago Kid & Raury)",Chance the Rapper,Coloring Book,72.348,,10,5583,ix0veVJdmFk,,,,,
Blessings (feat. Jamila Woods),Chance the Rapper,Coloring Book,72.348,,10,5584,XdpGJSe44_o,,,,,
Blessings,Cousin Stizz,Just for You,145.518,,5,5585,gudgWdCWikE,,,,,
Blessed,Justice Der,Favorites,154.046,,11,5586,cCW3HoksQIk,,,,,
Blessa,Toro y Moi,Causers Of This,99.933,,3,5587,y_9geXMrvGk,,,,,
Blem,Drake,More Life,98.067,,7,5588,Kf1RjCJTGwE,,,,,
Bleeper,STRFKR,Vault Vol. 3,89.933,,9,5589,_Uxu9DeFelM,,,,,
Bleacher Babe,Soft Glas,Orange Earth,157.881,,1,5590,bfqtWOxIcGM,,,,,
Blaxploitation,Noname,Room 25,100.987,,11,5591,uT3uK24vL6w,,,,,
Blasé [Louis the Child Remix] (feat. Future & Rae Sremmurd),Ty Dolla $ign,Blasé (Remixes),,,,5592,pFaLhzFzGs4,,,,,
Blast,Clams Casino,32 Levels,125.957,,6,5593,YcrBSTikeVM,,,,,
Blasphemy,2Pac,The Don Killuminati: The 7 Day Theory,,,,5594,3gH0PoLKA2w,,,,,
Blank Face (feat. Anderson .Paak),ScHoolboy Q,Blank Face LP,145.906,,4,5595,yDRg4ccxhSk,,,,,
Blame Game (feat. John Legend),Kanye West,My Beautiful Dark Twisted Fantasy,80.305,,10,5596,6mp72xUirfs,,,,,
Blackkk,Thundercat,Drunk,92.534,,2,5597,QWTj8vt4nY0,,,,,
blackjack,Gunna,One of Wun,155.059,,4,5598,_KMQoFU6zdY,,,,,
Black THougHts,ScHoolboy Q,Blank Face LP,153.998,,11,5599,LZgiwfYDHOo,,,,,
Black Star,Radiohead,The Bends,158.671,4:07,7,5600,d7lbzUUXj0k,,,,,
Black Radio (feat. Yasiin Bey),Robert Glasper Experiment,Black Radio,,,,5601,PhzXK3275tg,,,,,
"Black Qualls (feat. Steve Lacy, Steve Arrington & Childish Gambino)",Thundercat,It Is What It Is,97,,7,5602,IOHbF1Zg4S0,,,,,
Black Plant (feat. Alex Turner & Miles Kane),The Last Shadow Puppets,The Age Of The Understatement,173.701,4:02,9,5603,8uHhSX9AKpw,,,,,
Black Magic Woman / Gypsy Queen,Santana,Abraxas,124.033,,2,5604,I_SOAdAxFfo,,,,,
Black Lipstick,Chicano Batman,Black Lipstick,121.465,,11,5605,TmFcRu62z64,,,,,
Black Heart,The Expendables,Sand in the Sky,86.531,,3,5606,uCKcCDbzazo,,,,,
Black Goose,Priya Ragu,Santhosam,103.37,,7,5607,6ZRGWZiEARw,,,,,
Black Friday,Tom Odell,Black Friday,,,,5608,KZTYeNIxhGY,,,,,
Black Folk,ScHoolboy Q,CrasH Talk,155.099,,2,5609,CgZ4Au-rOZM,,,,,
Black Card (feat. A$AP Rocky & Smooky MarGielaa),A$AP Mob,Cozy Tapes Vol. 2: Too Cozy,129.976,,7,5610,7vx9fKmpF-0,,,,,
Black Car,Beach House,7,77.459,,0,5611,c-1P5fm5yHM,,,,,
Black Boy Fly (Bonus Track),Kendrick Lamar,"good kid, m.A.A.d. city (Deluxe)",,,,5612,JPphvDon1B8,,,,,
Black & Ugly (feat. BJ The Chicago Kid),Rapsody,Laila’s Wisdom,80.345,,4,5613,q3ExQfmFD58,,,,,
Bla,STRFKR,Vault Vol. 3,145.04,,7,5614,q2CcAGIEZ3o,,,,,
BITTERSUITE,Billie Eilish,HIT ME HARD AND SOFT,125.021,,9,5615,ClyVKnfBIO8,,,,,
"Bitch, Don’t Kill My Vibe (Remix) (feat. Emeli Sandé)",Kendrick Lamar,"Bitch, Don't Kill My Vibe (Remix)",,,,5616,Wo-DMWxQvj0,,,,,
"Bitch, Don’t Kill My Vibe",Kendrick Lamar,"good kid, m.A.A.d. city",133.954,,1,5617,Xl9xXuHHkoc,,,,,
Bitch Where,Chief Keef,4NEM,80.766,,8,5618,qYlnmhD9jEQ,,,,,
Birthday Cake,Rihanna,Talk That Talk,80.011,,3,5619,LspVGgquj4E,,,,,
BIRHADA,EXCISE DEPT,SAB KUCH MIL GAYA MUJHE VOL 1,137.092,,6,5620,45Pmrm2Bto8,,,,,
BIRDZ (feat. Rick Ross),Denzel Curry,ZUU,77.542,,1,5621,Z_aQt3rtpXc,,,,,
Bird Call,Mac Miller,Watching Movies with the Sound Off,100.045,,1,5622,Geze04Vw7zM,,,,,
BiPolar (feat. Quavo),Gucci Mane,Evil Genius,157.083,,8,5623,dRlq89R8xzw,,,,,
Biohazard Butterfly,Princess Nokia,Metallic Butterfly,123.923,,9,5624,S3Vo_b-wYBI,,,,,
Bin Tere Sanam,Dj Suketu,"Indian Club Night, Vol.1",128.986,,2,5625,nGiX7NExJUw,,,,,
Billie Bossa Nova,Billie Eilish,Happier Than Ever,110.023,,7,5626,4RGkfHOHH7w,,,,,
BILLI (feat. Future),EARTHGANG,GHETTO GODS,155.048,,1,5627,zED7jO85Y2c,,,,,
Big Titties (feat. Baauer & EarthGang),Rico Nasty;Kenny Beats,Anger Management,170.037,2:53,1,5628,Wi6flUAbN4k,,,,,
Big Mouth,Santigold,Master of My Make-Believe,139.982,,9,5629,jupPmaOgINA,,,,,
Big Jet Plane,Angus & Julia Stone,Down The Way,,,,5630,nZks-gWcLY4,,,,,
Big Hoe Me,Maxo Kream,Personification,151.916,,10,5631,qCYO2PO2grE,,,,,
Big Game Fishing,Curren$y,,174.008,,1,5632,EPpQz5KQlEQ,,,,,
Big Brother,Kanye West,,77.556,,11,5633,HInIGGXhJHs,,,,,
Big Boss (Interlude),Victoria Monét,,155.974,,1,5634,fei0xKtXXQw,,,,,
Big Body,ScHoolboy Q,,116.012,,1,5635,q2ClOjQGeGI,,,,,
Big Blue,Vampire Weekend,,149.965,,7,5636,t-atcuz_9LE,,,,,
bielzinho/bielzinho,O Terno,,,,,5637,mOjgtiu45Fw,,,,,
Bichon Frise,Father,Young Hot Ebony 2,119.999,2:14,1,5638,fTfJFxTX6r0,,,,,
Bi,SahBabii,,142.1,,7,5639,QEHdVdCBvXI,,,,,
Bhare Naina,Vishal-Shekhar,,147.21,,1,5640,QSovkFvJW6k,,,,,
Beyond Love,Beach House,,160.361,,11,5641,YdQz6NltncU,,,,,
Beyonce (Interlude),Maxo Kream,,148.025,,1,5642,PmzlQZUEvHc,,,,,
Bewitched,Laufey,,138.953,,1,5643,h1ZhKoSNwjI,,,,,
Between the Trees,Akira Kosemura,,129.521,,9,5644,RvV-AHi5oOg,,,,,
Between The Lines,Aminé,,104.995,,11,5645,4ESErHIoG6w,,,,,
Between The Bars,Elliott Smith,An Introduction To Elliott Smith,,,,5646,m_suBM07hLc,,,,,
Between Love & Hate,The Strokes,,104.179,,9,5647,b2A4gJnHsVg,,,,,
Betty White,Ivy Lab;Barclay Crenshaw,Stars E.P,84.406,3:51,11,5648,39TuRc-ifYo,,,,,
Better Things,Jaden,,79.973,,11,5649,amMDqIrHSRI,,,,,
Better Things,A$AP Rocky,AT.LONG.LAST.A$AP,100.762,3:19,1,5650,KkwAlhtMDRo,,,,,
Better Than I Imagined,Robert Glasper,,143.832,,10,5651,ZbCurPCisCY,,,,,
Better Numb,Blood Orange,Freetown Sound,102.343,3:01,16,5652,aIDeGEkp3SI,,,,,
Better Now,ODESZA;MARO,Behind The Sun,88.696,3:14,6,5653,V4ryc6AcfKE,,,,,
Better,SiR,November,179.794,4:12,10,5654,GZLKayO-4eQ,,,,,
Betsy,Big Thief,U.F.O.F.,78.322,3:28,1,5655,3PujE1O1MlY,,,,,
Bet,D. Savage,BPL,140.061,2:22,0,5656,VuFfcp9b63I,,,,,
Best Spot in the House,Injury Reserve,Injury Reserve,64.516,3:18,4,5657,WXjt-C8Zgng,,,,,
Best Part (feat. H.E.R.),Daniel Caesar;H.E.R.,H.E.R.,75.205,3:29,4,5658,zNhtz0Lygik,,,,,
Best One,NxWorries,Yes Lawd!,83.661,3:14,1,5659,HnghCNaXg7w,,,,,
Best Man,Huncho Jack;Travis Scott;Quavo,"Huncho Jack, Jack Huncho",106.859,4:26,8,5660,iQEzBiThia4,,,,,
Best I Ever Had,STRFKR,Vault Vol. 2,107.683,0:48,5,5661,6hCA9o1gVcI,,,,,
Best I Ever Had,Drake,So Far Gone,162.361,4:17,1,5662,Zfp3KfYH0xA,,,,,
Best Friend,Saweetie,,94.018,,4,5663,4GLTtf1t838,,,,,
Best Days,Alessia Cara,In The Meantime,77.594,3:31,6,5664,MySI7qXIIbw,,,,,
Best Believe,Xavier Wulf,"Greatest Hits, Pt. 1",139.998,,1,5665,Rb_akLE-r1k,,,,,
Beside April (feat. Karriem Riggins & Arthur Verocai),BADBADNOTGOOD,Talk Memory,132.674,5:14,20,5666,jxfJPwN_hSU,,,,,
Berry Streets,Go Yama;Chon,Homey,139.927,,6,5667,HhdFtHZb8-s,,,,,
BERLIN,BROCKHAMPTON,iridescence,142.087,,11,5668,jEOKgPiFe5s,,,,,
Berlin,RY X,Dawn,136.938,,7,5669,yfxDLkUuLRM,,,,,
Berlin (feat. Porches & Ian Isiah),Blood Orange,Angel's Pulse,146.153,,2,5670,l3Fc7qU-G_0,,,,,
Benz Friendz (Whatchutola) (feat. André 3000),Future;André 3000,Honest,93.454,4:41,4,5671,Sl9a5sLDq3Q,,,,,
Benz Boys (feat. Ty Dolla $ign),Wiz Khalifa;Curren$y;Ty Dolla $ign,2009,171.969,3:38,9,5672,3jKaPtQbfOY,,,,,
Bentayga,ian,Valedictorian,71.588,,8,5673,Fo_8p0vgPNI,,,,,
bend,OAKK,patience,136.034,,1,5674,c2goRaTDZ94,,,,,
Belt,MIKE;Tony Seltzer,Pinball II,164.098,,0,5675,hE4a8dwfwIU,,,,,
Below The Clavicle,Eartheater,Phoenix: Flames Are Dew Upon My Skin,120.314,,4,5676,z4WPKE3FSS8,,,,,
Belle Glade Missionaries,of Montreal,Lousy with Sylvianbriar,116.386,,6,5677,7NsahrfalAI,,,,,
bella hadid,9090gate,bella hadid,72.187,2:23,7,5678,UStQ8zsZe3c,,,,,
Believer,M.I.A.,MAYA (Deluxe),96.073,3:11,3,5679,eCYFx2JVwCw,,,,,
Behold,Hudson Mohawke,Cry Sugar,165.214,2:20,11,5680,5jdmHBRpiNQ,,,,,
Behind The Sun,ODESZA,The Last Goodbye (Deluxe Edition),140.044,,6,5681,y1cYKdWAly8,,,,,
Beginner Space,STRFKR,Vault Vol. 2,115.879,,0,5682,1YhqfRNLgZs,,,,,
Beggin' On Your Knees (feat. Victoria Justice),Victorious Cast,Victorious: Music From The Hit TV Show,130.013,,5,5683,QB9l5wMb77Q,,,,,
BeFoUr,ZAYN,Mind Of Mine (Deluxe Edition),102.005,,4,5684,NC8CZ-BIbrY,,,,,
Before the Water Gets Too High,Parquet Courts,Wide Awake!,150.025,,0,5685,7s65Zc6ULbo,,,,,
Before My Ears Explode,Good Morning,Shawcross,124.961,,4,5686,iVsfgFIqqMg,,,,,
Beez (feat. RZA),Kid Cudi,Indicud,159.94,,8,5687,GiFvh3Ut6T0,,,,,
Bed (feat. Ariana Grande),Nicki Minaj,Queen,90.013,,7,5688,KIuw95cAv2Y,,,,,
Because,Smerz,Okey,205.843,,1,5689,hvdUlYNDbn4,,,,,
Bebe Kids,Zelooperz,Dali Aint Dead,99.899,,1,5690,5NGSeEhOZbU,,,,,
Beauty & Essex (feat. Daniel Caesar & Unknown Mortal Orchestra),Free Nationals,Free Nationals,69.709,,11,5691,5oVpO81LKYk,,,,,
Beautiful Tango/ Tuyo,Harini Iyer,Beautiful Tango/ Tuyo,125.123,,10,5692,T5ZDbTAQnRQ,,,,,
Beautiful Oblivion (feat. IDK),The Neighbourhood,Hard To Imagine The Neighbourhood Ever Changing,87.296,,1,5693,Z6oGDtJhP-E,,,,,
Beat Da Odds,Tony Shhnow;Mike & Keys,Self Portrait,132,,9,5694,O7equcWes4E,,,,,
Beat 8,STRFKR,Vault Vol. 2,99.092,,5,5695,G-hCgvYZAIU,,,,,
Beat 4,STRFKR,Vault Vol. 2,87.283,,0,5696,BE8mNAhpkN8,,,,,
Beamin',Cousin Stizz,Trying To Find My Next Thrill,115.997,,0,5697,Tarzkwctibc,,,,,
Be Somebody (feat. A$AP Rocky & Lil B),Clams Casino,32 Levels,182.964,,1,5698,pFgj6454_nY,,,,,
Be Released,Virginia Wing,Ecstatic Arrow,119.998,,7,5699,2m9Rruue5xI,,,,,
Be Mine,Alabama Shakes,Boys & Girls,148.954,,6,5700,Oc2uDhlO1ig,,,,,
Be Leave,STRFKR,Vault Vol. 2,109.056,,7,5701,L9RS7N3xvGM,,,,,
Bbydhyonchord,Aphex Twin,Drukqs,122.97,,10,5702,IYKajhHfL4Q,,,,,
BBQ,Ivy Lab,Press Play,79.884,,8,5703,wYZuKVgOH8M,,,,,
BB Poison,Death Grips,Bottomless Pit,131.749,,1,5704,amRjSFEPpBs,,,,,
Batman,Jaden,SYRE,139.939,,3,5705,fSOmfQv44TM,,,,,
Bath House,Puma Blue,In Praise Of Shadows,75.384,,0,5706,v9x_871keb4,,,,,
Bass Cannon,Flux Pavilion,This Is Dubstep Anthems,139.974,,6,5707,aOQ57uZpXMk,,,,,
Basis,Navy Blue,Memoirs In Armour,146.318,,6,5708,gWcG741rR3w,,,,,
Bashi Mwana,Musi-O-Tunya,Give Love to Your Children,130.284,3:14,1,5709,ZRuxz70oP3k,,,,,
Basement Jack,Steve Lacy,Apollo XXI,174.881,1:49,8,5710,NisEx7tBBZo,,,,,
Basement Freestyle,Travis Scott,DAYS BEFORE RODEO,134.008,,6,5711,epMmsFO2WPQ,,,,,
Barse,Zoh & Mitika Kanwar,Barse,,,,5712,pEHwDI1pBTU,,,,,
Bario Alto,Thievery Corporation,Mirror Conspiracy,113.474,,9,5713,yZcM39pBuIM,,,,,
Barbie Tingz,Nicki Minaj,Barbie Tingz,102.449,,6,5714,-_g_eN39ZSg,,,,,
Barbie Dreams,Nicki Minaj,Queen,87.983,,8,5715,kmwiMuaEZiE,,,,,
BANSHEE,Heems;Sid Vashi;Cool Calm Pete,VEENA,76.337,,11,5716,5Q3But2RrM0,,,,,
Bank Statements (feat. Luh Tyler),Tony Shhnow;Mike & Keys,Self Portrait,161.914,,0,5717,Tj_bRoX-v2k,,,,,
Bangers + Mash,Radiohead,In Rainbows (Disk 2),135.991,,9,5718,wozwbfY2p1Q,,,,,
Bane,alt-J,The Dream (CARBS Remix Edition),139.622,,9,5719,NLExaOUjp2s,,,,,
bane,Zack Fox,shut the fuck up talking to me,114.986,,5,5720,VDUd_Gj-a_c,,,,,
Bandito,twenty one pilots,Trench,127.089,,11,5721,4AkgN8ke4kY,,,,,
9th Wonder,Sport Mathews,Earned Not Given Pt. 1: Cunningham Dr.,,,,5722,eJ3NmcHXhP0,,,,,
Banana Clip,Miguel,War & Leisure,84.978,,1,5723,vbjiEFBgDZI,,,,,
Balls and Pins,Khruangbin,The Universe Smiles Upon You,110.371,,2,5724,hN_2hMw0e6U,,,,,
balloons (feat. Jay Electronica & Eryn Allen Kane),Noname,Sundial,86.407,,6,5725,d71qAwfHa0Q,,,,,
Ballad of Lemons,Blonde Redhead,Melody of Certain Damaged Lemons,191.845,,1,5726,i3nRi18FcL8,,,,,
Balenciaga Challenge (feat. Offset),6LACK,East Atlanta Love Letter,142.959,,5,5727,b8qjjmoTpN8,,,,,
Balance (feat. PnB Rock & dvsn),Roy Woods,Say Less,122.046,,9,5728,fiizGC5Scog,,,,,
Bairi Birhaa,Amit Trivedi;Varsha Singh Dhanoa;Geet Sagar,Songs Of Trance 2,,,,5729,nE4CjPwZQiA,,,,,
Bahm Bahm,Nicki Minaj,Pink Friday 2,83.023,,9,5730,bQy3sIV4Ekc,,,,,
Bahdeni Nami,Omar Souleyman,,119.9,,0,5731,yxwwUzkQI3c,,,,,
BAGGY,TisaKorean,BAGGY,157.017,1:43,1,5732,RB637l1R5t8,,,,,
Bag Talk,Joey Purp,,140.035,,0,5733,44xvg_XqnB4,,,,,
Bag Shipped,RRoxket,RRoxket,,,,5734,wBiv_1hqZWM,,,,,
Pretty and Petty,Charlie Curtis-Beard,,,,,5735,90enRRVAD2w,,,,,
baddest in the room,Cash Cobain,PLAY CASH COBAIN,,,,5736,jadyY-lY0iE,,,,,
Bad Trip (Interlude),Jhené Aiko,,,,,5737,-jLNOf6eNlU,,,,,
Bad Things,Milky Chance,,110.058,,0,5738,w14JWHTvJ4c,,,,,
Bad Religion,Frank Ocean,,83.331,,9,5739,JMpypbtrcCg,,,,,
Bad Luck,SL,,118.103,,10,5740,SPISiklZHWo,,,,,
Bad Habits,The Last Shadow Puppets,,88.967,,9,5741,oMHdg4E-Q8A,,,,,
Bad Feeling,Garden City Movement,,104.972,,2,5742,UuNAdFCv654,,,,,
Bad bye,MAMAMOO,,139.917,,6,5743,RDWyDrYwhrg,,,,,
Bad Boys 3,Injury Reserve,,170.085,,11,5744,0rbJsxPbBJI,,,,,
Bad and Boujee (feat. Lil Uzi Vert),Migos;Lil Uzi Vert,Culture,127.079,5:43,11,5745,dKOriO-2VHA,,,,,
Bad,Polyphia,,92.506,,4,5746,odNwEtKIBkg,,,,,
Backyard,Travis Scott,,139.88,,2,5747,XKXSe_H9H3M,,,,,
Backup Plan,Yung Heazy,,104.039,,4,5748,l3H59_YDoOQ,,,,,
Backdrifts,Radiohead,Hail To the Thief,93.065,5:22,11,5749,BTjQsshhPtM,,,,,
Back2Serve’n,El Snappo,Back2Serve’n,146.012,2:31,7,5750,elET0ivcVCQ,,,,,
Back To You,Ekali,,94.997,,0,5751,QqHRON6vu14,,,,,
Back To You,Ownglow,Back To You [UKF10],86.994,4:24,3,5752,NQVZZ8Px25Q,,,,,
back to the moon,Gunna,a Gift & a Curse,143.943,3:13,5,5753,o8H5X2MCTaA,,,,,
Back To Life,ZAYN,Icarus Falls,92.078,3:15,9,5754,OhbNokxSmcg,,,,,
Back to Earth,Parquet Courts,Wide Awake!,120.934,3:54,2,5755,0Q_G08LOVs8,,,,,
Back Then,Injury Reserve,Floss,94.671,3:20,0,5756,ZT9DH1VWcrA,,,,,
Back That Up To The Beat (Demo Version),Madonna,,,,,5757,h3QapHwRs9U,,,,,
Back It Up,Roy Woods,,77.084,,4,5758,3dpMJPcdsR4,,,,,
Back homë,Yeat,AftërLyfe,113.99,3:30,10,5759,Hw2lQHmZ1Z0,,,,,
Back Home,A$AP Rocky,,84.861,,7,5760,996Nbfg7NvY,,,,,
Back Around,THEY.,Nü Religion: HYENA,163.99,2:52,11,5761,ICLmpr2sIO0,,,,,
Back Against Da Wall,Three-6 Mafia,,,,,5762,5afesh_9avg,,,,,
BACC (Bonus),Travis Scott,DAYS BEFORE RODEO,121.993,2:10,1,5763,c-5LOU105Ag,,,,,
Babydoll,Dominic Fike,"Don't Forget About Me, Demos",168.007,,7,5764,UnuEzP1rDLY,,,,,
Baby You're Out,Mac DeMarco,This Old Dog,,,,5765,tiozpjKYGxg,,,,,
BABY ROYAL,Skrillex;Varg2™;Eurohead;Whitearmor,F*CK U SKRILLEX YOU THINK UR ANDY WARHOL BUT UR NOT!! <3,150.275,,6,5766,3vKebHqQMf4,,,,,
Baby Grey,Ivy Lab,Critical Music Presents: Underground Sonics (Copy),173.99,,5,5767,rs3WJYxRIuk,,,,,
Baby Don'chu Worry,Yung Heazy,Whenever You're Around I Hate Everything Less,93.303,,11,5768,BNBZErdpu1g,,,,,
Baby Doll,N.E.R.D.,In Search Of...,,,,5769,nVbfQEn8uGE,,,,,
Baby Blue (feat. Chance the Rapper),Action Bronson,Mr. Wonderful,85.027,,6,5770,onzNznX-TlI,,,,,
Baby Blue,King Krule,6 Feet Beneath The Moon,102.488,3:35,3,5771,nDdN1UDyC94,,,,,
baby beat (Unfinished),Jai Paul,Leak 04-13 (Bait Ones),,,,5772,rcNNiuGkHlk,,,,,
Baby,Tei Shi,Crawl Space,99.982,,7,5773,A0hTrdUCCnE,,,,,
Baby,NAV,Demons Protected By Angels,132.099,,6,5774,OMdEaCAcGB4,,,,,
Babushka,Till Apes,"Apes & The Sapiens, Pt 1",106.287,,9,5775,tFib3rTK0oo,,,,,
Babuji Dheere Chalna,Raaga Rebels,Battle Of Bands International - Episode 21,,,,5776,yyeu63JUlEA,,,,,
Ba Gi Lam (Fighting),Yirinda,Yirinda,121.029,,10,5777,u7N9MUHrLMQ,,,,,
B-Town,Roy Woods,Say Less,112.01,,6,5778,_ACisHhUovE,,,,,
B Role,Smino,blkswn,106.446,,1,5779,ndWcHIcHDPY,,,,,
B (Electric),Jaden,SYRE: THE ELECTRIC ALBUM,,,,5780,vXRJa2IIqo4,,,,,
B,Jaden,SYRE,144.487,,2,5781,U7lCIcLGkL8,,,,,
Açaí Bowl,Dominic Fike,Açaí Bowl,91.972,,2,5782,sHoHX7Q369Q,,,,,
Azucar,Earl Sweatshirt,Some Rap Songs,106.175,,1,5783,188lJwrhmic,,,,,
Ayinger Märzen,Raz Fresco;Figub Brazlevic,777,90.918,,9,5784,veEbWdjomzs,,,,,
Ayihlale Phansi,Thakzin;Nobuhle,Ayihlale Phansi,115.995,,11,5785,URRUsPu8KNI,,,,,
AYE! (FREE THE HOMIES),Vince Staples,RAMONA PARK BROKE MY HEART,95.022,3:05,3,5786,JYP0S4IPPDc,,,,,
AYE SAY GANG,Future,MIXTAPE PLUTO,120.021,,7,5787,LUuvfzdvMz4,,,,,
Ayala (Outro),XXXTENTACION,17,83.485,,9,5788,NxMJvb2inyA,,,,,
AWAY,Davido,Timeless,,,,5789,n2Ni5u1__Ws,,,,,
Awa Funk,RamonPang,Dream Disc,,,,5790,7TIn3AMT6O4,,,,,
Avoidism,Your Stepdad,Your Stepdad (Deluxe),84.942,,6,5791,TozyrRWUgRk,,,,,
The Dream Synopsis (The Dream Synopsis EP Version),The Last Shadow Puppets,The Dream Synopsis,,,,5792,47nmM8KktuU,,,,,
Aviation,The Last Shadow Puppets,Everything You’ve Come To Expect,172.978,,0,5793,228o3eqlt58,,,,,
Average Joe,Kendrick Lamar,Overly Dedicated,91.603,,9,5794,0jHV0HxQQGw,,,,,
Avenue,H.E.R.,H.E.R.,83.061,,8,5795,246Qmr84RRc,,,,,
Automatic Stop,The Strokes,Room On Fire,105.921,,1,5796,wveUjX6KFR8,,,,,
Aura,Gayathri Krishnan,Create to Express,135.158,,0,5797,gD83CMq5Zs4,,,,,
Family Owned And Operated,Chef Boy Freddy,Family Owned And Operated,,,,5798,ddLRTTJoeZk,,,,,
Augustine,Blood Orange,Freetown Sound,119.99,,6,5799,1J0zuFOgX-M,,,,,
August Twelve,Khruangbin,The Universe Smiles Upon You,167.633,6:13,6,5800,7-hLkwlsD-M,,,,,
atrás/além,O Terno,<atrás/além>,,,,5801,Rzb_H3mwabw,,,,,
Atoms For Peace,Thom Yorke,The Eraser,134.972,,1,5802,LADUFdQveIM,,,,,
Atlas Novus,Scale The Summit,Scale the Summit - Digital Collection,160.037,,7,5803,Qzs6cfjVYWo,,,,,
"ATL Sh*t (feat. Ash Lauryn, Kai Alcé, Niyah & Divine Interface)",Stefan Ringer,ATL Sh*t,120.01,7:46,5,5804,vgBymBO06yw,,,,,
ATL Freestyle 1 (feat. Luh Tyler & Rob49),Veeze,ATL Freestyle 1 & 2,93.064,,2,5805,jwF-NDkM9QQ,,,,,
Atavista,Childish Gambino,Atavista,89.98,,7,5806,4qUQpkzALQQ,,,,,
Atari,Hiatus Kaiyote,Choose Your Weapon,158.089,,9,5807,JFbhqeQ8IP8,,,,,
Atari,Nai Palm,Needle Paw,152.641,,4,5808,kgrwehSFVpc,,,,,
ASTROTHUNDER,Travis Scott,ASTROWORLD,151.901,,4,5809,nZo1pPyNExo,,,,,
Astrothunder,Justice Der,Favorites 3,140.939,,6,5810,B2IXfEyn0E0,,,,,
Astral,"The North Siders, Nilek, Biggo Mane, and Verso332","The North Siders, Vol. 2",,,,5811,Gd8kIG7bIYc,,,,,
Ass Like That,Eminem,Encore,83.093,,2,5812,rm4vsbU7KDo,,,,,
Asleep,Majid Jordan,The Space Between,110.968,,1,5813,4KKwg9h5mhM,,,,,
Asha’s Kiss (feat. Asha Puthli),Raveena,Asha’s Awakening,129.961,,7,5814,X403bI-OXfQ,,,,,
Ascension (feat. Brandy),Jhené Aiko,Trip,93.906,,0,5815,4ADk3rRnZEQ,,,,,
Aruna,DJ Koze,Music Can Hear Us,122.067,3:54,11,5816,JNP4Gs15DVg,,,,,
ART,Tyla,TYLA,116.228,,1,5817,fOlBs5sVW00,,,,,
Arrival to the Garden of Cosmic Speculation (Intermission),Raveena,Asha’s Awakening,85.759,,5,5818,jCAu5k0AtW4,,,,,
Arrival in Nara,alt-J,This Is All Yours,119.523,,9,5819,EiF7EHgJOgg,,,,,
Around Me,Brent Faiyaz,Lost,75.067,3:03,1,5820,MmTXSFniHrM,,,,,
Around Me,RL Grime,PLAY,140.001,,1,5821,poMQKAGd2EM,,,,,
Aroeira,Branko;BaianaSystem,Soma ∞,135.027,,4,5822,4VBkNZQ1t3Q,,,,,
Army Dreamers,Kate Bush,Never for Ever,144.002,2:58,4,5823,g4MtCPlFj1Q,,,,,
ARMED,Sukha;Prodgk,UNDISPUTED,96.943,2:04,7,5824,nVuwpg18-Yw,,,,,
Arkestra,Alix Perez;Ivy Lab,Arkestra EP,87.003,,11,5825,WEJ6puHTGzc,,,,,
Arc'teryx,YT,Arc'teryx,147.992,,6,5826,EK4oVS9RIKY,,,,,
Arc de Triomphe,Aminé,13 Months of Sunshine,129.967,,8,5827,r-VMj-7ta4g,,,,,
Aquarium,Mac Miller,Watching Movies with the Sound Off,142.147,,4,5828,8zS_f1ypHic,,,,,
Aquarelle,Men I Trust,Headroom,113.994,,9,5829,9QSAOvXlnCs,,,,,
Apple,Sam Evian,"You, Forever",140.175,,8,5830,HbfkYpVSDmo,,,,,
Apple,Charli xcx,,126.035,,0,5831,FzH8p8hhxLA,,,,,
Anywhere,Anderson .Paak,,79.031,,7,5832,KswoqrE_OH4,,,,,
Anytime of the Year,Yung Heazy,Whenever You're Around I Hate Everything Less,170.277,3:48,7,5833,e72B77nXGiU,,,,,
Anytime,Snail Mail,,94.646,,1,5834,HWzecTzJVBM,,,,,
Anything We Want,Fiona Apple,,98.497,,0,5835,wKtOAdeHcYc,,,,,
Anything,SZA,,151.798,,0,5836,RLSp8lcaS2Q,,,,,
Anybody,Sam Evian,,75.818,,5,5837,9TVxMGOCScQ,,,,,
Antidote,orion sun,,81.917,,1,5838,mWCzC4QcgU8,,,,,
Anpanman,BTS,,99.004,,1,5839,EBf6lwkChnQ,,,,,
Another's Arms,Coldplay,,160.023,,8,5840,4EYN8yeReTE,,,,,
Another Time,NxWorries,,88.004,,0,5841,s4WIwTLxDlM,,,,,
Another Lover,Little Dragon,,80.983,,5,5842,a5OLk6PgIds,,,,,
Anointed,Miguel,,131.206,,4,5843,N9EVXbvKVAw,,,,,
Annie,Mac DeMarco,2,,,,5844,UWhG48NqRzI,,,,,
Anita,Smino,,63.654,,1,5845,FWW9YYTz5T8,,,,,
Ani Kuni,Polo & Pan,,120.998,,0,5846,3rQLRRFFEWk,,,,,
Angsty,MIKE,,135.062,,10,5847,DKR8LzE5YL4,,,,,
Angesteckt,Nepumuk,,84.297,,4,5848,wIF8PcIAolQ,,,,,
Angels (When She Shuts Her Eyes),Mac Miller,Macadelic (Remastered Edition),139.786,3:23,11,5849,y9tl9RmCn2M,,,,,
Angels,Chance the Rapper,,155.07,,10,5850,c3WjFk47NqI,,,,,
Angels & Devils,Michael Christmas,Role Model,93.991,3:03,6,5851,cW95ypgo0Ng,,,,,
Angels,A$AP Rocky,LONG.LIVE.A$AP (Deluxe Version),120.548,3:47,8,5852,NYlY4-s85U4,,,,,
Andy G,Young Nudy,Faded In The Booth,123.987,3:29,8,5853,is5vJuo-27A,,,,,
Andromeda,Flying Lotus,Flamagra,78.406,1:28,4,5854,w1uqTTlU8CI,,,,,
Andrea Bocelli,ZelooperZ,Van Goghs Left Ear,119.964,2:16,8,5855,PFuu6oBnWz0,,,,,
And We Go Gentle,Hiatus Kaiyote,Mood Valiant,71.826,3:23,4,5856,ibWtF5LEazg,,,,,
"And That, Too.",BADBADNOTGOOD,IV,171.862,4:31,7,5857,lHSe1nVAB6s,,,,,
And It Rained All Night,Thom Yorke,The Eraser,133.318,4:15,1,5858,Ipun8tZt5MY,,,,,
And I Love Her,Kurt Cobain,Montage Of Heck: The Home Recordings,96.638,2:04,1,5859,f8NIOS7XkYY,,,,,
Anchi Bale Game,Admas,Late Night Tales: Badbadnotgood,118.57,5:14,11,5860,3gOxDd-Dh4c,,,,,
"Anandmay (feat. Abhi Shakti, Piyush Ambhore & Vilohitt)",Shikriwal,Natya Alaapika,99.585,4:12,10,5861,vUj4u0Gbw-I,,,,,
Analyse,Thom Yorke,The Eraser,100.007,4:02,1,5862,MnMUdko6ljs,,,,,
An Infinite Regression,Animals As Leaders,Weightless,131.768,3:25,2,5863,y1FvXw9YMD4,,,,,
An echo from the hosts that profess infinitum,Shabazz Palaces,Black Up,113.1,,7,5864,Y0NDbCCZl50,,,,,
An Audition,Thom Yorke,Suspiria (Music for the Luca Guadagnino Film),86.788,,3,5865,KDisTTHQ880,,,,,
Amuleto,Rodrigo y Gabriela,Rodrigo Y Gabriela (Deluxe Edition),,,,5866,UDDd3iKeLeo,,,,,
AMOR,Danny Ocean,REFLEXA,97.93,,1,5867,uy4RnlSKjq4,,,,,
AMMADI,SJY;Dan Rafaael,AMMADI,130.139,,9,5868,Y4iwA0Hhg2E,,,,,
Aminals,Baths,Cerulean,95.002,,8,5869,DOe_MDaoLPc,,,,,
Amiee,STRFKR,Vault Vol. 3,94.989,,0,5870,fMTbpcWJQ70,,,,,
AMI JAANI,EXCISE DEPT,SAB KUCH MIL GAYA MUJHE VOL 1,93.701,,11,5871,xuSt43qHc00,,,,,
American Problem,Kevin Abstract,ARIZONA BABY,78.8,,5,5872,zz9hIeEJKj8,,,,,
AMERICAN MUSCLE,Thouxanbanfauni,CLAIRVOYANCE,159.858,,10,5873,5CIfJ9yautw,,,,,
American Hypnosis (feat. Akenya),Saba,Bucket List Project,116.112,,6,5874,MoCM2Ym3fTA,,,,,
American Guilt,Unknown Mortal Orchestra,Sex & Food,99.455,,1,5875,pPBgQI5g1mc,,,,,
American Bollywood,Young the Giant,American Bollywood,148.049,,5,5876,y3QrpRfa7LM,,,,,
AMERICA HAS A PROBLEM (feat. Kendrick Lamar),Beyoncé,AMERICA HAS A PROBLEM,126.015,,1,5877,66eW7CCFLOM,,,,,
Amber,Flume,Hi This Is Flume (Mixtape),78.49,,8,5878,9F44x2G7MFE,,,,,
Amber,Ivy Lab,Critical Music Presents: 15 Years Of Underground Sonics,86.01,,8,5879,gsIXCHF8wjc,,,,,
Amazing (feat. Jacquees),Young Thug,Barter 6,95.068,,10,5880,N7_dvz7CKGs,,,,,
Amar,Prabh Deep,K I N G,83.077,,1,5881,QhD8jDdz3n0,,,,,
あまねき - Amaneki,Sweet William;Ichiko Aoba,Amaneki,,,,5882,uNM-amtNJl8,,,,,
Amanda,STRFKR,Vault Vol. 3,165.293,,5,5883,-NIp0iCWTz0,,,,,
AM PM,Kiran The Nomad,AM PM,92.719,1:45,10,5884,JgEXeVsTDKA,,,,,
AM // Radio (feat. Wiki),Earl Sweatshirt,"I Don't Like Shit, I Don't Go Outside: An Album by Earl Sweatshirt",82.365,,9,5885,tTBeWu2MS0Q,,,,,
always on my mind (feat. James Vincent McMorrow & Yvette Young),San Holo featuring James Vincent McMorrow and Yvette Young,album1,,,,5886,qFU4TdUqFXU,,,,,
Always in My Head,Coldplay,Ghost Stories,97.546,,5,5887,l2UJmdM9Omw,,,,,
Always Forever,Cults,Static,163.378,,8,5888,TlMgAsAmQKE,,,,,
Always,James Blake,The Colour In Anything,103.206,,1,5889,PyJ5mVp-g-I,,,,,
"Already There (feat. Robert Glasper, Thundercat & Marcus Gilmore)",Taylor McFerrin,Early Riser,139.039,,5,5890,VotqDuOSyfI,,,,,
Alps,Novo Amor;Lowswimmer,Alps,146.631,,3,5891,Afi9z-IRCnA,,,,,
Alpha House,Knucks;Venna,ALPHA PLACE,139.773,,4,5892,RV9za_kYUkE,,,,,
alotta cake,Gunna,DS4EVER,120.078,,11,5893,yeptYSWc3io,,,,,
"Alone, Together",The Strokes,Is This It,143.017,,7,5894,Z_DXTFlj6wM,,,,,
Alone With You,Alina Baraz,Sunbeam,124.692,,10,5895,xdFqbFgWygc,,,,,
Almost Had to Start a Fight/In and Out of Patience,Parquet Courts,Wide Awake!,92.628,,0,5896,TJpR6rvvOsQ,,,,,
Alley Oop,Juicy J;Xavier Wulf,Memphis Zoo,75.003,,11,5897,6pw242dkDTw,,,,,
Alley Cats,Anish Kumar,AK Cuts: Vol. 1,118.027,3:47,9,5898,YO7J-UOo-9Q,,,,,
All Too Well (10 Minute Version) (Taylor's Version) (From The Vault),Taylor Swift,The More Red (Taylor’s Version) Chapter,93.023,,0,5899,Rh_TjZ4mhT4,,,,,
All This Money,Injury Reserve,Floss,184.125,,3,5900,ZJZ0euwKRaw,,,,,
all the good girls go to hell,Billie Eilish,"WHEN WE ALL FALL ASLEEP, WHERE DO WE GO?",185.044,,8,5901,s_IwrqvM618,,,,,
All That,ZAYN,Icarus Falls,139.875,,4,5902,V2iEJ5vLYRE,,,,,
All Spies,Flying Lotus,Flamagra,148.941,,2,5903,d46Vm11f90U,,,,,
All That You Are,Sango,Great Lakes Influence,,,,5904,kdT-JLwr7ZQ,,,,,
All Of The Lights (Interlude),Kanye West,My Beautiful Dark Twisted Fantasy,110.95,,10,5905,WHxRd_va950,,,,,
All Of The Lights,Kanye West,My Beautiful Dark Twisted Fantasy,142.113,,1,5906,DTq4XEliPag,,,,,
All Of Me (feat. Mary J. Blige),50 Cent,Curtis,84.974,,1,5907,DtBGtEYSpQY,,,,,
All of a Sudden,Laraaji,"Vision Songs, Vol.1",76.804,8:32,9,5908,PcyzpV_D8xw,,,,,
All Nite (feat. Vince Staples),Clams Casino,32 Levels,104.955,,1,5909,jJ00SoC9ncQ,,,,,
All Night (Unfinished),Jai Paul,Leak 04-13 (Bait Ones),,,,5910,mmR90h3mMTU,,,,,
All Night (feat. Knox Fortune),Chance the Rapper,Coloring Book,111.921,,2,5911,pqRlp5gakA0,,,,,
All My Loving (Remastered 2009),The Beatles,The Beatles 1962 - 1966,,,,5912,LdajVoRgx3w,,,,,
All My Friends Know,PinkPantheress,to hell with it,102.092,,10,5913,GP2Y6thux7g,,,,,
All My Friends Are Sluts,Begum,W.A.E,121.616,3:44,5,5914,4rVQ6J9wUMM,,,,,
All My Days,Max B,"Library of a Legend, Vol. 20",80.775,,11,5915,ptA4FddJ9Zs,,,,,
All Mine,Kanye West,ye,122.099,,11,5916,YdA7swZoxks,,,,,
All Me (feat. 2 Chainz & Big Sean),Drake,Nothing Was The Same (Deluxe),122.006,,1,5917,15pXs8puB8Y,,,,,
All Kap,D. Savage,Mafia Musik,130.997,,10,5918,RimTYiX32qs,,,,,
All In,Kid Cudi,"Passion, Pain & Demon Slayin'",154.018,,9,5919,P7a_9O9Jl8U,,,,,
All In,Earl Sweatshirt & LUCKI,Freewave 3,,,,5920,UYlpTQZZK5A,,,,,
All I Want Is A Yacht,SAINt JHN,Ghetto Lenny's Love Songs,149.997,,11,5921,eAUohUME-cU,,,,,
All I Want,Brent Faiyaz,Sonder Son,83.042,,4,5922,1A5R45lzfA4,,,,,
All I Need (feat. Xavier Omär),Noname,Telefone,91.564,,6,5923,MwEe3I3_oWM,,,,,
All I Need,Radiohead,In Rainbows,88.005,3:48,4,5924,FM7ALFsOH4g,,,,,
All I Need,Puma Blue,All I Need,84.99,,4,5925,5uMh7G1numA,,,,,
"All I Do (feat. SiR, Bridget Kelly & Song Bird)",Robert Glasper,Fuck Yo Feelings,,,,5926,Z_aK2EYRXfA,,,,,
All Here,Jaala,Gap Tooth,110.867,,2,5927,MfBKckTMDAc,,,,,
All Good,Jhené Aiko,Chilombo,113.682,,6,5928,PnV2j0bfgDQ,,,,,
All For You,Janet Jackson,All For You,113.525,,2,5929,6dLVFWLDw2M,,,,,
All Around The World (feat. Desiigner),Mura Masa,Mura Masa,132.016,,2,5930,oiXS5oSjgTs,,,,,
All Apologies (2013 Mix),Nirvana,,,,,5931,862K63LH6hE,,,,,
All About The Dough,DJ.Fresh,,129.909,,10,5932,kRPAMgPkaMo,,,,,
All 2 U (AObeats Remix),Manila Killa,,,,,5933,daTgwarJiW8,,,,,
Alive (Acoustic Version),Milky Chance,Blossom (Deluxe),94.689,3:17,2,5934,FtAfT31xpuc,,,,,
Alive (nightmare),Kid Cudi,,101.782,,6,5935,xLUuuJ7LgtU,,,,,
Alive,The PropheC,,139.959,,2,5936,mVvXsdFPnbw,,,,,
Alive,Milky Chance,,172.152,,9,5937,MXnzx0QuyBY,,,,,
Aliens Fighting Robots,Mac Miller,,145.999,,9,5938,ytt2iSJy7Is,,,,,
Aliens,STRFKR,,94.957,,4,5939,I5jRGlTLQOY,,,,,
Alien Girl (Today W/ Her),Kendrick Lamar,,95.948,,2,5940,xxGEi4msn8g,,,,,
Algorithm (Alternate Reality Version),Muse,,84.96,,8,5941,RwjPxsNg-wA,,,,,
Algorithm,Muse,,170.057,,2,5942,wJcVLxRtDms,,,,,
Algorhythm,Childish Gambino,,100.148,,2,5943,mjnXu-5VA-w,,,,,
Alex,Roy Blair,,119.989,,4,5944,jyB_Bzz9foI,,,,,
Alaska,STRFKR,,120.04,,6,5945,JV36hfZcImU,,,,,
alarmed!,MIKE,,79.284,,11,5946,Yf3lUMJNWoI,,,,,
Akher Sabrak Ya Alby,Hamid El Shaeri,,,,,5947,iq8iReUQCxE,,,,,
Aiyo Saar,Krithi,,115.025,,9,5948,CnxE13Ijbyg,,,,,
Aiyayo | Jamspot,Denuja,Aiyayo | Jamspot,130.008,2:31,11,5949,x7tHHQGU-Gc,,,,,
Airborne Aquarium,Curren$y,Pilot Talk: Trilogy,121.433,2:51,5,5950,w6yILBkC86I,,,,,
Airbag,Radiohead,OK Computer,167.946,4:47,2,5951,jNY_wLukVW0,,,,,
Aint on Shit,ICYTWAT,Dream Bwoy,124.006,1:34,8,5952,I2Whra3kbXg,,,,,
Aint No Fakin It,Kodak Black,Project Baby,140.078,3:32,7,5953,EOr4yukWU0A,,,,,
Ain't That Easy,D'Angelo and The Vanguard,,,,,5954,IZFgYd62TEQ,,,,,
Ain't Nobody,Harrison Sands,Everything's Fine,97.591,2:58,6,5955,UR7vnzaSnf0,,,,,
Ain't No Way,Denzel Curry,,,,,5956,A0z3eFhPbFw,,,,,
Ain't No Use,Nina Simone,Pastel Blues,75.458,3:00,2,5957,Qtam06rI3TU,,,,,
Ain't No Telling,The Jimi Hendrix Experience,,,,,5958,JBRO7W50PUo,,,,,
Aguacero,Bad Bunny,Un Verano Sin Ti,121.391,3:30,6,5959,3auBkaGUstw,,,,,
Agitation,Erykah Badu,New Amerykah Part Two: Return Of The Ankh,165.802,1:33,1,5960,PJrnXyWgipk,,,,,
Agar Tum Mil Jao (Female Version),Roop Kumar Rathod;Anu Malik;Shreya Ghoshal,Zeher (Original Motion Picture Soundtrack),,,,5961,XK-VKvpqEjo,,,,,
Against The Clock,MPH & EV,Substance,135.352,2:48,13,5962,cU7rs8XhxVs,,,,,
Against All Odds,2Pac,,,,,5963,Bv-PXm3S27o,,,,,
Again,Rico Nasty;Kenny Beats,Anger Management,76.317,,2,5964,lsXt_lnWY3A,,,,,
Afterwards (Bring Yo Friends) (feat. Michael Bolton & King Chip),Kid Cudi,Indicud,104.998,,1,5965,KujBSjJbb-M,,,,,
afterthought (with Luma),helloworld;Luma,afterthought,83.896,,6,5966,sFaNg2ncXCE,,,,,
Afterthought,Joji;BENEE,Nectar,83.5,,1,5967,0cNxrVaghlE,,,,,
After You,Good Morning,Prize//Reward,100.278,,5,5968,uAcUUidyOyE,,,,,
After The Rain,SunSquabi,Odyssey,188.025,,2,5969,0WdYEwJyzY8,,,,,
After Hours,The Weeknd,After Hours,108.968,6:01,5,5970,WxYgXmZ9xh8,,,,,
After Dark (feat. Static Major & Ty Dolla $ign),Drake,Scorpion,141.855,,2,5971,COilSLHbdqs,,,,,
After All,Charlotte Day Wilson,CDW,108.005,,3,5972,8PWV4iApdBc,,,,,
After All,Alex G,God Save The Animals,129.947,,6,5973,xT6FV4JjBjw,,,,,
afrovay,Vayda,VAYTRIX,101.483,,4,5974,eRSlsuKc3OI,,,,,
Afro Blue (feat. Erykah Badu & Phonte),Robert Glasper Experiment,Black Radio Recovered: The Remix EP,87.945,5:08,9,5975,0HbagZwKBro,,,,,
Africa,THEY.,Nü Religion: HYENA,89.982,,1,5976,5fvwY6tPKmE,,,,,
affection,BETWEEN FRIENDS,we just need some time together,179.518,3:55,2,5977,h46YpWrg55Q,,,,,
Aey Nehin,Arooj Aftab,Night Reign,100.064,,5,5978,o_lqpszWedM,,,,,
Adventures in the Land of Music,Dynasty,Adventures in the Land of Music,77.973,,6,5979,SkJMO0FHZbw,,,,,
Adventure of a Lifetime,Coldplay,A Head Full of Dreams,111.995,,7,5980,XsMpXczOIPs,,,,,
Adult Swim,Jx.Zero,In My Sins,97.978,,1,5981,rwklqJ3oksM,,,,,
Adharanee,"A.R.Rahman, Sayanora",Sivaji: The Boss,,,,5982,-u4lwYquAjM,,,,,
Adeline,alt-J,RELAXER,142.026,,6,5983,IGJWUaiiyTw,,,,,
Addiction,Kanye West,Late Registration,115.264,,1,5984,YuCwP-NbY0s,,,,,
Add Up My Love,Clairo,Charm,104.964,,8,5985,F8aBdhWhNNs,,,,,
ADAM & EVE,BLK ODYSSY & Cory Henry,DIAMONDS & FREAKS,,,,5986,q1QnlHgidHE,,,,,
The Hypnotist (feat. Kevin Nealon),Adam Sandler,What the Hell Happened to Me?,,,,5987,mwocyfuEyQw,,,,,
AD6 (feat. Jay Electronica),Curren$y,Pilot Talk 4,79.887,,7,5988,nM01ielxCX4,,,,,
ACTION,CHAI,WINK,112.985,,4,5989,b_hbBQB793o,,,,,
act like,Cash Cobain,PLAY CASH COBAIN,,,,5990,oiYECfEmF5c,,,,,
Ace (feat. Smino & Saba),Noname,Room 25,106.892,,10,5991,lf_jpSPOkcs,,,,,
Acabou Chorare,Novos Baianos,Acabou Chorare,111.123,4:13,6,5992,m46uuxBWmyo,,,,,
Abrar’S Entry Jamal Kudu,Choir,Animal,,,,5993,0Vw9n1Y1iMA,,,,,
ABQ,The Marías,"Superclean, Vol. II",136.991,,4,5994,IIzYkkny5vs,,,,,
Above My Floor,Aer,Aer,74.99,,2,5995,-uXODw3s1Mo,,,,,
About Face,Grizzly Bear,Veckatimest,152.064,,11,5996,nGmPXvg-_sg,,,,,
Abcdefg,ROSALÍA,MOTOMAMI +,91.577,,7,5997,DJEnh6NmL4k,,,,,
Abaad (feat. SYPS),Prabh Deep,Tabia,117.954,,1,5998,3zJmYbRN4pk,,,,,
Aame,Baalti,Baalti,119.986,,3,5999,JmlDEjK6O5M,,,,,
Aag,The PropheC,The Season,164.039,,5,6000,7QeX4I2KS5Y,,,,,
A.D. 2000,Erykah Badu,Mama's Gun,136.386,,2,6001,s5g-yVykeIk,,,,,
A+ (feat. Denzel Curry),Kenny Mason,Angelic Hoodrat: Supercut,140.051,,10,6002,nPTeOQe1JUc,,,,,
A$$,Gunna,Drip Season 2,130.025,,5,6003,KcjEWMiqyPQ,,,,,
A Wolf Who Wears Sheeps Clothes,Mac DeMarco,This Old Dog,,,,6004,pd66hC7EDZo,,,,,
A Wolf At the Door,Radiohead,Hail To the Thief,138.784,3:21,7,6005,6isz01iv8Ls,,,,,
"A treatease dedicated to The Avian Airess from North East Nubis (1000 questions, 1 answer)",Shabazz Palaces,Black Up,156.786,,1,6006,ZwuX05Io0mw,,,,,
A Street in Bombay,Amancio D'Silva,Konkan Dance,94.369,,9,6007,3cGNxvhBGqU,,,,,
A Storm That Took Everything,Thom Yorke,Suspiria (Music for the Luca Guadagnino Film),95.288,,3,6008,h1QtJ-xbWLQ,,,,,
A Spoonful Weighs a Ton,The Flaming Lips,The Soft Bulletin,,,,6009,5qVaP7mNphA,,,,,
A Soft Hand Across Your Face,Thom Yorke,Suspiria (Music for the Luca Guadagnino Film),134.172,,1,6010,FwZff6QRGdU,,,,,
A Sky Full of Stars,Coldplay,Ghost Stories,124.97,4:27,6,6011,KWuyx6yZ21U,,,,,
A Sister,Virginia Wing,Ecstatic Arrow,100,,1,6012,9numUuuiJfo,,,,,
A Samurai in the mist,Dhiraaj,A Samurai in the mist,140.002,4:14,9,6013,U2zbHqWeSx0,,,,,
A Rollercoaster Jam Called Love (feat. Musiq Soulchild & Gwen Bunn),Rapsody,Laila’s Wisdom,89.267,5:19,13,6014,Qf_okh0WTSg,,,,,
A Punch Up At a Wedding,Radiohead,Hail To the Thief,79.039,4:57,11,6015,2DWP6a25iJI,,,,,
A Place Where Love Goes,Childish Gambino,Bando Stone and The New World,120.005,,0,6016,K4412Pxzm20,,,,,
A Place That I Don’t Know (feat. Gretta Ray),Odette,To A Stranger,115.449,,0,6017,xumK_dic18w,,,,,
A Pimp Named Slickback (Air Walk COVER REMIX),DJ Rask,SNS BUZZ SONGS -2024-,,,,6018,5JuQBnN3qNk,,,,,
A NINGÚN HOMBRE (Cap.11: Poder),ROSALÍA,El Mal Querer,,,,6019,UQCmuEO13Tc,,,,,
A Night Off (feat. Lloyd),Drake,So Far Gone,103.612,,11,6020,s6zMehGqhSo,,,,,
A Moment 4 Jazz,Larry Lovestein & The Velvet Revival,You,112.021,,9,6021,HGutjQK5E80,,,,,
A Menina Dança,Novos Baianos,Acabou Chorare,105.468,3:52,9,6022,SiCt-r_WbJI,,,,,
A Loving Feeling,Mitski,Puberty 2,147.183,,9,6023,6wXZEdQ3ROQ,,,,,
A Lot Like,6ix;Travis Stacey,Homebody,79.973,3:53,9,6024,k1OYTPO7eAM,,,,,
A Horse Named Cold Air,Mitski,Be the Cowboy,68.435,,7,6025,ce3m-o1pZqY,,,,,
A God Called Hubris,Unknown Mortal Orchestra,Sex & Food,119.786,,7,6026,O3wawDcVM40,,,,,
A First Date,Aurval,Good Morning Say It Back,,,,6027,7B_CoQQpriU,,,,,
A Festa,Trüby Trio,A Festa / Jaleo Remixes by Cuica and Señor Coconut,175.98,,7,6028,B-lURYRhFDU,,,,,
A Cure,Blonde Redhead,Melody of Certain Damaged Lemons,123.25,,0,6029,9lkpnMZEjvM,,,,,
A Change Of Heart,The 1975,"I like it when you sleep, for you are so beautiful yet so unaware of it",105.013,,5,6030,dMGmIAdQUIc,,,,,
A Cappella,Daniel Caesar,Pilgrim's Paradise,70.03,,9,6031,nF6f_SGGmvo,,,,,
A Calabasas Freestyle,Jaden,,82.477,,0,6032,pkEPBUZPrMI,,,,,
A BOY IS A GUN*,"Tyler, The Creator",,79.568,,2,6033,McYy8pEniUc,,,,,
A Bird's Last Look,Macabre Plaza,,113.861,,2,6034,B_bYIWexH5Q,,,,,
[interlude],Rostam,,131.058,,2,6035,gY2heOGhLrU,,,,,
91 Cadillac DeVille,Injury Reserve,,87.438,,7,6036,GgzivgHixgw,,,,,
90210,Justice Der,,121.515,,9,6037,6WEn2uBR5CI,,,,,
9-3 Freestyle,Isaiah Rashad,,145.011,,1,6038,pkXKwL_p030,,,,,
9 Carrots,Flying Lotus,,79.244,,9,6039,SP5uBiBaR7Q,,,,,
9 5 . s o u t h,J. Cole,,71.724,,2,6040,iNMB-tTp8Vk,,,,,
9,Drake,,100.004,,10,6041,ivcQUqn2jNE,,,,,
8am in Charlotte,Drake,,77.022,,9,6042,ttVCIx5xvMQ,,,,,
82 92,Statik Selektah,,180.069,,11,6043,PD_xBmPxbYc,,,,,
80s Mercedes,Maren Morris,,90.933,,9,6044,Aj_9zDXUhDk,,,,,
80s Horror Flik,Slim Guerilla,,139.965,,7,6045,YgSBL654oCE,,,,,
80808,Death Grips,,161.034,,4,6046,b6GMeyumZFc,,,,,
8,Billie Eilish,,62.446,,3,6047,OZYd9JxithE,,,,,
7th Sevens,Bonobo,,117.999,,6,6048,4GJ45GL-Qxo,,,,,
La Pour Ca,Adia Victoria,,,,,6049,To8DsVREEm8,,,,,
768 (dead wrong remix),K-P,,,,,6050,Cmm7d6QoTbY,,,,,
71m3,Flume,Hi This Is Flume (Mixtape),135.697,1:20,14,6051,mMn_djDEbYo,,,,,
7 Days,Knucks,7 Days,135.007,2:46,7,6052,F-ChHR55AAo,,,,,
6000 Ft.,Bonobo;TEED,Heartbreak / 6000 Ft.,121.015,5:36,8,6053,PMRuvhfx0A0,,,,,
60 Seconds,Iamdoechii,"Coven Music Session, Vol. 1",123.864,0:59,7,6054,9YRK3zbewUI,,,,,
60 Days,Larry June;The Alchemist,The Great Escape,81.726,3:19,2,6055,WD_iq6d4NaA,,,,,
6 Star Wanted Level,BabyTron,6 Star Wanted Level,99.559,3:50,11,6056,fFXKWYBn3uo,,,,,
6 Inch,Beyoncé,,138.011,,6,6057,UKMmfBkrhtY,,,,,
6 8,Gabriel Garzón-Montano,Bishouné: Alma Del Huila (Deluxe),115.03,4:58,0,6058,ivCgwuH9FQo,,,,,
523,Earl Sweatshirt,Doris,145.606,1:31,1,6059,AM1ZiCfm46E,,,,,
50 CENT,Dean Blunt,BLACK METAL,85.562,2:35,3,6060,mJsvT0QZd7Y,,,,,
5 to 50,Benny the Butcher,,120.021,,1,6061,vup1zS44HtM,,,,,
5 Star,ICYTWAT,Siddhi World (Deluxe),156.131,1:50,1,6062,otdebaYLP_E,,,,,
5 Dollar Pony Rides,Mac Miller,Balloonerism,95.518,3:42,11,6063,tLicfjOj1ZY,,,,,
4ÆM,Grimes,Miss Anthropocene (Deluxe Edition),93.017,4:30,7,6064,AgKJdvcEZAo,,,,,
4°,TOOL,Undertow,113.603,,9,6065,dzEahGFoEsw,,,,,
4season (Outro),MAMAMOO,White Wind,181.99,,2,6066,z2uH-wsEmh4,,,,,
4Runner,Rostam,Changephobia,98.058,,1,6067,J5Vywk0Qyyg,,,,,
4r Da Squaw,Isaiah Rashad,The Sun's Tirade,143.934,3:52,10,6068,0Lx-zjk17HY,,,,,
4everybody,LUCKI,4everybody,154.976,1:36,10,6069,M8K7uQsLADI,,,,,
44 BullDog,Pop Smoke,Shoot For The Stars Aim For The Moon (Deluxe),139.989,,8,6070,p77nd93nwIQ,,,,,
Feels Like Summer,Childish Gambino,Summer Pack,165.736,4:57,7,6071,mZVO1CubDIo,,,,,
42,Coldplay,Viva La Vida (Prospekt's March Edition),141.382,,5,6072,te4GczYtgEM,,,,,
4 The Betta,Lucki,Days B4 III,155.984,,6,6073,Tp0mypg6KxA,,,,,
4 Thangs (feat. Big Sean & Hit-Boy),Freddie Gibbs,$oul $old $eparately (Bonus Edition),83.012,,10,6074,cD2MNqQqJ4o,,,,,
4 Minute Warning,Radiohead,In Rainbows (Disk 2),123.753,4:04,9,6075,xruauLm9u3k,,,,,
3WW,alt-J,3WW,78.053,5:00,2,6076,qT7pVIW9Fh0,,,,,
3D - Justin Timberlake Remix,Jung Kook & Justin Timberlake,3D - Justin Timberlake Remix,,,,6077,XSDEGqG6m3o,,,,,
3:30 In Houston,Benny The Butcher,Griselda & BSF: Conflicted (Original Motion Picture Soundtrack),137.841,,10,6078,yVsWpsgjSQg,,,,,
3500 (feat. Future & 2 Chainz),Travis Scott,Rodeo,123.973,,8,6079,3qNaoLgHU94,,,,,
3.15.20,Donald Glover Presents,3.15.20,,,,6080,pTGXfF05M0s,,,,,
Tandem,TRPMusic,OBSESSION PART.I,,,,6081,plkwHKzW6qQ,,,,,
305 To My City (feat. Detail),Drake,Nothing Was The Same (Deluxe),67.622,,4,6082,6dgpD8DEVpY,,,,,
30 Girlfriends (Yeah Yeah),Freddie Gibbs,You Only Die 1nce,135.059,,11,6083,VlAB9vp4A7M,,,,,
30 for 30 Freestyle,Drake,What A Time To Be Alive,89.252,,4,6084,Emn6BEK5SlE,,,,,
3.5,ian,Goodbye Horses,90.068,,2,6085,L0tE1h4ybug,,,,,
3-Minute Rule,Beastie Boys,Paul's Boutique (20th Anniversary Edition / Remastered),170.697,,1,6086,itStM-gwUyU,,,,,
3 Words (feat. Leven Kali),High Klassified,Law of Automata: Valid,130.643,,6,6087,Bb6wB5ryT9c,,,,,
3 SMRS STR8,LUCKI;Rylo Rodriguez;42 Dugg,GEMINI!,99.995,,6,6088,5N_JZdmQyFY,,,,,
3 Nights,Dominic Fike,"Don't Forget About Me, Demos",151.891,,7,6089,U488iz5q8KA,,,,,
2TONE,Yeat;Don Toliver,DANGEROUS SUMMER,119.995,,10,6090,tC02mYLnwZo,,,,,
2nd Time Around,Jr. Thomas & The Volcanos,Rockstone,,,,6091,4Sz7bMRkyUs,,,,,
2k24 Tour,MIKE,,142.036,,7,6092,zR1HHgxOxR0,,,,,
2gether (feat. Gretel Hänlyn),Mura Masa,2gether,,,,6093,uzZkhPDoVyw,,,,,
29 days (feat. Eagle-Eye Cherry),Cazzi Opeia,29 days,207.643,,0,6094,7OV7PAwAuPA,,,,,
Rhode Island,Kevin Devine,Devinyl Splits No. 12,,,,6095,W9WnAEW8fiI,,,,,
25 (Solo WheeIn) (25 (Solo 휘인)),MAMAMOO,White Wind,,,,6096,26YAoTJ8Vhc,,,,,
24k Gold/Sanctified (feat. Ravyn Lenae & Jack Red),Joey Purp,QUARTERTHING,176.106,,1,6097,X76MTaYRB54,,,,,
2100 (feat. BOOTS),Run The Jewels;El-P;Killer Mike,Run The Jewels 3,97.537,,0,6098,kcCAdkUczoc,,,,,
21 Questions (feat. Nate Dogg),50 Cent,Best Of 50 Cent,93.069,3:45,6,6099,csKtqYgnGHc,,,,,
20230109,Mac DeMarco,One Wayne G,94.502,,3,6100,PCPG19DKzf0,,,,,
20211128 2,Mac DeMarco,One Wayne G,146.97,,5,6101,z8t-TyqWNs4,,,,,
2021 Vibes,LUCKI,s*x m*ney dr*gs,74.987,,1,6102,LMDLNLM6Ji8,,,,,
2021,Vampire Weekend,Father of the Bride,73.785,,0,6103,VXNNgz_CVTc,,,,,
20201125,Mac DeMarco,One Wayne G,82.019,,11,6104,XVoWzqv7E10,,,,,
20180702 2,Mac DeMarco,One Wayne G,150.1,,4,6105,xi_60p1gqX8,,,,,
2016 Interlude,Injury Reserve,Floss,100,,7,6106,iGGy5ORZ-eU,,,,,
2012 (feat. Daywave),Saba,Few Good Things,155.105,,11,6107,gLA57OsPGs8,,,,,
2012,Joey Purp,QUARTERTHING,123.083,3:03,6,6108,cHV2c4y3nZo,,,,,
2010,Earl Sweatshirt,SICK!,105.487,,7,6109,yne3KlJ7J3M,,,,,
2009,Mac Miller,Swimming,155.158,5:47,6,6110,5zivz7kVKNo,,,,,
2000s baby,RRoxket,Red Ranger,,,,6111,0ElZd2KZAzQ,,,,,
20 Wave Caps (feat. Domo Genesis),Earl Sweatshirt,Doris,77.601,,8,6112,95oLSlpB_CA,,,,,
2 Step Stevie (R.L.P.),Ramirez,Son Of Serpentine,,,,6113,XKmi-s9P_6g,,,,,
2 Lit 2 Late Interlude,Nicki Minaj,Queen,100.798,,0,6114,Ty2F24LCCxQ,,,,,
2 HANDS 2 EYES 10 WHIPS/RENT DUE,"Concrete Boys, Lil Yachty, Camo!, Draft Day, KARRAHBOOO, and Dc2trill",It's Us Vol. 1,139.449,4:15,9,6115,8xgET4I7fN4,,,,,
2 Dollar Bill (feat. Lil Wayne & E-40),2 Chainz,Rap Or Go To The League,101.02,,10,6116,jT_VT-c0KU4,,,,,
2 Cups Stuffed,Young Thug,1017 Thug,139.03,3:13,5,6117,Mlwr5a4GvRg,,,,,
2 + 2 = 5,Radiohead,Hail To the Thief,149.582,3:19,5,6118,2w6kHS_IRrE,,,,,
2,H.E.R.,H.E.R.,150.008,,6,6119,oh2RQt3ncdY,,,,,
"1Train (feat. Kendrick Lamar, Joey Bada$$, Yelawolf & Danny Brown)",A$AP Rocky,LONG.LIVE.A$AP (Deluxe Version),81.497,,2,6120,TvEhl8IBWVo,,,,,
1995,Freddie Gibbs;The Alchemist,Alfredo 2,73.964,,3,6121,h8gkUsjjusU,,,,,
1994,Mr. Carmack,Dimebag,84.052,2:52,6,6122,VHF0eKwI2G0,,,,,
1985,Freddie Gibbs;The Alchemist,Alfredo,130.396,,0,6123,Tth8cgSp2QQ,,,,,
1950,King Princess,Make My Bed,71.857,,4,6124,UqUtxB0IGT8,,,,,
Swamp Fruit,Post Animal,Post Animal Perform the Most Curious Water Activities,,,,6125,9eYnhhHwGDE,,,,,
16 Psyche,Chelsea Wolfe,Hiss Spun,157.986,,0,6126,JqTQSkMnqsE,,,,,
1539 N. Calvert,JPEGMAFIA,Veteran: Director's Cut,152.05,,4,6127,wHDWMj8fbzQ,,,,,
14 Faces,Lewis Del Mar,Lewis Del Mar,143.366,,5,6128,dQnrDi5ffc4,,,,,
12:51,The Strokes,Room On Fire,145.056,,4,6129,hO4-QAjkpSA,,,,,
12 Steps,Japanese Breakfast,Soft Sounds from Another Planet,115.198,,7,6130,qKfTG3Baocs,,,,,
10:37,Beach House,,96.087,,5,6131,WHBd10Q52mo,,,,,
SELF LUH,Mach-Hommy,,,,,6132,VvY0QwIWQ64,,,,,
101 FM,Little Simz,,142.024,,6,6133,0SmOoM458dw,,,,,
100th Blunt of the Day,Xavier Wulf,,93.433,,5,6134,LQ_BOFdnN3k,,,,,
1001,Commodo,,143.966,,2,6135,Evyimjr31-o,,,,,
"100,000 (Unfinished)",Jai Paul,,,,,6136,NHA73JG1puc,,,,,
100 words,Prateek Kuhad,,76.139,,3,6137,i-dms4mcAUE,,,,,
100 Racks (feat. Playboi Carti),Quality Control;Offset,Quality Control: Control The Streets Volume 2,133.911,2:38,9,6138,qj1vbcV1OfE,,,,,
100 Million,DIVINE,,85.075,,10,6139,zkf_jKKOwkU,,,,,
100 Gecs,MIKE;Tony Seltzer,Pinball,147.414,1:21,11,6140,36oHFW2YufA,,,,,
10 Hour Drive,HavinMotion,,130.026,,1,6141,z-0v5LZviug,,,,,
1 Threw 8,Mac Miller,,80.056,,7,6142,9t3n5dELDYY,,,,,
1 Night,Mura Masa,,113.027,,8,6143,Dd-CwD_NW9c,,,,,
1 Billion Dogs,Jay Som,,75.318,,5,6144,JcIqZNLnjuA,,,,,
(without you) in my pocket,SPIRIT OF THE BEEHIVE,,107.572,,0,6145,tnU-Plx9ZVY,,,,,
(There Is) No Greater Love,Amy Winehouse,,137.411,,1,6146,DrH13SAvUHk,,,,,
(Sittin' On) the Dock of the Bay,Otis Redding,,,,,6147,7C-VscEQugk,,,,,
(She's) Just a Phase,Puma Blue,Swum Baby,143.446,3:06,1,6148,tamnsaPdNrM,,,,,
(if only i could) hold you,San Holo,stay vibrant,149.439,4:20,11,6149,ZheMuBwDotE,,,,,
(And She Said) Take Me Now,Justin Timberlake,Justified,103.895,5:31,6,6150,nHbmGl4vX6A,,,,,
'Cause I'm A Man,Tame Impala,Currents,144.684,4:01,9,6151,FGPsQedwR1g,,,,,
'98 gewehr,Milo,,93.04,,1,6152,uczVqESMe8M,,,,,
$10,Good Morning,Prize // Reward,120.969,1:29,4,6153,CoJT9IlEMsA,,,,,
$$$,Gunna,,79.971,,9,6154,gHZI8n8BBAc,,,,,
#19,Aphex Twin,Selected Ambient Works Volume II,108.925,,4,6155,jA7TufxrNho,,,,,
##RR##EFG,Kankan;LUCKI,WAY2GEEKED,137.075,2:20,1,6156,j4xEQokNtV4,,,,,
!!!!!!!,Billie Eilish,"WHEN WE ALL FALL ASLEEP, WHERE DO WE GO?",0,0:13,1,6157,XJBUWZsT38c,,,,,
Secret Tape,SUNMI(선미),,,,,6158,SPOd94EmOzU,,,,,
Curve,SUNMI(선미),,,,,6159,tEo8pEc8d6E,,,,,
四季ノ唄 - Shiki no Uta,MINMI,Ai no Mi,,4:58,,6160,UQbcyOxqDFw,,,,,
╜φ°⌂▌╫§╜φ°⌂▌╫§╜φ°⌂▌╫§╜φ°⌂▌╫§╜φ°⌂▌╫§╜φ°⌂▌╫§╜φ°⌂▌╫§╜φ°⌂▌╫§╜φ°⌂▌╫§╜φ°⌂▌╫§╜φ°⌂▌╫§╜φ°⌂▌╫§╜φ°⌂▌╫§╜φ°⌂▌╫§╜φ°⌂▌╫§╜φ°⌂▌╫§╜φ°⌂▌╫§╜φ°⌂▌,Flume,Hi This Is Flume (Mixtape),126.126,0:33,1,6161,Hu8wQESE3uA,,,,,
مش حقيقة,nour,مش حقيقة,127.041,2:05,6,6162,wZkm7LZSrLI,,,,,
ÂGE RÉEL,Thomas Bangalter,DAAAAAALÍ!,121.967,6:23,2,6163,ogSAEn1Ra5E,,,,,
Zubaan Khamosh Hoti Hai,Kumar Sanu;Alka Yagnik,Main Khiladi Tu Anari (Original Motion Picture Soundtrack),156.88,8:33,3,6164,oDpA4huZzC0,,,,,
"Zou Bisou Bisou (From ""Retrospective: The Music Of Mad Men"" Soundtrack)",Jessica Paré,Retrospective: The Music Of Mad Men (Original Series Soundtrack),,2:18,,6165,Zi7Om7bjlj4,,,,,
Zipper Bagz,Freddie Gibbs,$oul $old $eparately,130.016,2:14,1,6166,XbO0m-9qaZ0,,,,,
Ziplock,Saba,Ziplock / Rich Don't Stop,115.051,3:18,11,6167,o5fUgF1I6Uw,,,,,
"Zindagi Meri Dance Dance (From ""Daddy"")",Alisha Chinai;Vijay Benedict;Olefonken;Bappi Lahiri,"Zindagi Meri Dance Dance (From ""Daddy"")",106.015,6:24,0,6168,7wxrjwWEMNE,,,,,
Zenith (feat. Joey Bada$$),Denzel Curry,Imperial,91.715,,3,6169,1dricZZ4RmM,,,,,
Zarigani,Mei Semones,Zarigani,82.097,,8,6170,Le1aWS8RtL8,,,,,
"Zanzibar, Kinshasa & Vällingby",Vumbi Dekula,Congo Guitar,98.042,,9,6171,hqomhZ8Nusk,,,,,
Zanjeer,100RBH;Karan Kanchan,Zanjeer,80.979,,9,6172,GJXmCLbpass,,,,,
Yègellé Tezeta,Mulatu Astatke,New York - Addis - London: The Story of Ethio Jazz 1965-1975,125.597,3:14,3,6173,jXdVpT_aSJU,,,,,
Yur Luv,Tekno,Yur Luv,103.956,,3,6174,M73UMQiJ3dA,,,,,
Yuck,Charli xcx,CRASH,100.939,2:18,1,6175,aEou4Jv7Ghw,,,,,
"Yours Truly, Austin Post",Post Malone,Stoney (Deluxe),125.976,,6,6176,lG5aId8FshY,,,,,
Yours,SG Lewis,Yours - EP,127.908,3:50,6,6177,OPqozBJd6r8,,,,,
Young Girl / I Really Like You,Pharrell,In My Mind,,,,6178,WnTes2JkhjI,,,,,
Young At Heart,Frank Sinatra,Sinatra's Sinatra,79.947,2:54,7,6179,ZPT1oV-vEJM,,,,,
You're Not Good Enough,Blood Orange,Palo Alto (Music from the Motion Picture),119.964,,0,6180,1AfskykUCE8,,,,,
You Wish You Knew,ZAYN,Icarus Falls,119.942,,10,6181,n_WuHOdDcl8,,,,,
You Said (feat. Quavo),Young Thug;Quavo,Beautiful Thugger Girls,119.977,6:42,8,6182,x6O6wu52Kdw,,,,,
You Never Knew,HAIM,Something to Tell You,117.999,4:29,7,6183,DDBHyg9YGbU,,,,,
You Need God,KEY!;Tony Shhnow,You Need God,170.189,3:12,1,6184,aUp3RoITE4s,,,,,
You Got It,Bryson Tiller,True to Self,124.933,2:56,11,6185,dCAgcb2iLRg,,,,,
You Ain't Gotta Lie (Momma Said),Kendrick Lamar,To Pimp A Butterfly,93.742,4:01,11,6186,78bSAKX_4vs,,,,,
You (feat. Q-Tip & Snoop Dogg),Lucy Pearl,Lucy Pearl,103.887,4:27,5,6187,S13LsfMO4TQ,,,,,
You (feat. Lil Wayne),Lloyd,Street Love,130.21,4:34,5,6188,gfoD2ILKEYk,,,,,
YOSHIMITSU,Cochise,WHY ALWAYS ME?,155.06,,5,6189,b_QQcMkqo-g,,,,,
"Indian Flute Music: Instrumental Meditation Music, Yoga Spa Music and Relaxation",Nature Sounds,"Indian Flute Music: Instrumental Meditation Music, Yoga Spa Music and Relaxation",,,,6190,5F_lxaJkXUM,,,,,
Yo Momma,Heems;Lapgan;Fatboi Sharif,LAFANDAR,70.472,3:39,8,6191,nFjBmnnKF8Q,,,,,
Yimmy Yimmy (feat. Jacqueline Fernandez),Tayc;Shreya Ghoshal;Rajat Nagpal,Yimmy Yimmy,94.871,,2,6192,Z5La1B07qoQ,,,,,
Yesterday,Noname,Telefone,173.661,3:09,5,6193,olwAPZ9L1io,,,,,
Yes Sir,Chief Keef,4NEM,172.26,4:08,2,6194,JP5LSETJcqA,,,,,
Yes I Am,Melissa Etheridge,Yes I Am,54.178,,7,6195,MF9YAA_0EhQ,,,,,
Year 3k,Tei Shi,Crawl Space,77.343,4:54,0,6196,UH0JZ38HkY4,,,,,
Yeah Right,Vince Staples,Big Fish Theory,118,3:08,1,6197,kcbjO6h0GV0,,,,,
Yea!!,Key Glock,Glockoma,129.988,3:11,1,6198,f246EAsUhxk,,,,,
Yea Yea Yea,Young Thug,Punk,98.035,2:24,7,6199,Dyg8WuyfCJs,,,,,
YDKB (You Didn't Know Better),Gayathri Krishnan,YDKB (You Didn't Know Better),87.924,2:48,2,6200,_2AwGzCGsvY,,,,,
Yaadan,Prabh Deep,KING Returns,148.03,,7,6201,raXCN3u9VVA,,,,,
XXX,Danny Brown,XXX (Deluxe Version),109.622,1:50,10,6202,6f_aR3lw0Lo,,,,,
XS,Rina Sawayama,SAWAYAMA,117.039,3:21,2,6203,_AtCqXjg_cM,,,,,
XNXX,Joji,BALLADS 1,84.851,,2,6204,yRfiB42Rni8,,,,,
X3,BH & JB;JayBaloo,X3,,,,6205,DQqIaeM0W-Q,,,,,
WY@,Brent Faiyaz,Larger Than Life,119.967,3:27,8,6206,lq7T2-obumU,,,,,
Wouldn't Get Far (feat. Kanye West),The Game,Doctor's Advocate,92.605,4:12,4,6207,qTTWJfS-I_0,,,,,
Worthy (feat. Jhené Aiko),Jeremih,Late Nights: The Album,95.051,3:34,11,6208,8FH3TkGG_Kc,,,,,
Worst Ever Contender,Rezzett,Rezzett LP,152.301,,3,6209,Wm4KimF-fik,,,,,
World in a Room,Anushka,Distorted Air,120.01,5:24,11,6210,B9Iu1_OhoPA,,,,,
Workin,SahBabii,Saaheem,130.017,2:35,9,6211,xfCydXMtQKY,,,,,
Work (Freemasons Radio Edit),Kelly Rowland,Playlist: The Very Best Of Kelly Rowland,,3:12,,6212,bzMp623cL9Q,,,,,
Words2LiveBy (feat. Earl Sweatshirt),El Cousteau,"Merci, Non Merci",135.322,,11,6213,_V_t1ql1u-0,,,,,
Woopie,Still Woozy,"If This Isn’t Nice, I Don’t Know What Is",93.011,3:09,11,6214,QMMJCnr6Q3I,,,,,
Woof,Still Woozy,"If This Isn’t Nice, I Don’t Know What Is",97.037,2:36,10,6215,lIOZ5kM17I0,,,,,
Woods,Mac Miller,Circles,85.011,,0,6216,Azguk7bkovY,,,,,
Wood Would,Young Thug,Slime Season,120.939,3:30,8,6217,cJh57xklg_Q,,,,,
Wood Cabin,Saint Etienne,Good Humor,98.13,,5,6218,zsCbZrig4c4,,,,,
Wonderful (Solo),Lianne La Havas,Blood (Solo),,,,6219,5dhjUGgU8kA,,,,,
wonderful,Travis Scott,Birds in the Trap Sing McKnight,146.062,,1,6220,XqCgH83_phI,,,,,
Wonderful,Lianne La Havas,Blood,94.009,,1,6221,CdDag5FGVgE,,,,,
Woman (feat. Cleo Sol),Little Simz,Sometimes I Might Be Introvert,86.739,,1,6222,-oOLHXNXi_Y,,,,,
Woman,Harry Styles,Harry Styles,136.022,4:38,3,6223,muWKi-IagQQ,,,,,
Woman,Rema,Rema Compilation,113.038,,11,6224,jgz0rowl__4,,,,,
Wolves (feat. Post Malone),Big Sean,Detroit 2,160.048,,2,6225,GrM6OA3xtbU,,,,,
Wolves,Baby Keem,The Sound of Bad Habit,138.1,1:23,11,6226,fPT9tYE44AY,,,,,
Wolverine,Freddie Gibbs,You Only Die 1nce,71.826,2:47,7,6227,rJOvwsMA_m0,,,,,
Woke Up (feat. Tory Lanez),Dave East,P2,139.71,3:13,4,6228,KYDSRH2d_AA,,,,,
Wok Sauce,Jorjiana,Wok Sauce,130.012,,8,6229,XEHiO6Aj6P8,,,,,
Wo Noor,AP Dhillon,Two Hearts Never Break The Same,92.52,3:19,1,6230,45zJNqiANA4,,,,,
Without Me (ILLENIUM Remix),Halsey,,,,,6231,mEiud1iFeVI,,,,,
With You (feat. PARTYNEXTDOOR),Drake,Views,128.015,3:16,1,6232,tmQWt6q2LBw,,,,,
Witchy,KAYTRANADA,,109.924,,5,6233,elUHA4m2gS4,,,,,
Wise Women,Moonchild,Little Ghost,93.994,3:48,10,6234,gwgWvjyma8Q,,,,,
Winter in Chicago,ICYTWAT,Siddhi,138.954,2:04,10,6235,9IC76DDlc5s,,,,,
Wings,Mac Miller,,119.057,,8,6236,AROHeIxe3DE,,,,,
Wings,VIC MENSA,,80.665,,1,6237,nJIg990Odro,,,,,
Window Shopper,50 Cent,,174.164,,5,6238,M9pHiT9eAvk,,,,,
Window Seat,Erykah Badu,New Amerykah Part Two: Return Of The Ankh,82.193,4:49,11,6239,IJ_5GJeluaY,,,,,
Window,Still Woozy,,91.025,,4,6240,aVrFRpImgv0,,,,,
Wind-Up,parth tunes,Big Hearted Baby,150.962,3:05,4,6241,u5ny6R0MLq8,,,,,
WIN,Jay Rock,,125.994,,1,6242,oT_SmwxVfwE,,,,,
"Willow Tree (feat. J.I.D, JordxnBryant, Hollywood JB & EARTHGANG)",Spillage Village;JID;Jordxn Bryant;Hollywood JB;EARTHGANG,Bears Like This Too Much,142.46,3:15,1,6243,4fJU_C3c380,,,,,
Wild Irish Roses,Smino,,86.673,,0,6244,ckWGaGMC6Pg,,,,,
Wildheart,Cameron Whitcomb,,,,,6245,qIoUIEPa08U,,,,,
Wide Awake,ODESZA,,125.008,,6,6246,k0Ydig8sB1s,,,,,
Wicked Games,The Weeknd,,114.078,,9,6247,lcWZtYB_-ZM,,,,,
WHY?,Aminé,,153.003,,11,6248,XF7iYOnBxec,,,,,
Why Won't You Make Up Your Mind? (Erol Alkan Rework),Tame Impala,,128.956,,14,6249,y63PLlOcmRw,,,,,
Why Won't You Make Up Your Mind?,Tame Impala,InnerSpeaker,129.03,3:19,5,6250,I9biKJD2rX4,,,,,
Why We Speak (feat. Q-Tip & Esperanza Spalding),Robert Glasper,Why We Speak,91.987,6:20,10,6251,FIG4ge8c7f0,,,,,
Why They Call You Kodak,Kodak Black,Painting Pictures,159.936,3:33,5,6252,U76wOz_pGMQ,,,,,
why dont we,Sans,why dont we,145.725,3:17,4,6253,rKGRuQBnatM,,,,,
Why Didn't You Stop Me?,Mitski,Be the Cowboy,120.038,2:21,0,6254,nK84dWFj8Lw,,,,,
Why,Roy Woods,Waking at Dawn,158.061,4:22,4,6255,q8eF09kodUY,,,,,
WHOLE LOTTA,Maxo Kream,WEIGHT OF THE WORLD,147.084,2:10,8,6256,BXddQ9wKTYE,,,,,
Whole Heart,Gryffin;Bipolar Sunshine,Whole Heart,163.834,3:45,9,6257,Pswq7PNDB4Y,,,,,
WHO? WHAT!,Travis Scott,ASTROWORLD,140.001,2:56,10,6258,Ykzk5erqQnM,,,,,
Who Is It Gonna B (feat. A. K. Paul),Mura Masa;A. K. Paul,Mura Masa,131.005,4:58,2,6259,WtgYt68vbrc,,,,,
Who Hurt You?,Daniel Caesar,Who Hurt You?,104.542,3:51,11,6260,KQuIZzgDkfg,,,,,
Who Do You Love?,Lily Allen,Sheezus (Deluxe Edition),149.843,3:26,7,6261,U2zE1wqUJRk,,,,,
White Sky,Vampire Weekend,Contra,102.019,2:58,9,6262,oNy6F-VIsos,,,,,
White Iverson,Post Malone,Stoney (Deluxe),130.098,4:16,7,6263,9KvCJi7t2DE,,,,,
White Gloves,Khruangbin,The Universe Smiles Upon You,91.452,3:38,2,6264,vuihuO4Ay8I,,,,,
"Whiskeyclone, Hotel City 1997",Beck,Mellow Gold,82.869,,1,6265,ygbf7I2GESQ,,,,,
Whiskey,Burna Boy,"Love, Damini",134.81,3:23,7,6266,jYebK-Re8vM,,,,,
While We're Young,Jhené Aiko,Trip,128.023,3:56,2,6267,tAxnFv2PV-Y,,,,,
Where You Belong,Little Dragon,"New Me, Same Us",83.022,3:27,7,6268,5G-EkBYXfWU,,,,,
Where You At,Lil Wayne,500 Degreez,191.92,3:50,9,6269,-voEg7YJD7Y,,,,,
Where you at,이달의 소녀 LOONA,[X X],,,,6270,YeSw8Q_I0xY,,,,,
WHERE YO DADDY?,Concrete Boys;KARRAHBOOO,It's Us Vol. 1,85.617,2:00,0,6271,twL7FsRK3W8,,,,,
Where U From,HUNCHO JACK;Travis Scott;Quavo,"Huncho Jack, Jack Huncho",140.073,,1,6272,P3utcBAtXqc,,,,,
Where R U,MAMAMOO,White Wind,127.363,,6,6273,pRtXXRQdVsk,,,,,
Where Do We Go,Solange,A Seat at the Table,138.045,4:24,10,6274,XbV7YuxsRA4,,,,,
Where Do We Go,Andra Day,CASSANDRA (cherith),121.392,,6,6275,DbRInlluo7o,,,,,
When Will I See You Again?,Idris Ackamoor & The Pyramids,Shaman!,,7:55,,6276,QHjq25AAMUc,,,,,
When It Hurts So Bad,Lauryn Hill,The Miseducation of Lauryn Hill,159.877,,11,6277,Hmeu3jr5zUs,,,,,
When Cats Claw,Shabazz Palaces,Quazarz: Born on a Gangster Star,106.623,,7,6278,lWjTyOrI2s8,,,,,
Wheelz of Steel,Outkast,ATLiens (25th Anniversary Deluxe Edition),111.649,,11,6279,VJCNqtooN1M,,,,,
Wheaties,Mach-Hommy,F.Y.I. (Digitally Remastered),95.174,3:01,7,6280,KAFMinHrdoQ,,,,,
What’s Next,Drake,Scary Hours 2,129.895,,0,6281,QBJ3Mb2M7Tk,,,,,
Whats For Dinner?,Dominic Fike,What Could Possibly Go Wrong,91.985,2:18,4,6282,Uz079Wq0WuU,,,,,
WHAT'S GOOD,"Tyler, The Creator",IGOR,118.227,,1,6283,on7pfd91cKc,,,,,
What Was That,Lorde,What Was That,168.152,3:29,0,6284,diXWpOU-k7o,,,,,
WHAT TO DO? (feat. Don Toliver),JACKBOYS;Travis Scott,JACKBOYS,118.037,,9,6285,kc-eSOUNtbk,,,,,
What It Do,Lupe Fiasco,Lupe Fiasco's Food & Liquor (5th Anniversary Edition; Deluxe Edition),181.607,,1,6286,5SrJoWUajOk,,,,,
What I Used To Get Into,Roy Woods,Dark Nights,120.012,3:12,9,6287,orRfH03hu9k,,,,,
What I Said,Lisha G;Trini Viv,Groovy Steppin Sh*t,152.296,1:41,10,6288,TOiiUjYP3WE,,,,,
What Goes Around.../...Comes Around (Interlude),Justin Timberlake,FutureSex/LoveSounds Deluxe Edition,75.996,7:28,7,6289,nC3IFtNBpdw,,,,,
WHARF TALK (feat. A$AP Rocky),"Tyler, The Creator;A$AP Rocky",CALL ME IF YOU GET LOST: The Estate Sale,96.445,3:24,11,6290,MZ7okaUoqHs,,,,,
WESTSIDE,Westside Gunn,Supreme Blientele,82.048,3:16,4,6291,u3OkzoF4b3A,,,,,
Westside,Lil Yachty,Lil Boat 3,145.981,,6,6292,hUxzWyB2d_E,,,,,
Westbrook,JID,DiCaprio 2,,3:58,,6293,O-YI7EhrX1s,,,,,
WEST UP,Talinwya,WEST UP,78.924,1:37,10,6294,soL20SEIQcM,,,,,
West Coast,Lana Del Rey,Ultraviolence,123.133,4:16,6,6295,T9AfBnvZJ_M,,,,,
Wesley's Theory (feat. George Clinton & Thundercat),Kendrick Lamar,To Pimp A Butterfly,114.449,4:48,7,6296,l9fN-8NjrvI,,,,,
Well bucket,ML Buch,Suntub,115.071,3:16,5,6297,YG-pXkvYL0E,,,,,
Welcome to the Circus,Princess Nokia,Everything Sucks,130.154,1:56,9,6298,vhyNoSLj538,,,,,
Weird Fishes,Lianne La Havas,Lianne La Havas,151.458,,7,6299,uegfE22dmSY,,,,,
weight of the moon,SCayos,weight of the moon,133.994,2:48,2,6300,HI7hjsKELB0,,,,,
WEIGHT,BROCKHAMPTON,iridescence,160.259,,9,6301,Wal-xXCzM1w,,,,,
Weekend Run,Unknown Mortal Orchestra,V,124.102,,6,6302,Dow25ACY11Q,,,,,
Weekend (feat. Miguel),Mac Miller,GO:OD AM,120.058,,8,6303,o36scmAJE-U,,,,,
Wednesday Night Interlude (feat. PARTYNEXTDOOR),Drake,If You're Reading This It's Too Late,135.44,3:33,9,6304,Fig9ZBQaXK8,,,,,
Webbie (feat. Duke),Young Thug,JEFFERY,78.52,,1,6305,YNre7AtXhWg,,,,,
Weary,Solange,A Seat at the Table,157.013,3:14,1,6306,u8Y5gk8J7XQ,,,,,
We're Fucked (feat. Solomon Fox),Medasin;Myles Martin,We're Fucked,87.29,,10,6307,ngJOWfx9s2I,,,,,
WE SAW THE SUN!,Lil Yachty,Let’s Start Here.,156.02,5:31,10,6308,O2wzfboB9Eg,,,,,
We Not Humping (Remix),Monaleo;Flo Milli,We Not Humping (Remix),,2:24,,6309,8CgU3EIe0OA,,,,,
We Major (feat. Kanye West & Really Doe),Kanye West,Late Registration,85.483,7:28,20,6310,_fr4SV4fGAw,,,,,
We Good,Aftertheparty,What You Really Mean to Me,130.007,2:27,4,6311,TlofXGdv_oM,,,,,
We Find Love,Daniel Caesar,Freudian,78,4:14,5,6312,nz-s1qgmRZM,,,,,
We Didn't Start the Fire,Billy Joel,Storm Front,145.024,,7,6313,55q6jrfBDdk,,,,,
We Are the Sun,SAULT,5,95.485,,1,6314,UVvaoSLDAVQ,,,,,
We Are Gods,SAULT,Untitled (God),91.242,4:32,7,6315,9jppGDQZr1M,,,,,
Waybach,Gucci Mane,Everybody Looking,129.009,3:33,1,6316,cvL_7B0dRdo,,,,,
"Way Hii (feat. A$AP Rocky, Wiz Khalifa, BJ The Chicago Kid & Buddy)",A$AP Mob,Cozy Tapes: Vol. 1 Friends -,123.994,,11,6317,Cxet8dj3XTw,,,,,
Waves of Nature,WILLOW,ARDIPITHECUS,95.015,,0,6318,UBQ8RSGKRG0,,,,,
Waves of Blue,Majid Jordan,Wildest Dreams,99.983,,6,6319,obbIjW4QQEc,,,,,
Waterslide (feat. Lil Skies) (feat. Lil Skies),Yung Bans,Yung Bans,75.02,,0,6320,oXJ3DAyuYkg,,,,,
Waterfalls,SAULT,7,180.139,4:00,4,6321,hkzESXZp8Wo,,,,,
Water (feat. Lil Baby),ScHoolboy Q,CrasH Talk,130.995,,10,6322,cmz3BU5mgRg,,,,,
Water,Raveena,Where the Butterflies Go in the Rain (Deluxe),175.71,,7,6323,_DCZBoq_dMg,,,,,
watch,Billie Eilish,dont smile at me,165.212,2:57,0,6324,V47CAl52Tdo,,,,,
WASTING TIME,Brent Faiyaz;Drake;The Neptunes,WASTELAND,89.378,5:01,7,6325,bq1M6QmmW5M,,,,,
Wasted Times,The Weeknd,"My Dear Melancholy,",122.696,,10,6326,RSIoRbhnFBk,,,,,
wassup wya,Cash Cobain,PLAY CASH COBAIN,,,,6327,yHcdCCgAz4k,,,,,
Wassup,A$AP Rocky,LIVE.LOVE.A$AP,143.917,2:38,1,6328,RxVDK5nUDjA,,,,,
WANTED U,Joji,BALLADS 1,82.977,,7,6329,9tYM52XP1W0,,,,,
Want Your Feeling,Jessie Ware,Tough Love (Deluxe),123.028,4:21,9,6330,mRlxIQXhU-o,,,,,
Want U Back,Spencer.,,122.952,,9,6331,G5z4BTAO_nI,,,,,
Wanders of the Mind (feat. Mac Miller),The Internet;Mac Miller,Feel Good,120.188,4:26,10,6332,aRgC8IK3kuE,,,,,
Wander,Tame Impala,,89.978,,1,6333,eLTmsn_sF9I,,,,,
Walking In The Rain,Toro y Moi,Hole Erth,124.011,3:34,10,6334,Jkriqf_C8NA,,,,,
Walkin,Denzel Curry,Walkin,135.999,4:40,11,6335,WYT4gMDHYZw,,,,,
Walk On Water,A$AP Mob,,140.023,,0,6336,TfW5hrLD4oU,,,,,
Waited All Night (feat. The xx),Jamie xx;Romy;Oliver Sim,Waited All Night,135.865,3:29,16,6337,qPyKFkbzFuc,,,,,
Waikiki,SahBabii,Saaheem,131.988,2:54,11,6338,-YsLpLFEjK0,,,,,
WAHALA!,JELEEL!,WAHALA!,105.995,2:06,8,6339,gxxIS51PK3I,,,,,
쟤가 걔야 (Waggy),MAMAMOO,,,,,6340,ExwhC3T7Vd4,,,,,
Wade,Clairo,Sling,107.792,4:46,5,6341,KJJBgn144QQ,,,,,
W.D.Y.W.F.M?,The Neighbourhood,I Love You.,123.997,4:19,8,6342,tDm5zslFXwc,,,,,
Voulez-Vous,ABBA,Voulez-Vous,126.636,5:09,11,6343,0X2mn7Sk9lQ,,,,,
Voices Of The Spirits,Roberto Musci,,,,,6344,7QLo5Zpc2-8,,,,,
Vodka Me Down,Father,Hu$band 2,139.963,1:56,12,6345,QZ-Y88W4zMI,,,,,
Viva La Vida,Coldplay,,138.015,,5,6346,HGorCGszxZU,,,,,
Visions,Wiz Khalifa,,80.652,,7,6347,613WBN2eTW4,,,,,
Virgo World,Lil Yachty,,129.918,,0,6348,S0Vp6KtIbYw,,,,,
Violet,Daniel Caesar,Violet,129.975,2:24,4,6349,0X0nqUn6Ci0,,,,,
Violent Crimes,Kanye West,ye,109.813,3:35,1,6350,pOLMGTtphCc,,,,,
Vincent Chase Slippin',MALFNKTION;Shayan Roy,Vincent Chase Slippin',131.939,3:20,11,6351,EJ5VtXVMkC8,,,,,
Vincent,James Blake,Vincent,111.965,5:09,7,6352,ZYgdSZjL_yg,,,,,
Vikram Vikram,Ilaiyaraaja;Kamal Haasan,Vikram (Original Motion Picture Soundtrack),119.476,4:24,11,6353,OIksjquWzGw,,,,,
Views,Drake,Views,78.855,5:11,0,6354,eZMX5YjnorQ,,,,,
Viewfinder,Sam Gellaitry,Viewfinder Vol. 1: PHOSPHENE,157.97,4:25,5,6355,9heiS8CPTvk,,,,,
Video Games,Lana Del Rey,Born To Die - The Paradise Edition,72.847,4:41,6,6356,1wEVjlVlM18,,,,,
Victory Lap Five,Fred again..;Skepta;PlaqueBoyMax;Denzel Curry,USB,,,,6357,2k12FmZyIR4,,,,,
Vex Oh,KAYTRANADA,,112.494,,5,6358,S2-wrJ9yYiQ,,,,,
Very Ape,Nirvana,In Utero (Deluxe Edition),152.09,1:55,1,6359,Uyen5gPGEC8,,,,,
Versace,Migos,Young Rich N*ggas,132.072,3:15,6,6360,fAUPQPp5A60,,,,,
Veridis Quo,Daft Punk,Discovery,106.896,5:45,9,6361,POSwzCFwUZ0,,,,,
vent,Baby Keem,The Melodic Blue,113.886,2:16,9,6362,87P_gv3HFNI,,,,,
VENGEANCE | VENGEANCE,Denzel Curry,,,,,6363,A9lJM304CNU,,,,,
Venezuela Trains,Ravyn Lenae,Moon Shoes EP,127.997,4:09,10,6364,YkfXMszWYDA,,,,,
Veins,Xavier Omär;Sango,Moments Spent Loving You,128.821,,1,6365,EIa5XBQdOyo,,,,,
vasam,cavya sound;HIMALAYA,vasam,113.047,2:53,9,6366,Um11TDNALSw,,,,,
Vamp (feat. Tommy Genesis) (feat. Tommy Genesis),Father,Who's Gonna Get Fucked First?,140.081,,1,6367,KhbYJwooFiw,,,,,
Valleys of Neptune,Jimi Hendrix,Electric Lady Studios: A Jimi Hendrix Vision,87.884,3:45,5,6368,LYaYpGIl8E0,,,,,
Valerie (Version Revisited) (feat. Amy Winehouse),Mark Ronson,Version,,,,6369,-WrSLR5oEao,,,,,
Valentines Day,Se'Kret,Valentines Day,,,,6370,l_YWF6GOHco,,,,,
Ustad,Baalti,Baalti,123.971,6:11,5,6371,--l8mq6xj6A,,,,,
Girl Next Door,Ayesha Erotica,Ayesha.FM,,3:24,,6372,iej1VA_UuIc,,,,,
Upgrade U (feat. JAY-Z),Beyoncé,B'Day,84.547,,7,6373,lGz8KiCcHys,,,,,
Up There,Post Malone,Stoney (Deluxe),72.975,,5,6374,ycbcPqeN85U,,,,,
untitled 07 | 2014,2016,,,,,6375,kSWZJDBkN98,,,,,
Untitled (How Does It Feel),D'Angelo,Voodoo,112.618,7:10,4,6376,CRKXG5YleHU,,,,,
"Untitled #2 (Boombox Practice Session, 1998)",American Football,American Football (Deluxe Edition),,2:14,,6377,D3xR1IVB_TA,,,,,
Uno II,Viagra Boys,viagr aboys (Japanese Deluxe Edition),136.965,,11,6378,uPcRq0sMruI,,,,,
Universal Studios (feat. Wiz Khalifa),The Alchemist;Wiz Khalifa,Universal Studios (feat. Wiz Khalifa),151.786,3:46,1,6379,l4oWAlS43O0,,,,,
United In Grief,Kendrick Lamar,Mr. Morale & The Big Steppers,87.393,,1,6380,JndNN8pOaIo,,,,,
Unique (feat. Anderson .Paak),GoldLink,"And After That, We Didn't Talk",,,,6381,IvlhUTbdrn8,,,,,
Unipvich,Clever Austin,Pareidolia,144.091,2:02,1,6382,NpCy-Kg9qPI,,,,,
Unfold,Alina Baraz;Galimatias,Urban Flora,111.945,4:32,9,6383,FpnmpOeMiiE,,,,,
UNDERWATER BOI,Turnstile,GLOW ON,131.094,,11,6384,ZG2UTO-pExw,,,,,
Understand (feat. Curren$y),Lord Sko,Understand,156.033,,1,6385,xCfQYRFCsns,,,,,
Unconditional Oceans,Brandy,b7,82.263,,11,6386,sMfY_-3c3pI,,,,,
Uncle Sam,Run Along Forever;AyooLii;FearDorian,Uncle Sam,95.395,1:40,6,6387,MV3QRnOW_hg,,,,,
Uncle Elroy,SahBabii,LeakOut,149.951,3:12,14,6388,YRFGSsXFnIw,,,,,
Unakkul Naane,Pritt;dilushselva,Unakkul Naane,107.021,2:07,0,6389,-XI2_610F0s,,,,,
Uh Uh,Thundercat,Drunk,158.128,,1,6390,wawFGZQSqYk,,,,,
Uh Huh,Tinashe,BB/ANG3L,,,,6391,VHcZt6PkmcA,,,,,
UFOF,Big Thief,U.F.O.F.,147.168,3:08,10,6392,2RaZjVDwagI,,,,,
U-RITE,THEY.,U-RITE,129.928,3:12,2,6393,zDIxZUXXmSo,,,,,
U-Love,J Dilla,Donuts,180.685,1:00,5,6394,_bQSG6WbP6A,,,,,
U&ME (Baauer Remix),alt-J,U&ME (Baauer Remix),,,,6395,9oABcwnxFgM,,,,,
U Remind Me,Usher,8701,93.985,,6,6396,mbKeWdC50ls,,,,,
u kno who u are (feat. MIKE),SALIMATA,Wooden Floors,186.983,2:13,7,6397,NxWYFvf4QH0,,,,,
U Gotta,"Earthgang, Spillage Village, Pharrell Williams",PERFECT FANTASY,,3:01,,6398,MNAB88QUr2U,,,,,
U Don't Know How,Wavedash,Tempo,,,,6399,41YbQUMOsL0,,,,,
U,Jaden,SYRE,142.495,,2,6400,rVLW7tyhp1E,,,,,
U,DJ Seinfeld,Time Spent Away From U,125.999,,8,6401,6F6Sxrd7rw4,,,,,
u,Kendrick Lamar,To Pimp A Butterfly,71.547,4:28,11,6402,XGC4QpDIpJc,,,,,
Tyrant (feat. Jorja Smith),Kali Uchis,Isolation,82.433,,3,6403,tNCP6QTIbE4,,,,,
Typhoon Wulf,Xavier Wulf,"Greatest Hits, Pt. 1",128.029,,8,6404,t7gEh5IgEH8,,,,,
Tyler Herro,Jack Harlow,Thats What They All Say,123.066,,5,6405,jo_sp22BbvE,,,,,
Two Weeks,Grizzly Bear,Two Weeks,159.871,,5,6406,QSNVMVNKS7k,,,,,
Two Slow Dancers,Mitski,Be the Cowboy,81.392,3:59,0,6407,XTFe_bUZH3o,,,,,
Twin Geeker,Paris Texas,They Left Me With A Gun,150.973,2:23,10,6408,0y95s90nB88,,,,,
TWIN FLOW,LUCKI;Veeze,GEMINI!,85.016,2:10,1,6409,v_zJBTeswIk,,,,,
Twin,1010benja,Ten Total,93.246,3:03,8,6410,Gq1ZeST7zKU,,,,,
Tweakin',Vince Staples,FM!,133.968,,9,6411,G4FpY98HMNY,,,,,
Turtles,Flying Lotus,You're Dead! (Deluxe Edition),146.055,2:06,11,6412,-EgwsooE-F8,,,,,
Turn You Up (feat. 1900Rugrat),Jorjiana;1900Rugrat,Turn You Up (feat. 1900Rugrat),130.948,2:02,2,6413,2Z0dh-xVszw,,,,,
Turn da Lights Off (feat. Missy Elliott),Tweet,It's Me Again,82.987,,1,6414,h4tKaQhB1UQ,,,,,
"Tum Tum (From ""Enemy - Tamil"")","Thaman S, Sri Vardhini, Aditi Bhavaraju, Satya Yamini, Roshini JKV, Tejaswini, and Vivek","Tum Tum (From ""Enemy - Tamil"")",,3:49,,6415,u_hIshXvtng,,,,,
TUM JO AAYE,RAHAT FATEH ALI KHAN;TULSI KUMAR;PRITAM;IRSHAD KAMIL,ONCE UPON A TIME IN MUMBAAI,83.706,,4,6416,LQzByGZHiQ8,,,,,
Tuesday,TYSON,Pisces Problems,149.908,,9,6417,j2MhfwkdHKg,,,,,
Tuck That Hate In (Boogie Mix),OJA,Tuck That Hate In,,2:14,,6418,jN1V6-naEAk,,,,,
TSU,Drake,Certified Lover Boy,130.019,5:08,9,6419,nS9LoYZVbfs,,,,,
Try Me,Karan Aujla;Ikky,Making Memories,97.244,,1,6420,Vxz5MBgufW0,,,,,
Try Again,Aaliyah,Aaliyah,93.053,,6,6421,FqGCwcRIhZE,,,,,
Truth Hurts,klark sound,What Is Music,80.31,4:02,7,6422,n4-IjMb0PeM,,,,,
Truth Be Told,THEY.,Nü Religion: HYENA,171.009,,4,6423,njRYNm7dBXQ,,,,,
Trust Nobody,Hippie Sabotage,Trust Nobody,127.99,,2,6424,b54ZsqLBFHc,,,,,
Trust Issues,o'six,Trust Issues,120.069,3:36,8,6425,J-hxiuk2rec,,,,,
True romance,PinkPantheress,Heaven knows,160.06,2:16,11,6426,nscGTGQxLAc,,,,,
Tropics,Sunny & Gabe,Peace of Cake,193.956,4:10,11,6427,IElRZrvkU_0,,,,,
Trips,Reem,Trips,125.091,2:48,0,6428,WIm3t9fYlV4,,,,,
Triple Backflip,Action Bronson,SAAAB Stories Produced by Harry Fraud,152.66,2:51,6,6429,fD_qeyZM6HQ,,,,,
Triggaman,Niontay,Fada<3of$,94.021,2:03,1,6430,nzO3waymur8,,,,,
Tree's Root,S!RENE,,104.637,,1,6431,hItz03TOBqQ,,,,,
Treat,Andrea Vallé,Lovergirl,,3:09,,6432,gPcZ8DObSzc,,,,,
Treason,Tinashe,BB/ANG3L,,,,6433,upAzqCpqopI,,,,,
Transmuted Matter,Stereolab,Instant Holograms On Metal Film,141.945,4:16,1,6434,_qpygIcPdXE,,,,,
Transmission,Sid Vashi,,126.913,,0,6435,kGGtZTkwjQE,,,,,
Tranquila,FMK,,96.006,,11,6436,4-U0azx8hgo,,,,,
trademark usa,Baby Keem,,130.027,,10,6437,aUb7UtjyRmw,,,,,
"Tracy, Ca",Larry June,Mr. Midnight,96.011,2:31,9,6438,Hz_65Rpa0Yo,,,,,
Tracy,Mogwai,,76.13,,4,6439,m2lJoXe2AiU,,,,,
TOXIC,Playboi Carti;Skepta,MUSIC,70.997,2:16,15,6440,vEj7Pt5XmNA,,,,,
TOURMALINE,Earl Sweatshirt,Live Laugh Love,71.484,2:53,0,6441,jvVR-Ks21ds,,,,,
Tour de France (Etape 2) [2009 Remaster],Kraftwerk,Tour de France (2009 Remaster),,6:42,,6442,JKJoiNOUgi4,,,,,
Touch & Go,Ivy Lab,Infinite Falling Ground,144.001,3:40,7,6443,ouCW-Q1f1aE,,,,,
TOUCH,Sparklmami;Les Sons Du Cosmos,TOUCH,87.682,2:19,9,6444,ayEL6UKH2Pc,,,,,
Javeda Zindagi,Kshitij,,,,,6445,PNacQbYrH_E,,,,,
Toronto,KEY! & Kenny Beats,777,,2:34,,6446,uJ82HRst8a4,,,,,
Tormenta (feat. Bad Bunny),Gorillaz;Bad Bunny,Cracker Island (Deluxe),94.997,3:13,0,6447,UKhpUm7LwZ0,,,,,
Tora Moyo,Mei Semones,Animaru,107.439,2:51,2,6448,yuOIFZEgbec,,,,,
Topanga,Trippie Redd,A Love Letter To You 3,105.952,3:35,4,6449,TTnEu4zKiR8,,,,,
Top (feat. Pi'erre Bourne),Playboi Carti,Die Lit,130.004,2:13,1,6450,7-AIqYRtLMw,,,,,
Top,Playboi Carti,Die Lit,129.941,2:14,16,6450,7-AIqYRtLMw,,,,,
Too Young,Post Malone,Stoney (Deluxe),123.035,3:57,11,6451,Z4rVto63ZBc,,,,,
Too Good,Rayana Jay,Sorry About Last Night,145.016,3:07,11,6452,cwX47kv2zoU,,,,,
TONYA,BROCKHAMPTON,iridescence,80.193,4:43,7,6453,KijEfKSm7d4,,,,,
Tony Montana Flow,Chief Keef,Tony Montana Flow,74.954,2:22,0,6454,ghnwXDBCdlE,,,,,
Tonight,Kidswaste;Manila Killa,Tonight,86.905,3:26,7,6455,TorT8luKtZA,,,,,
Tomorrow,Kali Uchis,Isolation,107.034,3:10,2,6456,a-CS-j87w5o,,,,,
Tomboy,Princess Nokia,Tomboy,149.837,3:44,2,6457,cp9dL86S_Pk,,,,,
TOGETHER,KAYTRANADA;AlunaGeorge;GoldLink,99.9%,112.018,3:17,1,6458,vcNUiGI4oYo,,,,,
TOGETHER,Aminé,ONEPOINTFIVE,132.887,3:34,4,6459,m6yHT3mhiRE,,,,,
Today Might Be The Day,SahBabii,Do It For Demon,139.963,3:25,8,6460,Fclx1qescvc,,,,,
Today,Mura Masa;Tirzah,R.Y.C,,3:21,,6461,UjgaC-LcRZA,,,,,
Toco Toco To,Dixson Waz,Toco Toco To,116.046,3:01,8,6462,QFNhwS-8kz0,,,,,
To Zion,Lauryn Hill,,173.273,,7,6463,SWz-RU3OtmA,,,,,
To You (feat. Robert Glasper & Emi Secrest),Juicy J;Robert Glasper;Emi Secrest,Ravenite Social Club,87.999,,10,6464,jX-z4wF-9z0,,,,,
To Me,Alina Baraz,To Me,77.996,,1,6465,mL7ofysTlFg,,,,,
To Be Hunted,Childish Gambino,Atavista,114.988,4:14,5,6466,qTw9X6MLRDE,,,,,
Titanoboa (feat. T3),SahBabii;T3,S.A.N.D.A.S.,120.114,3:33,15,6467,7gtNLIqRims,,,,,
Tiny Cities (feat. Beck),Flume,Skin,71.049,,6,6468,gq1vQ5Go6nQ,,,,,
Timeless,James Blake,The Colour In Anything,139.976,4:22,11,6469,wPUlvW-ezWo,,,,,
Time Waited,My Morning Jacket,is,172.087,3:39,1,6470,VrKXag66m-Y,,,,,
Time N Affection,Chris Brown;Rema,Rave & Roses,108.643,3:50,9,6471,pCN2334jD20,,,,,
Time Is Precious,SAULT,Air,84.986,7:03,1,6472,15zieRlxd-4,,,,,
Time Flies,Drake,Dark Lane Demo Tapes,86.46,3:12,10,6473,2svEh1y9kyM,,,,,
time 4 lunch,Big Head,Bad Luck,155.054,2:25,4,6474,xoX9tZMtHSw,,,,,
Time,SG Lewis,times,116.054,,10,6475,A0fsoHX8f2Y,,,,,
Till It's Done (Tutu),D'Angelo and The Vanguard,Black Messiah,,3:52,,6476,wo95qeZUvrk,,,,,
Tiiied (feat. 6LACK & Ella Mai),JID,DiCaprio 2,97.183,,2,6477,wkaKf2f5n8A,,,,,
Tightrope,Tinashe,BB/ANG3L,,,,6478,zuJHjFsK6cg,,,,,
TiFFANY (B),IDK;Gunna,BRAVADO + INTiMO,,,,6479,33ffWegGMjo,,,,,
Tia Tamera (feat. Rico Nasty),Doja Cat;Rico Nasty,Amala (Deluxe Version),119.884,3:31,0,6480,Mvwq1YsvswI,,,,,
Thé à la menthe (The Lazer Dance Version),La Caution,Peines de Maures / Arc-en-ciel pour daltoniens,98.973,4:14,8,6481,oD_bDnWFMoA,,,,,
Thunder Man,Xavier Wulf,Blood Shore Season 2,139.992,3:05,2,6482,vvL691-gFiY,,,,,
Throw Sum Mo (feat. Nicki Minaj & Young Thug),Rae Sremmurd,SremmLife,142.061,4:21,6,6483,-Y_3s3AGMnE,,,,,
Throw It,Babyxsosa,Throw It,140.012,,9,6484,TTjOHxXYP7s,,,,,
through the late night,Travis Scott,Birds in the Trap Sing McKnight,127.051,,5,6485,zojCw8_AdRg,,,,,
Through It All,Lady Wray,Piece of Me,161.373,,5,6486,nsGTDZEKRFA,,,,,
Three Man Weave,Injury Reserve,Injury Reserve,168.151,,11,6487,cZhkIbCbQxA,,,,,
Three From Two,Khruangbin,A LA SALA,89.61,3:34,5,6488,LlR0FDLMTD8,,,,,
Threats,SAULT,7,139.937,,11,6489,eTET6H5h9E4,,,,,
Thoughts from a Balcony,Mac Miller,Macadelic,87.327,3:05,6,6490,zg1ZcDAmtcA,,,,,
Those Were The Days,Aaliyah,Aaliyah,86.957,3:24,1,6491,CFFpOj7RcGI,,,,,
THIS YEAR (Blessings) [Remix] (feat. Ehis 'D' Greatest),Victor Thompson;Gunna,THIS YEAR (Blessings) [Remix],,2:41,,6492,VR3XHBj04Jg,,,,,
This Must Be the Place (Naive Melody) (feat. Norah Jones),BADBADNOTGOOD,Everyone's Getting Involved: A Tribute to Talking Heads' Stop Making Sense,,,,6493,UlTROYPQw_o,,,,,
This Is Why,Paramore,This Is Why,123.052,3:26,2,6494,_Eb4r-GU-yo,,,,,
This Is What They Say,Carly Rae Jepsen,Dedicated Side B,113.019,3:34,0,6495,Kro5_QqEY38,,,,,
This Is the Life,Curren$y,Weekend at Burnie's,169.929,,0,6496,pq1KeXm9JTg,,,,,
This Feeling,Alabama Shakes,Sound & Color,130.808,,7,6497,twX2E4jmARE,,,,,
Think U The Shit (Fart),Ice Spice,Y2K!,122.105,,9,6498,FC3SjfVvSAQ,,,,,
Things I Used to Do,Jimi Hendrix,Both Sides of the Sky,93.241,3:41,7,6499,DE6RUdBrYTY,,,,,
Things Change,Bryson Tiller,A N N I V E R S A R Y,145.756,3:34,9,6500,yJP1WYG9T6E,,,,,
They Comin',Crookers,I Hope This EP Finds You Well,125.007,3:58,8,6501,gsVou3E3WLE,,,,,
"These Walls (feat. Bilal, Anna Wise & Thundercat)",Kendrick Lamar,To Pimp A Butterfly,108.005,5:01,1,6502,AHNK4k3Cr24,,,,,
There Is No Ice (For My Drink),Thom Yorke,Tomorrow's Modern Boxes,124.688,,6,6503,4hRQNHVCtwk,,,,,
Therapy pt. 2 (feat. Mac Miller),Robert Glasper,Therapy pt. 2,81.978,3:23,5,6504,1rKfQGXeWhU,,,,,
Then Again (feat. Detroit Symphony Orchestra),"Bela Fleck, Zakir Hussein & Edgar Meyer",The Melody Of Rhythm,,,,6505,uvDB7gQMzF4,,,,,
Theme Music to a Drive-By,Lupe Fiasco,Lupe Fiasco's Food & Liquor (5th Anniversary Edition; Deluxe Edition),166.78,,6,6506,hk1yDohl2xU,,,,,
Theme De Crabtree,Madlib,Sound Ancestors,175.118,2:16,8,6507,6Jl0f145ez4,,,,,
THE zone~,Lil Yachty,Let’s Start Here.,81.982,4:09,6,6508,hOOvM1A6sEU,,,,,
The Zone (feat. Drake),The Weeknd,Thursday,139.837,6:59,3,6509,k2AsJ6uoThU,,,,,
The Zephyr Song,Red Hot Chili Peppers,By the Way,117.38,,2,6510,-BLfnaPmNJ0,,,,,
The Worst Is Done,Weyes Blood,"And In The Darkness, Hearts Aglow",121.277,6:00,3,6511,k8IljUaVeQw,,,,,
The World It Softly Lulls,Hiatus Kaiyote,Tawk Tomahawk,101.382,2:55,8,6512,4i59EKJjZJ8,,,,,
The World Is Crowded,Unknown Mortal Orchestra,Multi-Love,95.208,4:19,1,6513,IFyAapzPXVU,,,,,
The Way She Dances,N.E.R.D.,Fly Or Die,,,,6514,84b3mYr9DmU,,,,,
The Waters (feat. BJ the Chicago Kid),Anderson .Paak,Malibu,91.456,,10,6515,1qm_G_pESYs,,,,,
"The Wake Pt. 3 & 2 (see page 87, 58, and 48)",Slauson Malone 1,Vergangenheitsbewältigung (Crater Speak),104.416,,4,6516,ICu-vklYO5w,,,,,
The View,Toro y Moi,Sandhills,122.94,2:35,3,6517,AKSEh5lWw6s,,,,,
The Valley of the Shadow of Death,Mick Jenkins,Elephant In The Room,78.59,3:01,11,6518,AbWm8jkKvZk,,,,,
The Unknown (feat. Ayelle),Ford.;Hanz,The Unknown,73.973,,8,6519,6C5WOCguQb0,,,,,
The Tourist,Radiohead,OK Computer,114.759,5:26,4,6520,HkgzObf8uVU,,,,,
The Tired Influencer,Gorillaz,Cracker Island (Deluxe),133.985,3:31,7,6521,eVFS-9QO6Dc,,,,,
The Thrill,Wiz Khalifa;Empire Of The Sun,The Thrill,126.984,3:54,10,6522,85h0Uozw4y0,,,,,
The Thin Grey Line,$uicideboy$,The Thin Grey Line,142.908,1:45,1,6523,S_7JNkwqKGI,,,,,
The Super It,Stereolab,Electrically Possessed [Switched On Volume 4],108.96,3:51,7,6524,c25UJlxRrGw,,,,,
The Summit,Spiritbox,Eternal Blue,94.941,3:57,7,6525,oAsdz1U3viA,,,,,
The Statement (Remix),Wiz Khalifa,Kush & Orange Juice,87.032,2:47,1,6526,rsSViL8i2ko,,,,,
The Star-Crossed Lovers (aka Pretty Girl),Duke Ellington,Such Sweet Thunder (Expanded Edition),103.566,4:00,1,6527,H-jg3scxeik,,,,,
The Star Room,Mac Miller,Watching Movies with the Sound Off,75.516,,8,6528,zmaxqRlbrFc,,,,,
The Smoke,The Smile,A Light for Attracting Attention,93.392,3:39,11,6529,RU3i6CB5Tgg,,,,,
The Shoe Fits,Drake,For All The Dogs Scary Hours Edition,76.01,,4,6530,jKuMAitWj2g,,,,,
The Season | Carry Me,Anderson .Paak,,78.846,,1,6531,9v5-0caYfqc,,,,,
The Root Of All Evil,Rx Papi,The Root Of All Evil,137.106,2:48,11,6532,KWZ7AV2KozE,,,,,
The Root of All (feat. Slick Rick & Lil Wayne),DJ Premier;Slick Rick;Lil Wayne,Hip Hop 50: Vol. 1,96.335,2:17,3,6533,4c3Fl2k_Q64,,,,,
The Ringer,Eminem,,118.552,,1,6534,ACNgFW50EbU,,,,,
The Recipe,SiR,,129.555,,0,6535,WQhp0DX1c_o,,,,,
The Razor's Apple,Fleshwater,We're Not Here to Be Loved,73.604,3:11,1,6536,b_BPjCG4FXE,,,,,
The Prelude,JAY-Z,Kingdom Come,82.478,2:44,11,6537,CsUFuOmypyM,,,,,
The Path,Lorde,Solar Power,92.021,3:41,5,6538,UHqsfUTjr2w,,,,,
The Palisades,Childish Gambino,,100.049,,8,6539,cauPUjG5P14,,,,,
The Ocean Is Fake,Flume;JPEGMAFIA,We Live In A Society,84.85,3:24,1,6540,95A2CUxWwVE,,,,,
The Numbers,Radiohead,A Moon Shaped Pool,105.215,5:45,5,6541,zmo-11Bc0XM,,,,,
The Neurochem Mixalogue,Shabazz Palaces,,131.191,,9,6542,7-ZrxSBlWoY,,,,,
The Motto (feat. Lil Wayne),Drake,Take Care (Deluxe),201.8,3:02,1,6543,xMGBOcUhqu0,,,,,
The Mother Lode,Thom Yorke,Tomorrow's Modern Boxes,149.024,6:06,6,6544,kZo9bY9C-Fw,,,,,
The Morning,The Weeknd,Trilogy,120.115,5:14,6,6545,_Cw_GyYn2bE,,,,,
The Matrix,Ski Mask The Slump God,,142.902,,8,6546,Ku5J_7g8nXQ,,,,,
The Loop,Toro y Moi,The Loop,172.936,4:01,12,6547,hzgsfhSgR5g,,,,,
The Letter,Crumb,Jinx,116.957,2:05,3,6548,zuCh3RkOzf8,,,,,
The Lazy Song,Bruno Mars,Doo-Wops & Hooligans,174.915,3:09,8,6549,sLRtf41L12A,,,,,
The Kiss Of Venus,Paul McCartney;Dominic Fike,The Kiss Of Venus,,2:24,,6550,4HQEzS8_yvE,,,,,
The Jumps,Thom Yorke,Suspiria (Music for the Luca Guadagnino Film),118.91,2:38,9,6551,lzJ-KnD5bXI,,,,,
The Healer,Erykah Badu,New Amerykah Part One (4th World War),90.172,3:59,11,6552,n25vseUQdK8,,,,,
The Hard Way,Sid Sriram,The Hard Way,163.994,3:32,11,6553,93HQvb9htjs,,,,,
The Great Pumpkin Waltz,Vince Guaraldi,"It's The Great Pumpkin, Charlie Brown",149.601,3:30,3,6554,uINn4mkqL0M,,,,,
The Fool On The Hill (Remastered 2009),The Beatles,The Beatles 1967 - 1970,,,,6555,rtnAI1hgNyI,,,,,
The Flight Of The Moon Man,Kid Cudi,Indicud,114.937,2:51,10,6556,xANkgwh1o0k,,,,,
The Finer Things,Ramirez,The Finer Things,89.487,2:08,1,6557,oLh1rALpR4Y,,,,,
The Festival,Mac Miller,,135.098,,6,6558,ZptG-yglvmw,,,,,
The Dress,Dijon,Absolutely,88.009,3:04,8,6559,ws5K_5G_xvI,,,,,
The Don Of Dons (Put De Ting Pon Dem) (feat. Jadakiss),Super Cat;Jadakiss,The Neptunes Present... Clones,84.971,4:10,11,6560,L5FD2LJCwnQ,,,,,
The Difference (feat. Toro y Moi),Flume,The Difference (feat. Toro y Moi),80.003,2:20,6,6561,bHmI74V8Dgc,,,,,
The Coolest,Lupe Fiasco,Lupe Fiasco's The Cool,88.535,5:12,6,6562,z7F23AJGrnA,,,,,
The Consequences Of Jealousy,Robert Glasper;Meshell Ndegeocello,Black Radio,125.776,6:07,16,6563,mD6xF9k0tik,,,,,
The Consequences Of Jealousy (feat. Me'Shell N'Degeocello),Robert Glasper Experiment,Black Radio,123.166,6:08,16,6563,mD6xF9k0tik,,,,,
The Circle,SAULT,11,102.826,3:05,11,6564,ebOBwppqKsc,,,,,
The Choreographer,Action Bronson,Blue Chips 7000,98.59,3:12,7,6565,0NrdQaQZVlM,,,,,
The Chairman's Intent,Action Bronson,Blue Chips 7000,93.566,,7,6566,MdH_MqdGfb0,,,,,
The Boy,The Smashing Pumpkins,Aeroplane Flies High (Deluxe Edition),131.158,3:03,6,6567,JRnnhMetvfg,,,,,
The Bold Arrow Of Time,Tame Impala,InnerSpeaker (Collector's Edition),121.334,3:48,13,6568,Dd8h2nqIRJM,,,,,
THE BLUES,Vince Staples,RAMONA PARK BROKE MY HEART,123.119,2:22,2,6569,Z_JX3l0es6w,,,,,
THE BLACKEST BALLOON | THE 13LACKEZT 13ALLOON,Denzel Curry,TA13OO,145.005,,1,6570,_eBwNrpKdT8,,,,,
The Bell,Yeat,The Bell,147.075,2:44,5,6571,x32CsJasYwM,,,,,
The Beach,Wolf Alice,Blue Weekend,107.982,2:35,8,6572,ET1tap3679M,,,,,
The Antidote (feat. Nai Palm),Taylor McFerrin,Early Riser,133.778,3:06,23,6573,MzLlgVOD548,,,,,
The Adventures of Rain Dance Maggie,Red Hot Chili Peppers,I'm with You,106.254,4:42,4,6574,DowAWZgDO8c,,,,,
The Adults Are Talking,The Strokes,The New Abnormal,164.959,,5,6575,826mxiKjoP0,,,,,
The 27 Club,JPEGMAFIA,Black Ben Carson,101.231,3:56,1,6576,hzXUo-nt0CI,,,,,
THAWORLD,colin!;BIG LUKE,BIGGER VISIONS,147.506,1:40,5,6577,hQWC2DxUSvU,,,,,
That’s How You Feel,Drake,Scorpion,85.454,2:37,10,6578,SlW7cZC4-Hw,,,,,
THATS MY BABY,Che Ecru,Ghosts Need Love 2,120.008,,7,6579,fOhZx4U4A3s,,,,,
That's Just What You Are,Aimee Mann,I'm With Stupid,92.639,4:25,10,6580,uTK_L3qgwSc,,,,,
That's How City Life Goes,Shabazz Palaces,Quazarz: Born on a Gangster Star,199.404,,6,6581,gwPcBoTfDNI,,,,,
That Night In Hawaii When I Turned Into A Panther And Started Making These Low Register Purring Tones That I Couldn't Control ... Sh¥t Was Wild,André 3000,New Blue Sun,79.273,10:29,0,6582,agrAUjogAvo,,,,,
That Funny Feeling,Phoebe Bridgers,That Funny Feeling,116.761,6:40,4,6583,PfCMyH3AUnQ,,,,,
THank god 4 me,ScHoolboy Q,BLUE LIPS,136.003,2:57,1,6584,BQDlhTF14f8,,,,,
Thandi Hawa,Ritviz,Dev,,3:24,,6585,x2_iM3_ARVA,,,,,
TERE TE,Gurinder Gill,HIDDEN GEMS,171.9,,7,6586,okSStw93LpI,,,,,
Tera Yaar Bolda,Surjit Bindrakhia,Phulkari (New Year Programme),78.946,,6,6587,EL9L9DJKEWs,,,,,
tenTHIRTYseven,Paris Texas,MID AIR,160.006,2:48,1,6588,obyTPqXBxac,,,,,
ten,Vayda,breeze,159.753,2:00,11,6589,_7tagC6cGKQ,,,,,
Temptation (feat. Odunsi),Joey B,Darryl,102.024,,9,6590,zCRB8xjq4kE,,,,,
Tell më,Yeat,2093 (P2),130.974,,1,6591,Kopi8qKxCEA,,,,,
Tell Meeeee,Salami Rose Joe Louis,Son of a Sauce!,144.978,0:57,1,6592,3s3emiNXp5c,,,,,
Tell Me Something,Samantha Durnan,Flickering The Wild Mind,154.967,,9,6593,IS1w3ZeFxSM,,,,,
TELL ME ((MORE)),MEMBA & Chitralekha Sen,TELL ME ((MORE)),,3:17,,6594,kyExamXjf6g,,,,,
Telescope,Hiatus Kaiyote,Love Heart Cheat Code,126.96,,4,6595,7UrYNhP0eFo,,,,,
telepatía,Kali Uchis,Sin Miedo (del Amor y Otros Demonios) ∞,83.97,,11,6596,DCEVC_sr5Go,,,,,
Telekinesis,SahBabii,LeakOut,128.007,2:46,7,6597,YnJey7cRGv8,,,,,
Teenage Fever,Drake,More Life,97.04,,8,6598,a6TDACqVHRE,,,,,
Teen Scene (feat. Buddy),Maeta,Teen Scene,215.449,,11,6599,8T3rj6xxXGo,,,,,
TECHNOVA,TOWA TEI,FUTURE LISTENING!,89.92,,5,6600,JG_k9XR9Deg,,,,,
Tears,Sabrina Carpenter,Man’s Best Friend,113.036,2:40,0,6601,rWcm_33R3BM,,,,,
Teacher,SahBabii,Teacher,76.512,2:30,17,6602,HuiA82f1kh4,,,,,
Te Fuiste,Buscabulla,Se Amaba Así,146.993,3:09,0,6603,C0uRwJxa4ek,,,,,
Taxman (2022 Mix),The Beatles,Revolver (Deluxe),,,,6604,xYCntCKHy6I,,,,,
Tax The Church,Father,Hu$band 2,120.044,2:08,1,6605,L4nOTros4MI,,,,,
Taste Of Honey,Usha Iyer,Scotch And Soda,123.677,,2,6606,j3At0IBBGGE,,,,,
Taqat,Prabh Deep,Tabia,152.987,3:26,8,6607,cNILcCmkLlc,,,,,
Tape You,N.E.R.D.,In Search Of...,,4:52,,6608,_3GO3fLzCEY,,,,,
Tap Out,Jay Rock,,100.06,,5,6609,07isTZR1_nU,,,,,
Talk Up (feat. JAY-Z),Drake,Scorpion,140.089,3:44,11,6610,IXgao663-RE,,,,,
Talk To Me,Ivy Lab;Two Fingers;Amon Tobin,Talk to Me,86.5,,1,6611,i1e8lMnAWIY,,,,,
Tales,ScHoolboy Q,CrasH Talk,140.021,2:53,2,6612,BpOQvu0uJCA,,,,,
Take Your Mask Off (feat. Daniel Caesar & LaToiya Williams),"Tyler, The Creator",CHROMAKOPIA,121.784,,6,6613,JPOjiXoPmOk,,,,,
Take What's Given,BADBADNOTGOOD,Take What's Given,92.023,2:54,7,6614,pmUdot20Exo,,,,,
TAKE ME HOME,Vince Staples;Fousheé,Vince Staples,79.701,,2,6615,-J5QIYCqUMM,,,,,
Take It to Trial (feat. Yak Gotti),Young Stoner Life;Young Thug;Gunna,Slime Language 2 (Deluxe),135.993,,1,6616,QleFf2LtFnQ,,,,,
"Take It Back (feat. Arca, JOBA & Justine Skye)",Blood Orange,Angel's Pulse,133.061,,0,6617,yLB7Wum5YBY,,,,,
Taj,Ritviz,Mimmi,159.942,2:49,1,6618,nhd1VYfLz1k,,,,,
TAHITI,Young Lavi$h,TAHITI,,,,6619,XdyNJlevjHE,,,,,
Taco Truck x VB,Lana Del Rey,Did you know that there's a tunnel under Ocean Blvd,157.911,5:53,9,6620,iQ07jXaOpQ8,,,,,
BB (BODYBAG),slowthai,BB (BODYBAG),,,,6621,YOfxZQmoIqs,,,,,
Só Você (feat. Elhae & ESTA.),Sango,Da Rocinha 3,134.057,,1,6622,9p5OrvFgi2s,,,,,
Sympathy,Vampire Weekend,Father of the Bride,119.968,3:46,11,6623,drHFNf3r2VQ,,,,,
Symba,Jaden Smith,CTV2,,3:06,,6624,dtfp33LepjE,,,,,
SWITCH IT UP | ZWITCH 1T UP,Denzel Curry,TA13OO,128.463,,9,6625,V7TbJiYy4EU,,,,,
Switch (DEVAULT Remix),6LACK,Switch (DEVAULT Remix),,,,6626,FGrlGN3o5Ng,,,,,
Switch,6LACK,East Atlanta Love Letter,176.671,,7,6627,jDt3raDEi0I,,,,,
Swish Swish,Swet Shop Boys;Riz Ahmed;Heems,Cashmere,139.948,3:52,6,6628,bfHT_AS-rF4,,,,,
Swimming Pools (Drank) (Extended Version),Kendrick Lamar,"good kid, m.A.A.d. city",,,,6629,UEJTaReI1ls,,,,,
Swimming in the Drink,Moth Equals,Sick Puppy,119.874,8:00,5,6630,3H1WhK52--0,,,,,
Swim Good,Vitamin String Quartet,,,,,6631,7MkbmERE4hc,,,,,
Swerve (feat. ILOVEMAKONNEN),Mike WiLL Made-It,Ransom,,,,6632,Qov7q6aPclw,,,,,
Sweeter Dreams,Ramriddlz,,105.047,,7,6633,RB7UWwiDGzU,,,,,
sweet sweet,Travis Scott,Birds In The Trap Sing McKnight,142.028,3:42,0,6634,vlFAZ1f8IIo,,,,,
Sweet Serenade (feat. Chris Brown),Pusha T,My Name Is My Name,150.059,3:40,7,6635,OF6irQtj3M8,,,,,
sweet rally,ilysam & Mc Ster,sweet rally,,1:10,,6636,eHpgeGJv55Q,,,,,
Sweet Love,Moonchild,Little Ghost,74.055,4:14,5,6637,rQi7Mm6sQOc,,,,,
Sweet Flower,AP Dhillon;Syra,The Brownprint,123.967,2:57,11,6638,74u3q-DtDGY,,,,,
Sweet Dreamer,Lenny White,,76.935,,9,6639,2AICAd-mZ7g,,,,,
Sweet Cherries,FINNEAS,,120.008,,9,6640,rw6iQwIEsAo,,,,,
SWATE,Heems,Nehru Jackets,78.323,6:09,7,6641,ygIVJErtKbE,,,,,
Swasamae,S P Balasubramaniam,,,,,6642,sfq_MGJauwQ,,,,,
Swapnaman Aavi Mane,Alka Yagnik,,77.395,,0,6643,jRc8EAEBt_E,,,,,
Swagga Like Us,T.I.,,89.008,,4,6644,UR2zRsrHLMc,,,,,
Swag Surfin',F.L.Y. (Fast Life Yungstaz),,144.034,,11,6645,kf5QZ-WUGKo,,,,,
Svcar,Ivy Lab,Double Blind,115.957,3:58,6,6646,OtdjYk04zGo,,,,,
Suspirium,Thom Yorke,Suspirium,151.002,3:21,1,6647,GhD75FBAH5M,,,,,
Surround Sound (feat. 21 Savage & Baby Tate),JID;21 Savage;Baby Tate,Surround Sound (feat. 21 Savage & Baby Tate),76.006,3:49,5,6648,TnV7lwNXahI,,,,,
Superstarr Pt. Zero,K-OS,Exit,112.517,4:51,7,6649,Pt6Efbr_eYk,,,,,
Superstar,Jamelia,Thank You,110.011,3:35,1,6650,nD4vtgYzTjA,,,,,
Superstar,Lauryn Hill,,81.557,,7,6651,f_cUk41450w,,,,,
SUPERPOSITION,Daniel Caesar;John Mayer,CASE STUDY 01,115.656,4:23,4,6652,LV_V4Rsd9eU,,,,,
Supernova,Mount Pleasant;Velavox,Supernova,120.003,5:24,11,6653,TFj0Byn0mu4,,,,,
Superlove,Tinashe,Superlove,134.989,3:03,5,6654,VCqPOepsMQQ,,,,,
Superhero (Heroes & Villains),Metro Boomin;Future;Chris Brown,HEROES & VILLAINS,,3:03,,6655,074r1TFfo0M,,,,,
SUPER SAIYAN SUPERMAN | ZUPER ZA1YAN ZUPERMAN,Denzel Curry,TA13OO,142.035,2:12,1,6656,cvQrsnMCTFQ,,,,,
Sup Mate,Young Thug,,147.073,,5,6657,Jzdlym_ENxY,,,,,
Sunshower,OAKK;Ivy Lab,Sunshower,145.006,3:38,5,6658,qZNSDDkDufA,,,,,
Sunshine,Robert Glasper,Fuck Yo Feelings,119.95,1:52,1,6659,gCaSXwpLkS8,,,,,
Sunshine,Lupe Fiasco,Lupe Fiasco's Food & Liquor (5th Anniversary Edition; Deluxe Edition),89.387,3:55,10,6660,3ELQagdvW0A,,,,,
Sunset,The xx,Coexist,119.98,3:38,2,6661,AIa7HPfyU7k,,,,,
Sunny Duet (feat. theMIND),Noname,Telefone,77.902,2:43,17,6662,h8Qol0PX7dk,,,,,
Sunny Days (feat. T3) (feat. T3),SahBabii,Squidtastic,154.989,2:55,9,6663,A1JCgdc6SOA,,,,,
Sunlight (feat. Iman Omari),Mac Miller,Macadelic,94.028,,10,6664,U0vF-OoVRjk,,,,,
Sunflower,Vampire Weekend,,100.034,2:18,8,6665,Xa9XfQZWdC4,,,,,
Sunday (feat. Frank Ocean),Earl Sweatshirt,Doris,136.894,,2,6666,DoIHZXoxAhU,,,,,
Sunday,The Cranberries,"Everybody Else Is Doing It, So Why Can't We?",108.859,3:31,0,6667,utGpHUsHBBU,,,,,
Sunburn,Muse,Showbiz,93.02,3:53,4,6668,h2xTF5NDUBA,,,,,
Sun Showers,Disclosure,Alchemy,143.052,4:34,16,6669,q5w51Q1eOvA,,,,,
Summertime Magic,Childish Gambino,R&B Summer Vibes,100.011,,0,6670,y6WZ2mleu0s,,,,,
Summertime,Vince Staples,Summertime '06,123.884,,11,6671,3EK3JogvPR4,,,,,
Summertime,Verzache,Thought Pool,101.03,,6,6672,z0pFXL5lAtQ,,,,,
Summers Over Interlude,Drake;Majid Jordan,Views,132.036,1:46,4,6673,ShwYOEHFMAk,,,,,
Summer in November,SiR,November,82.831,3:49,2,6674,zoJo1bE3M68,,,,,
Summer Girl (Bonus Track),HAIM,Women In Music Pt. III,,3:26,,6675,vBclFcXBC1A,,,,,
Suit and Tie,Taggy Matcher;John Milk,Push Push,174.03,4:26,2,6676,-RbkBGqKxuw,,,,,
Suicide in Selfridges,Westside Gunn;DJ Drama,And Then You Pray For Me,175.739,2:51,13,6677,IlcacIR90sU,,,,,
Sugar Water Cyanide,Rebecca Black,SALVATION,135.916,,9,6678,eWPm5jNeANU,,,,,
Sugar (feat. Larry June & SHOW N PROVE),Nippa;SHOW N PROVE;Larry June,Sugar (feat. Larry June & SHOW N PROVE),86.968,2:59,6,6679,mYhvCmFajrA,,,,,
Sugah Daddy,D'Angelo and The Vanguard,Black Messiah,,,,6680,nXEnMO5bv6Y,,,,,
Suede,NxWorries;Anderson .Paak;Knxwledge,Link Up & Suede,117.142,,10,6681,2nILC35-upA,,,,,
Sudden,Tekno,Sudden,103.013,,10,6682,U6mtLIJttWU,,,,,
Subways,The Avalanches,Wildflower,111.74,3:10,5,6683,NkBn8wrwwxs,,,,,
Suaviñón,RayRicci,Suaviñón,80.016,3:10,3,6684,Ypidr5vYR_U,,,,,
Style Rare,Offset;Gunna,Style Rare,,3:29,,6685,zk4bwiCov9Q,,,,,
style,2hollis,style,107.972,1:39,9,6686,1aA9V7vicTY,,,,,
Stupid/Asking,Young Thug,Punk,109.482,5:33,1,6687,IcmTKjyfZaw,,,,,
Stupid Dumb Illiterate,"Heems, Lapgan, & Sid Sriram",LAFANDAR,,2:18,,6688,17hCLazPcrM,,,,,
Strong,SAULT,Untitled (Rise),118,,1,6689,iQQAiO1WJPo,,,,,
Strings,Young the Giant,Young The Giant (Special Edition),111.009,5:19,0,6690,pK6HkfeYR2k,,,,,
Strangers (feat. Tove Lo),Seven Lions;Shane 54,Worlds Apart,129.967,,0,6691,BdK2CwiACDg,,,,,
Stranger (feat. Saba & Jarreau Vandal),Gaidaa,Overture,87.982,,5,6692,yIHxClPI8GE,,,,,
Straight To The Bank,50 Cent,Curtis,179.548,3:10,7,6693,IpDvw0qlKpw,,,,,
Str8 Syrup,LUCKI,s*x m*ney dr*gs,130.041,1:43,1,6694,TowsWBZLK0s,,,,,
Str8 Ballin,ScHoolboy Q,Blank Face LP,93.975,4:09,5,6695,IZc2n5tQqxY,,,,,
Stories About My Brother,Drake,For All The Dogs Scary Hours Edition,87.39,4:24,8,6696,euPq1flbWBA,,,,,
Stories,The PropheC,The Season,138.046,,6,6697,oEgwEy4HG28,,,,,
StOp tExTiNg.mP3,TisaKorean,Let Me Update My Status,118.978,2:09,7,6698,tsgKtZ_YJFs,,,,,
Stop It,Alix Perez;Ivy Lab,Arkestra EP,176.012,3:37,10,6699,vp-dcR2sUuM,,,,,
STOOZY (feat. A$AP Rocky),Dean Blunt,STOOZY,134.904,,2,6700,eJ5lY5dgfQE,,,,,
Stoney (feat. Phoelix & BJRNCK),Saba,Bucket List Project,158.865,,6,6701,zX0_U6ZgYfs,,,,,
Stone Age (feat. Deniro Farrar),Machinedrum,Stone Age,170.346,,1,6702,iz5dp-alpuc,,,,,
Still Charming,Raf Saperra & JSK,"She Loves Me, She Loves Me Not...",,3:11,,6703,JN2AdzyfpYk,,,,,
Still (feat. Charlotte Day Wilson),KAYTRANADA;Charlotte Day Wilson,TIMELESS,93.978,2:14,10,6704,ibRQXgToJKo,,,,,
Still,Kenny Beats,LOUIE,140.854,2:42,1,6705,4vgujZi7oMU,,,,,
"Sticky (feat. GloRilla, Sexyy Red & Lil Wayne)","Tyler, The Creator;GloRilla;Sexyy Red;Lil Wayne",CHROMAKOPIA,80.09,4:15,1,6706,16KSivdIGjQ,,,,,
Sticky,Drake,"Honestly, Nevermind",137.029,4:03,10,6707,UFR-9IVgMBA,,,,,
Stepps,Taylor McFerrin,Early Riser,140.935,5:00,6,6708,qVKJNsERDME,,,,,
Steppin,SahBabii,LeakOut,159.943,2:24,1,6709,YhCci3Nx1R8,,,,,
Stealth,Gabe 'Nandez,The Skirmish Compilation,80.935,2:16,4,6710,4G_wXxskAZk,,,,,
Stay With Me (feat. Pusha T),Pharrell,In My Mind,92.823,4:07,15,6711,M1hkyQB2s9w,,,,,
Stay Fly (feat. Young Buck & Eightball & MJG),Three 6 Mafia,Stay Fly (4 Pack),133.299,,11,6712,4FZvmv7-YFU,,,,,
Statute Of Limitations,2 Chainz,Rap Or Go To The League,179.945,2:29,10,6713,phV-Haqzoy4,,,,,
STARS,¥$;Kanye West;Ty Dolla $ign,VULTURES 1,125.955,1:55,0,6714,j1BkA7KXV3c,,,,,
Stardust,Vidya Vox,Sundari,76.428,3:41,7,6715,Z_9bsIHqlLU,,,,,
Star Power (feat. Curren$y),Cousin Stizz,Just for You,153.532,4:18,4,6716,uYAlTzWeEsk,,,,,
Star (feat. Mono/Poly & Tanerélle),Machinedrum,A View of U,140.019,3:43,13,6717,MzYgl6SVv-o,,,,,
Standstill,Sid Sriram,Sidharth,176.285,2:01,1,6718,dAAetxI7Jao,,,,,
Stand Up (feat. Shawnna),Ludacris,Chicken - N - Beer,99.057,,6,6719,g36czJleHVA,,,,,
Stand Tall,Childish Gambino,"""Awaken, My Love!""",88.071,,2,6720,x9vnPmX9-To,,,,,
Stand Still,ZAYN,Icarus Falls,98.012,,0,6721,Kwz-eVoMHeE,,,,,
STAMINA,Atum;Paul Stephan;Flirta D,STAMINA,140.005,2:25,7,6722,1tUuvh50_8Q,,,,,
Stalli Freestyle,Megan Thee Stallion,Stalli Freestyle,,1:57,,6723,b-DRE6e9K24,,,,,
Stainless (feat. Dria),Logic,The Incredible True Story,139.976,,2,6724,krL-W4jc-Pg,,,,,
St. Elmo's Fire,Michael Franks,The Art Of Tea,110.671,,2,6725,hQ0XexvYSyM,,,,,
Squidiculous (feat. T3),SahBabii;T3,3P,104.001,3:42,2,6726,cjbSKZXwbUs,,,,,
Sprinter,Dave;Central Cee,Split Decision,139.057,,1,6727,GwEaeqeDj6Q,,,,,
Spray The Champagne,Migos,Yung Rich Nation,120.061,,10,6728,zhHMzCSoTIY,,,,,
Sports car,Tate McRae,SO CLOSE TO WHAT??? (deluxe),106.978,,11,6729,gV2imEITpNQ,,,,,
SPOILED,VIP Skylark,,,,,6730,IWffHfnAhC0,,,,,
Split/Whole Time,Lil Yachty,,145.048,,9,6731,FUtpKiSO4ww,,,,,
"Spin Move (feat. Saba, Smino & The Hics)",Dreamville,Revenge Of The Dreamers III: Director's Cut,,3:44,,6732,IPKLdVmacl8,,,,,
Spilled Milk,Flyboy Tarantino,Sorry 4 The Wait,119.973,1:52,2,6733,DQV-x4o2I0g,,,,,
Spice (EP Version),Ravyn Lenae,Midnight Moonlight EP,,3:40,,6734,dVDewoICMTs,,,,,
Speed of Sound,Coldplay,X&Y,123.067,4:47,11,6735,04tC72kZM_o,,,,,
Speed It Up,Gunna,,143.027,,7,6736,tSxP-ZfVXrY,,,,,
Special Affair,The Internet,Ego Death,120.095,2:58,9,6737,X3qxEcVp0JE,,,,,
Speak Softly,Anish Kumar;Baalti;Stunt Doubles,Stunt Doubles,,,,6738,Mw24s1kHPWI,,,,,
Spark (with Dia Frampton),Blanke,,149.969,,2,6739,1iz9aKeYgYI,,,,,
Spacecraft (feat. Foster Cazz),Abhi The Nomad;Harrison Sands,Marbled,,,,6740,BvFHgUTS3XA,,,,,
SPACE INVADER (SBTRKT Remix),KAYTRANADA;SBTRKT,SPACE INVADER (SBTRKT Remix),138.624,3:21,10,6741,Re07N947rDs,,,,,
Space Garden,Auntie Leo & The Backstabbers,Space Garden,90.944,4:56,5,6742,jyN93tq2A9w,,,,,
Space Boat Za,RXKNephew,"2:22.2, Pt. 2",135.925,2:07,5,6743,Sb051FOZ10M,,,,,
Spaaace Jam,Salami Rose Joe Louis,Zlaty Sauce Nephew,84.282,1:15,11,6744,hxIzSL2y9VQ,,,,,
Sour Times,Portishead,Dummy,94.085,4:12,8,6745,VoSoZyiHZ6o,,,,,
Sour Flower,Lianne La Havas,,166.061,,9,6746,XY8IVZ3_F9Q,,,,,
Soup Boys,Heems,Wild Water Kingdom,139.862,4:10,5,6747,-rDEAeX9iMg,,,,,
Soundgasm,Rema,Soundgasm,100.033,3:24,6,6748,SWjgfg0Ef6w,,,,,
Soulja Slim,SahBabii,Barnacles,139,2:13,2,6749,dMSmmFkGFRY,,,,,
SOS (Isaac Tea Remix) (feat. Maria Aragon & Isaac Tea),Marley Pitch;Justice Der,SOS (Isaac Tea Remix),,2:20,,6750,rzA9sMtFuWE,,,,,
SORRY NOT SORRY,"Tyler, The Creator",CALL ME IF YOU GET LOST: The Estate Sale,96.237,3:26,6,6751,kh7jlleDZLc,,,,,
Sorry Not Sorry,Lil Yachty;Veeze,Sorry Not Sorry,157.94,2:16,1,6752,eMrIgn1x24w,,,,,
Sorry Ain't Enough,SAULT,Untitled (Black Is),79.95,4:59,1,6753,niu8V_U32z0,,,,,
Sorry,6LACK,East Atlanta Love Letter,120.114,3:30,8,6754,EGMxv_w5nmE,,,,,
Soon Enough,Sango;Xavier Omär,Hours Spent Loving You,127.033,3:24,3,6755,5GabqCpPJnU,,,,,
Sometimes...,"Tyler, The Creator",Flower Boy,72.862,0:36,3,6756,rJAhkWa4UR4,,,,,
Something's in the Air,SAULT,5,115.994,3:10,1,6757,kpiqKgHfhSU,,,,,
Something New,Roy Woods,Say Less,120.031,3:34,10,6758,o8rBuDaAytU,,,,,
Something In The Way,Nirvana,Nevermind (Remastered),105.218,3:52,8,6759,VspyuQQ0NUQ,,,,,
Something In Between,Angela Asiana,Something In Between,99.975,2:38,2,6760,yfochs_O5f0,,,,,
Something Foreign,SiR;ScHoolboy Q,November,108.231,2:32,10,6761,fE3f4c7IsVE,,,,,
Something About Us,Daft Punk,"Musique, Vol. 1",99.958,3:52,9,6762,Om4L8mlTiAA,,,,,
Some Things Never Seem To Fucking Work,solangeknowlesmusic,,,4:58,,6763,7cx6CuUKO04,,,,,
Solo (Reprise),Frank Ocean,Blonde,80.169,,7,6764,_QaQSaE8PQA,,,,,
Solitude Is Bliss,Tame Impala,InnerSpeaker (Collector's Edition),103.985,3:55,7,6765,1MmY7GJIsLc,,,,,
Soldier Love,Raq baby,Maniac Baby,76.361,2:07,5,6766,1FHpghXWu9o,,,,,
Soldier (feat. Pivot Gang),Saba;Pivot Gang,Few Good Things,115.004,3:05,11,6767,rXssstwIX_0,,,,,
Soldier,Erykah Badu,New Amerykah Part One (4th World War),92.111,5:03,11,6768,wzMPaGS4-AY,,,,,
Sock It 2 Me (feat. Da Brat),Missy Elliott;Da Brat,Supa Dupa Fly,81.997,4:17,8,6769,V67t8eu8ee4,,,,,
socha na tha,Zaeden,Genesis 1:1,192.133,,2,6770,jpRvTiHD_LY,,,,,
Sober Thoughts (Chris McClenney Remix),GoldLink,Sober Thoughts (Chris McClenney Remix),,,,6771,kMdWA1XCHRE,,,,,
Sober,KiLLOWEN,Pub Therapy,133.924,,2,6772,2raffjK_F2g,,,,,
So Mi Like It,Spice,So Mi Like It,90.12,,0,6773,-HURPTSQ54Y,,,,,
So High,Ski Mask The Slump God,STOKELEY,141.914,,0,6774,bH2xYtxkTuk,,,,,
So Good,Harrison Sands,Fuzzy,83.695,,9,6775,gV994t5P7n4,,,,,
SO BAD,STAYC,Star To A Young Culture,168.978,,7,6776,1Tq1TkK8aFc,,,,,
"So Appalled (feat. Kanye West, JAŸ-Z, Pusha T & Prynce Cy Hi)",Kanye West,My Beautiful Dark Twisted Fantasy,87.15,,1,6777,0o9HzQ3zAcE,,,,,
So Amazing,50 Cent;Olivia,The Massacre,94.966,3:16,10,6778,9feQ635FkSM,,,,,
Smile,Lily Allen,"Alright, Still (Deluxe)",95.506,3:16,5,6779,TfvOEn3GAo0,,,,,
Smile,ScHoolboy Q,BLUE LIPS,204.227,1:11,5,6780,0OpdR3lwbms,,,,,
SMILE,Saba,CARE FOR ME,79.807,3:28,1,6781,FRB555P1zm8,,,,,
Smells Like Teen Spirit,Robert Glasper Experiment,Black Radio,106.97,7:25,14,6782,GvuFNkgePB4,,,,,
Smells Like Teen Spirit,Robert Glasper,Black Radio,106.645,7:24,5,6782,GvuFNkgePB4,,,,,
Small Talk (feat. Samara Cyn),Ovrkast.,Small Talk,134.254,3:14,6,6783,e903-3RyiNg,,,,,
Slide (feat. Frank Ocean & Migos),Calvin Harris,Funk Wav Bounces Vol.1,104.066,,1,6784,YfY6QB1ctYY,,,,,
Sleeper,BADBADNOTGOOD;Charlotte Day Wilson,Sleeper,96.485,4:04,9,6785,rbM5bX5Oe-c,,,,,
Sleep Talking,Ravyn Lenae,Moon Shoes EP,156.039,4:14,6,6786,MCF2VVjfgfk,,,,,
Skyline,Maharani,Right Here,84.994,,4,6787,F5IwBIBJs5s,,,,,
Sky's the Limit (feat. 112),The Notorious B.I.G.,Life After Death (2014 Remastered Edition),,5:30,,6788,34gRAYGFwzc,,,,,
Sky,Playboi Carti,Whole Lotta Red,139.98,,2,6789,6l_8PMBgymE,,,,,
Skrawberries (feat. BJ The Chicago Kid),JID,DiCaprio 2,80.969,,6,6790,YoDhRFob06c,,,,,
Skin Tight (feat. Steve Lacy),Ravyn Lenae,HYPNOS,174.149,,3,6791,hN3_ilx6BvA,,,,,
Skeletun,Tekno,Skeletun,201.999,,4,6792,fPk7MbxHXV4,,,,,
SKELETONS,Travis Scott,ASTROWORLD,148.054,,0,6793,u3eEtCr2CJk,,,,,
Sixty-Seven Turbo Jet,Curren$y;Harry Fraud,Cigarette Boats,70.992,3:19,11,6794,bEN35hgtOBQ,,,,,
Six 4 Dreams,Ramirez,"Blood Diamonds, Vol. 2",,,,6795,3OJSvnv6AVA,,,,,
Sitara,makaan,Sitara,134.009,4:05,2,6796,9k9VLd5eyyo,,,,,
SIRENS,Travis Scott,UTOPIA,96.003,3:24,9,6797,cW4cpK5XYVs,,,,,
Siren Song (feat. Angel Deradoorian),Flying Lotus,You're Dead!,66.178,2:38,17,6798,9O_s3LJV7GY,,,,,
Siren,SUNMI(선미),WARNING,,,,6799,P0azF0Xt4Hc,,,,,
Sir Duke,Stevie Wonder,Songs In The Key Of Life,106.938,3:52,6,6800,EnNgASBdCeo,,,,,
"Sing About Me, I'm Dying Of Thirst",Kendrick Lamar,"good kid, m.A.A.d city (Deluxe)",110.699,12:03,8,6801,9-XbXBq8cl8,,,,,
Since C.A.Y.A.,Shabazz Palaces,Quazarz: Born on a Gangster Star,106.914,,2,6802,GYKTZoxPO3k,,,,,
Sin (feat. Jaden),Young Thug,On the Rvn,125.995,,11,6803,AEWIn4CX_CA,,,,,
Simply Paradise,Mac DeMarco;Ryan Paris,Simply Paradise,78.759,,2,6804,xUFYeSp2ht0,,,,,
simpin' is pimpin' (feat. Qari),Melvin Knight,BACKSHOTS,77.651,2:23,7,6805,g17Nzsij9KE,,,,,
SiLlY MoAn.mP3,TisaKorean,Let Me Update My Status,156.151,2:30,9,6806,njlRLdhb6I4,,,,,
Silkk da Shocka (feat. Syd),Isaiah Rashad;Syd,The Sun's Tirade,121.986,2:46,8,6807,L2xLbDlNhFo,,,,,
Silhouettes,American Football,American Football (LP3),139.992,7:21,9,6808,woM9BuOH4uU,,,,,
Silence,THEY.,Nü Religion: HYENA,159.958,,6,6809,G5c4p3eaU9M,,,,,
Signs,Kodak Black,Project Baby,75.753,3:42,11,6810,wtPhI8vGY18,,,,,
Signs,SAULT,Acts of Faith,105.368,3:48,9,6811,v3AFBE4yN2w,,,,,
Significant Others,Chaos In The CBD,Invisible Spectrum,125.03,5:19,11,6812,mNqAYFkAqTM,,,,,
SIGHT OF MY DREAMS,Rahul,DEPRESSED BUT MAKE IT COOL,95.966,3:35,11,6813,m_idvykx64k,,,,,
Sidepiece,NxWorries;Anderson .Paak;Knxwledge,Yes Lawd!,74.866,,8,6814,A8RAM9GUYRk,,,,,
shut the fuck up talking to me,Zack Fox,shut the fuck up talking to me,76.369,2:49,7,6815,h5UNGlqDsN0,,,,,
Show You The Way (feat. Kenny Loggins & Michael McDonald),Thundercat,Drunk,75.965,,0,6816,1rBYb84sfvw,,,,,
Show Stop,REASON,New Beginnings,129.977,,8,6817,T-9qYWSyGic,,,,,
show me,San Holo,album1,135.056,5:41,0,6818,xEQ_3feTZ7E,,,,,
Shoulda Been There,Sid Sriram,Sidharth,127.838,,6,6819,f2KN_Kyd0ts,,,,,
Shotput,Still Woozy,Loveseat,100.887,,6,6820,l0n68C0V9ss,,,,,
Shopping List,Leo Grewal;Yo Yo Honey Singh,Leonization,180.115,2:58,2,6821,x29t2X4D_so,,,,,
Shooter (feat. Robin Thicke),Lil Wayne,Tha Carter II,161.857,,2,6822,2XdJj1vgiks,,,,,
Shoota (feat. Lil Uzi Vert),Playboi Carti,Die Lit,153.075,,1,6823,NFAaeGO0WFo,,,,,
Shiny Happy People,R.E.M.,Out Of Time,124.623,,9,6824,nsI2BdCmoCA,,,,,
Shimmer,Cozway;ROSSY,Sable Valley Summer Vol. 2,135.976,,1,6825,DHR6Mijnrwk,,,,,
Sherane a.k.a Master Splinter’s Daughter,Kendrick Lamar,"good kid, m.A.A.d. city",82.069,,10,6826,MLtI-cMzjtA,,,,,
Sheezus,Lily Allen,Sheezus,129.991,3:54,1,6827,8fiYMiEOPTA,,,,,
Shee,"quickly, quickly",The Long and Short of It,84.482,3:49,10,6828,MC__q3aU_T0,,,,,
She's A 10 But...,ARTAN,3.5 and a Dream,140.044,,11,6829,5sgWv-26Qyk,,,,,
She Wanna Party,Young Thug,,104.095,,10,6830,Uo91bXPl93M,,,,,
She Said She Said (Remastered 2009),The Beatles,Revolver,,2:37,,6831,rLzfo59AdEc,,,,,
She Make It Clap,Soulja Boy,,119.898,,1,6832,CXBHb9wM3jA,,,,,
She Lives in My Lap (feat. Rosario Dawson),Outkast;Rosario Dawson,Speakerboxxx/The Love Below,94.295,4:27,11,6833,hwo85o3Giek,,,,,
She Know What She Wanted (Jersey Club Remix Slowed),Godard,,,2:14,,6834,NG_9Fd0kExc,,,,,
She Dances,Anish Kumar,,126.001,,8,6835,QyyB1Rl_IJ0,,,,,
Shaurat,Prabh Deep,Bhram,125.943,3:53,13,6836,MLnZ9xEdylk,,,,,
Shanghai,A$AP ANT,Shanghai,125.033,,2,6837,4ZqYPF_TxNg,,,,,
Shame,Wiz Khalifa,Flight School,80.259,3:38,11,6838,KHLm_n4xZVQ,,,,,
Shake Some 4 DOOM (feat. Chris Crack),Michael Christmas,Shake Some 4 DOOM,143.94,3:18,7,6839,W4IZkw3daJQ,,,,,
Shake Back,Kodak Black,Institution,170.01,3:03,1,6840,ddmmjSlMgOY,,,,,
"Shadow Man (feat. Smino, Phoelix & Saba)",Noname,Telefone,93.071,5:11,9,6841,JFTy4F6kWsI,,,,,
Sextape,Deftones,Diamond Eyes,89.981,4:01,5,6842,YrdWy3rl3Sk,,,,,
Sexodus,M.I.A.,,157.962,,7,6843,wU2bDOAU4Sk,,,,,
Seven Times,Lianne La Havas,Lianne La Havas,90.015,3:30,8,6844,dorFe0XZhB0,,,,,
Set Set,Freddie Gibbs,Freddie,141.968,2:28,5,6845,ssJ84WW3LCI,,,,,
Sessions (feat. Lucki),Sharkey,,126.072,3:34,4,6846,VyB0xHOiXAg,,,,,
Serpents,Nitin Sawhney,Beyond Skin,95.963,6:19,14,6847,YVfY6wvSkbo,,,,,
Sergio,Action Bronson,Only For Dolphins,141.742,3:09,1,6848,HHhWS6wTWzk,,,,,
Sere,SPINALL;Fireboy DML,Grace,109.971,3:05,7,6849,CH4R1dQkta8,,,,,
Send In The Clowns (From ‘A Little Night Music’),Frank Sinatra,Ol' Blue Eyes Is Back,,4:11,,6850,fOUrnUktTjU,,,,,
Selfish Soul (ODESZA Remix),Sudan Archives;ODESZA,Selfish Soul (ODESZA Remix),,,,6851,BXSwY_3BOgw,,,,,
Segodar,Zohreh Jooya,,,4:51,,6852,ADpTawMxE6k,,,,,
Sees Fire,Ganavya,Sees Fire,129.7,3:28,11,6853,4jobELBN6dg,,,,,
Seeds of Gold,Closure in Moscow,Pink Lemonade,125.982,3:41,6,6854,ds9IUQE_DKc,,,,,
Sedated,Hozier,Hozier (Expanded Edition),86.069,3:27,9,6855,qR8cSJjK7QA,,,,,
Secure The Bag,Lil Uzi Vert,Eternal Atake,129.945,3:58,0,6856,xpF0f0E3WmE,,,,,
Secrets from a Girl (Who's Seen it All),Lorde,Solar Power,87.963,3:38,4,6857,eO2H5YEVNcc,,,,,
secrets,vowl.;Divine,secrets,95.98,3:57,0,6858,mldJ5Y3I4LA,,,,,
SEATTLE (feat. Nayirah),Lupe Fiasco,Drill Music in Zion,140.033,5:17,1,6859,7BRqtdaFoZQ,,,,,
Seasons Reversed,Virginia Wing,Ecstatic Arrow,120.219,5:10,5,6860,Ud7MtVBc32g,,,,,
Search & Rescue,Drake,Search & Rescue,140.009,4:32,10,6861,tVthyPOWc-E,,,,,
Sculptures Of Anything Goes,Arctic Monkeys,The Car,71.573,3:59,4,6862,xT3059r4-Qo,,,,,
Scripted,ZAYN,Icarus Falls,128.045,,4,6863,tEhjWmipl-o,,,,,
Scottie Pippens (feat. Freddie Gibbs),Curren$y;The Alchemist,Covert Coup,84.29,,10,6864,k4F2s8YfU6E,,,,,
Scared to Be Lonely,Martin Garrix;Dua Lipa,Scared to Be Lonely,137.972,,1,6865,vFFT1iAUNDE,,,,,
Scale It Back (feat. Little Dragon),DJ Shadow,Scale It Back EP,,,,6866,PpNgoVP3jVw,,,,,
sAy sOMETHINg,Lil Yachty,Let’s Start Here.,153.857,3:32,9,6867,dVbry0vgGGU,,,,,
Say It (Illenium Remix) (feat. Tove Lo),Flume,Say It (Illenium Remix),,,,6868,3PZDRgQRXfk,,,,,
Say I Didn't,VIC MENSA,The Autobiography,91.832,,5,6869,1KFZ1lVQ7f8,,,,,
Say Dat,Cousin Stizz,Just For You,75.777,2:47,2,6870,hAu7ezCPXOQ,,,,,
Saviers Road,Anderson .Paak,Oxnard,88.426,,10,6871,5m6IFPXC12Y,,,,,
Save iT 4 Me Babii,SahBabii,Saaheem (A Lu Bit More),159.986,2:35,11,6872,iBjHAePFBzs,,,,,
Saturn,SZA,Saturn,177.937,3:06,1,6873,aYtQqvutB_k,,,,,
Saturday Nights,Khalid,Suncity,167.923,,10,6874,yQjhyZlKvCc,,,,,
Saturday Love (feat. Alexander O'Neal),Cherrelle,High Priority,115.725,6:31,11,6875,baJDl27ff1Y,,,,,
Sativa (feat. Swae Lee),Jhené Aiko,Trip,126.047,4:37,6,6876,Y8eis1pfsls,,,,,
Satellites,Ravyn Lenae,HYPNOS,169.002,4:25,4,6877,mlPcDmdSXCw,,,,,
Satellite,Will Paquin,Satellite,176.037,3:11,1,6878,xKYDli0wl4o,,,,,
위성(Satellite),이달의 소녀 LOONA,[X X],,,,6879,nUhUrrwc2E0,,,,,
Santorini Coffee,melvitto,THENIGHTISYOUNG.,,,,6880,vLyhwpD8cfg,,,,,
Sandstorm (feat. JID),Mereba;JID,The Jungle Is The Only Way Out,109.726,2:59,4,6881,eMIjlzcaFHU,,,,,
Sandman,A$AP Rocky,LIVE.LOVE.A$AP,120.159,3:20,8,6882,JUC4K6tf5c0,,,,,
Sanctuary,Father,Hu$band 2,117.977,2:58,2,6883,d4mBiM6AMo8,,,,,
Same Yung Nigga (feat. Playboi Carti),Gunna,Drip or Drown 2,81.526,,1,6884,sugzVG0rJjs,,,,,
Same Thing,Lil Baby,My Turn,120.13,2:42,7,6885,HHquMifblxw,,,,,
Same Problems?,A$AP Rocky,Same Problems?,82.958,4:22,9,6886,xocMOs2ji5U,,,,,
Same Drugs,Chance the Rapper,Coloring Book,180.297,4:17,6,6887,4AxJXWs3mnw,,,,,
Salt,Alex G,Beach Music,137.045,4:39,4,6888,N8DJSur7ymU,,,,,
"Sajna, Say Yes To The Dress",Badshah;Payal Dev,"Sajna, Say Yes To The Dress",107.636,,9,6889,geHlQWu70qY,,,,,
Saint Pablo,Kanye West,The Life Of Pablo,167.018,6:12,2,6890,w9rzz4pDFwA,,,,,
Saint,HUNCHO JACK;Travis Scott;Quavo,"Huncho Jack, Jack Huncho",150.058,,1,6891,uJ1Jcn-BJN0,,,,,
Sail To The Moon,Radiohead,Hail To the Thief,111.871,4:18,9,6892,INvrv9ppxvQ,,,,,
Said Goodbye to Rock n Roll,Toro y Moi,Sandhills,109.365,1:34,2,6893,pCfs7CLjIkM,,,,,
Safe Within Your Hands,SAULT,Untitled (God),74.976,3:31,11,6894,thuPPPHJC9o,,,,,
Safe 2,Veeze,Ganger,129.67,2:31,1,6895,IF1e9KscRZ0,,,,,
Safar,Prabh Deep,Tabia,76.334,4:21,10,6896,nPLuKGugQX8,,,,,
Sachau Orai,Sonny Singh,Sage Warrior,80.019,4:22,10,6897,B-vDlHOGsdg,,,,,
S.D.O.S,Alex G,God Save The Animals,92.063,2:50,5,6898,M1gHw1gV7-k,,,,,
RökKOut,Paris Texas,RökKOut,170.044,3:52,11,6899,QGSU9YdnilY,,,,,
Runway Houses City Clouds,Tame Impala,InnerSpeaker (Collector's Edition),119.028,7:15,3,6900,ENBNBAifJas,,,,,
Running Up That Hill,MEG MYERS,Running Up That Hill,102.012,4:23,11,6901,v5rUYwgks0A,,,,,
RUNNING OUT OF TIME,"Tyler, The Creator",IGOR,84.281,2:57,6,6902,Uyf_lImpdRw,,,,,
running,Sparklmami,running,88.614,2:42,8,6903,hbW36Vs_gos,,,,,
Runnin,21 Savage;Metro Boomin,SAVAGE MODE II,143.01,,10,6904,LunG13WXTPk,,,,,
RUNITUP,"Tyler, The Creator",,116.721,3:50,4,6905,3AA7ybax90w,,,,,
run!,WILLOW,empathogen,96.027,3:08,0,6906,Mi1uAHiYp6c,,,,,
Run Your Mouth,The Marías,Run Your Mouth,111.021,2:40,7,6907,Kp9g2_SoRHU,,,,,
Run Up the Racks,21 Savage;Metro Boomin,Without Warning,153.028,,2,6908,qBF3TtYfkjI,,,,,
RUN OFF (feat. Eartheater),AraabMUZIK,RUN OFF,95.015,,5,6909,cnc0V98uQtA,,,,,
Run Away,Sonnymoon,Golden Age,78.426,3:19,9,6910,IdLEvwlGoak,,,,,
RUN,Ski Mask The Slump God,BEWARE THE BOOK OF ELI,145.119,,9,6911,NhAMGNo-5Ag,,,,,
RuBBA BAND MAN!,2face Pronto,HiVE SEASON!,132.018,2:10,8,6912,2Vz8X4Fma3I,,,,,
Roygbiv,Boards of Canada,Music Has The Right To Children,84.033,2:29,4,6913,SM4tQcUt_mQ,,,,,
Round of Applause (feat. Drake),Waka Flocka Flame,"Triple F Life: Friends, Fans & Family",140.02,,9,6914,7GWJfPHOlkU,,,,,
Round Of Applause,2oo7 & Tony Shhnow,Round Of Applause,,2:38,,6915,-t8DiOI7wA4,,,,,
Roses (2015) (feat. Alina Baraz),Galimatias,Lost Cargo,,2:54,,6916,W6f-n5tSyuM,,,,,
Rose Quartz,Toro y Moi,Anything In Return,109.968,4:13,9,6917,TOd_r4hBZJI,,,,,
ROS,Mac Miller,GO:OD AM,120.554,,1,6918,-2AfeMnpiRI,,,,,
Ropes,Scott James,Shelter Island Heights,132.004,3:27,4,6919,myyhq1-Scs4,,,,,
Ron Artest,Babyface Ray & 42 Dugg,Ron Artest,,2:34,,6920,AqLHBvx1s7s,,,,,
Rollie,Cousin Stizz,Rollie,159.996,,1,6921,htQU1i74v0E,,,,,
Roll in Peace (feat. XXXTENTACION),Kodak Black,Project Baby 2: All Grown Up,140.053,,10,6922,QA27OYutm9M,,,,,
Rocky,Still Woozy,"If This Isn’t Nice, I Don’t Know What Is",101.083,,11,6923,0U2QsYwNPio,,,,,
Rock Yo Hips,Crime Mob,Hated on Mostly,77.492,3:46,6,6924,slPwum7BC9U,,,,,
Rock The Boat,Aaliyah,Aaliyah,92.99,,5,6925,oQiLUFC88-U,,,,,
Rock Da Boat,Tony Shhnow,Da World Is Ours 3,133.948,1:54,1,6926,k-l7F_fmzs4,,,,,
Robes (feat. Domo Genesis & Earl Sweatshirt),Freddie Gibbs;Madlib,Piñata,84.148,,5,6927,bdz3_rTEjaA,,,,,
RNP (feat. Anderson .Paak),Cordae,The Lost Boy,196.043,,9,6928,phdASDpxZoU,,,,,
RL (feat. WIFIGawd),Wiki;Tony Seltzer,14K Figaro,149.776,2:28,10,6929,CqXSAoIrg0g,,,,,
Risk,FKJ;bAs,Ylang Ylang EP,103.069,,7,6930,z-YYbd5Sr2U,,,,,
Rise,Solange,A Seat at the Table,84.902,1:41,1,6931,tyRYwXHWAtM,,,,,
RIP Young,Isaiah Rashad,The House Is Burning,120.027,2:38,2,6932,OL5KpODIvHQ,,,,,
RIP Bro,Cousin Stizz,Just For You,145.996,3:04,5,6933,3WaJKaRCUeY,,,,,
Rio de Janeiro,Tropkillaz,,116.009,,4,6934,oiHhC64Bj8c,,,,,
RIGIO (fall 4 u),Samant,,107.212,,1,6935,-n7qvst0JX4,,,,,
Right Thurr,Chingy,Jackpot,92.069,4:10,2,6936,3bJgl3IAtQg,,,,,
Rigamortus,Kendrick Lamar,Section.80,178.012,2:48,2,6937,19-HvOxlo1g,,,,,
Ridin (feat. Landon Cube & YBN Nahmir),Yung Bans,,145.004,,4,6938,5kX21iiSowQ,,,,,
Ride Wit Me,Nelly,,101.875,,7,6939,1gyhxPtzfbo,,,,,
Ride It,Jay Sean,My Own Way,93.887,3:10,11,6940,QwJjNysHVhM,,,,,
Ricordandoti,Piero Umiliani,,99.277,,7,6941,CmfTs8lmg-0,,,,,
Richard Millie Plain,Gunna,Drip or Drown 2,134.021,3:20,1,6942,LQ4TuyuWChk,,,,,
Rich Flex,Drake,,160.07,,4,6943,sllmR3TJd_w,,,,,
Ribs,Lorde,,127.945,,4,6944,b7pE8AG1jjE,,,,,
Ribbon In The Sky,Stevie Wonder,,136.799,,10,6945,lWd1NZckbBs,,,,,
Rhymes Like Dimes (feat. DJ Cucumber Slice),MF DOOM,Operation: Doomsday (Complete),99.984,4:19,11,6946,5TlZeem3FU8,,,,,
Rewind,SahBabii,Do It For Demon,86.992,3:07,10,6947,bHSuWN8un2A,,,,,
Remember The Time,DJ.Fresh;Curren$y,The Tonite Show With Curren$y,140.052,3:41,0,6948,SG3vFpaCYrQ,,,,,
Remember Summer Days,Anri,Timely!!,96.698,4:55,4,6949,3agC6do-624,,,,,
Remember Me,Tame Impala,InnerSpeaker (Collector's Edition),107.022,4:21,7,6950,UQkRzLSo4-k,,,,,
Remember,Mac Miller,Watching Movies with the Sound Off (Deluxe Edition),139.661,4:28,9,6951,JI_KhX7kOS8,,,,,
Relief,Krithi,Pada-Pada-Ppu,100.006,3:24,5,6952,odDQir5Qb-Q,,,,,
Releaser,Kid Cudi,"Passion, Pain & Demon Slayin'",81.993,5:27,7,6953,9Gki1g5RzC8,,,,,
Rejuvenate My Faith,Jx.Zero,Psalms I Hope Help Someone,78.013,1:53,5,6954,NMa8JBbHVq4,,,,,
Regal,Noname,Room 25,82.998,2:48,6,6955,0901dB600Y8,,,,,
reflect,Dilip,Pressure III,139.048,1:10,5,6956,xCW0CDpI8Mw,,,,,
Reet,Hamid El Shaeri,Habibi Funk: An Eclectic Selection of Music from the Arab World (Pt. 2) (Habibi Funk 015),,4:27,,6957,94BCTYyPF0U,,,,,
REDLINE DASH,Skrillex,F*CK U SKRILLEX YOU THINK UR ANDY WARHOL BUT UR NOT!! <3,150.029,1:16,7,6958,NtuUU4nXIU4,,,,,
Redemption,Jay Rock,,144.017,,6,6959,S38Y9LHoRh4,,,,,
Redbone,Childish Gambino,Redbone,160.049,5:26,1,6960,k49I5m1J6Is,,,,,
Red Wine Supernova,Chappell Roan,The Rise and Fall of a Midwest Princess,124.041,3:12,9,6961,KSbwHJMPq8w,,,,,
Red Lights,SAULT,7,130.755,3:03,1,6962,B54aLyR3cyk,,,,,
Red Dot Music (feat. Action Bronson),Mac Miller,Watching Movies with the Sound Off,148.757,,5,6963,E8CaJ3NcxfY,,,,,
Reckoner (Live At Capitol Studios / 2014),Robert Glasper,Covered (The Robert Glasper Trio Recorded Live At Capitol Studios),,,,6964,rLQMH6n8Afg,,,,,
Recess,Ravyn Lenae,Moon Shoes EP,70.526,3:08,11,6965,LF6wffjI0O0,,,,,
Really Tired,Arima Ederra,Oh God / Really Tired,80.802,5:14,4,6966,MJm-uFciIgc,,,,,
Realla,TOKiMONSTA;Anderson .Paak,Desiderium,129.95,3:30,5,6967,wwTTF16M9_I,,,,,
Real Rare,Tony Shhnow,Love Streak,81.565,,2,6968,lmViAQjL_x0,,,,,
Real Love,Childish Gambino,Bando Stone and The New World,127.501,2:17,16,6969,c-NTJ11np2s,,,,,
Real,Freddie Gibbs;Madlib,Piñata,88.607,3:34,7,6970,YEUHOKH6_Hs,,,,,
Ready. Set. Flex.,"Shigeto, ZelooperZ, & Ian Maciak",Cherry Blossom Baby,,4:00,,6971,4zWDIhuqMpU,,,,,
Ready to Eat,SahBabii,Barnacles,117.865,2:31,7,6972,sAcECdJeonY,,,,,
Re_Jaded,deadmau5,Jaded,127.999,12:00,10,6973,G_TuHSQHNjU,,,,,
Rather Be With You,Sango,Da Rocinha 3,129.832,,5,6974,-434N_T-Qec,,,,,
RATATOUILLE,Heems;Sid Vashi,VEENA,92.734,2:16,6,6975,ZIU4N0EKgyU,,,,,
Rara,Tekno,Tekno Miles,102.018,,1,6976,avIY0wa81Dw,,,,,
Rapping 2 U,Das Racist;Heems,"Sit Down, Man",186.376,4:41,7,6977,XtD-V_DXysA,,,,,
Rapp Snitch Knishes (Live Instrumental),OMA,Rapp Snitch Knishes (Live Instrumental) [Cover],,,,6978,-Mb9UM0-WeM,,,,,
range brothers,Baby Keem;Kendrick Lamar,The Melodic Blue,,,,6979,6MA2a-cpbkA,,,,,
Ramta Jogi,Sukhwinder Singh;Alka Yagnik,Taal (Original Motion Picture Soundtrack),139.98,6:17,6,6980,PhWhGt28wNY,,,,,
Rami (feat. Westside Gunn),Mach-Hommy;Westside Gunn,Pray For Haiti,138.706,2:28,9,6981,hzZMMTQ1mrM,,,,,
Ramana Aei,Thaman S,,,2:36,,6982,u6wMaWbT7os,,,,,
Hello Raja?,Sakré,Hello Raja?,83.936,,8,6983,HTGCUEzH78Y,,,,,
Rainbow in the Dark,Das Racist;Heems,"Shut Up, Dude",174.085,3:50,2,6984,gLgMtcUf9q0,,,,,
Radio Silence,James Blake,The Colour In Anything,120.086,4:00,2,6985,HdsuYBDIjzU,,,,,
Radha Kaise Na Jale,A.R. Rahman,Lagaan (Original Motion Picture Soundtrack),148.435,,7,6986,cH_9ZwTVnuI,,,,,
Racist,SahBabii,Barnacles,137.972,2:33,1,6987,N87dFIzsoLE,,,,,
Raat Ki Rani,Arooj Aftab,Raat Ki Rani,91.984,5:13,10,6988,Zhbr05Zysiw,,,,,
R.I.P. Kevin Miller,Isaiah Rashad,Cilvia Demo,136.158,,8,6989,_wkm76C69aE,,,,,
R.I.C.O. (feat. Drake),Meek Mill,Dreams Worth More Than Money,167.909,,1,6990,umYiZCzN-yE,,,,,
R.E.M,Ariana Grande,Sweetener,80.022,,10,6991,5l24PwM-7lc,,,,,
Questions,Maeta,When I Hear Your Name,93.15,,8,6992,MUWbu6oMkC4,,,,,
Quero Voar,DJ Danifox;DJ Lycox,Quero Voar,130.21,4:24,3,6993,F1C2s8_i32o,,,,,
Quem Me Leva (feat. Elin Melgarejo),Thievery Corporation,Saudade,105.886,,5,6994,H9nA3tFTJbg,,,,,
Queen Size (feat. Adheena Pramod),RHYTHOM,Queen Size,162.456,2:51,17,6995,gmk7nu6DrJg,,,,,
Queen Bitch,Lil' Kim,Hard Core,85.658,,2,6996,8rJ7VZadCGc,,,,,
QUE NO SALGA LA LUNA (Cap.2: Boda),ROSALÍA,El Mal Querer,,4:30,,6997,nlEPSY6qA28,,,,,
Pyramids,Frank Ocean,channel ORANGE,107.989,9:52,5,6998,dMV31MWIjLE,,,,,
Put That Away And Talk To Me,James Blake,The Colour In Anything,116.948,,6,6999,feYEDjgdI1o,,,,,
"Pussy On Repeat (feat. EARTHGANG, J.I.D & 6lack)",Spillage Village,Bears Like This Too,144.368,,9,7000,glB4XNl0_tg,,,,,
pushin P (feat. Young Thug),Gunna;Future;Young Thug,DS4EVER,77.502,2:16,1,7001,lRIh0EXyDJM,,,,,
Push,RL Grime,PLAY,134.983,,0,7002,AS_EZDfhnHs,,,,,
Purple Umbrella,SahBabii,Barnacles,124.416,2:40,9,7003,bIGJyXxsrPU,,,,,
Purple Hearts,Kendrick Lamar;Summer Walker;Ghostface Killah,Mr. Morale & The Big Steppers,138.202,5:29,3,7004,DQkBaVY-bJU,,,,,
Purple Heart Ski,LUCKI,s*x m*ney dr*gs,160.066,1:48,4,7005,lLpuTkQcQQU,,,,,
Purple Ape (feat. 4orever),SahBabii,Purple Ape,134.996,,3,7006,OYLzzFRklGA,,,,,
Purp,Kodak Black,Lil Big Pac,111.997,4:00,7,7007,NYwqJ6nE7tI,,,,,
Punnami Puvvai,Shreya Ghoshal,Rudhramadevi,,4:36,,7008,LeXQNb0Rm1U,,,,,
pulling the pin (feat. Josh Homme & Mavis Staples),Run The Jewels;El-P;Killer Mike,RTJ4,101.096,,9,7009,30jj4vktSNA,,,,,
Pull Up Wit Ah Stick (feat. Loso Loaded),SahBabii;Loso Loaded,Pull Up Wit Ah Stick (feat. Loso Loaded),80.517,3:48,1,7010,874DxDniiIk,,,,,
Pull Up on a Kid (feat. Yak Gotti),Young Thug,Slime Season 2,133.078,3:39,21,7011,MxRRZAfoTgc,,,,,
PUFFIN ON ZOOTIEZ,Future,I NEVER LIKED YOU,124.992,2:52,8,7012,ifWLMHrlSOA,,,,,
Puddle Boots,Cousin Stizz,GABOS (Game Ain't Based on Sympathy),145.151,,10,7013,jgiti0JWv-A,,,,,
Promises,Faime,Promises,170.974,,1,7014,J0E44Xn1YRM,,,,,
Prom,SZA,Ctrl,120.048,3:16,1,7015,vmuz4kwsKPQ,,,,,
Project Baby 2,Kodak Black,Project Baby,84.977,3:47,4,7016,G0pYb1MmUwU,,,,,
Profite (Kazy Lambist Remix),"Moi Je, Antoine Lartigue, Simon Bérard, Loïc Lassablière, and Babil Lachheb",Profite (Remixes),,,,7017,cK5UBNpZd6s,,,,,
Prince Charming,Action Bronson,Prince Charming,78.219,2:31,1,7018,BNY8n3KtIjw,,,,,
PRICE OF FAME,Brent Faiyaz,WASTELAND,71.184,6:19,9,7019,bI6RUktXQko,,,,,
Pretty,Puma Blue,Holy Waters,90.022,,8,7020,_g-hfpnAQmM,,,,,
No Pressure (feat. Big Sean),Justin Bieber,Purpose,,,,7021,0iJqyuOdaIc,,,,,
Pressure,Baby Rose,To Myself,189.971,,7,7022,9vVau3UdqsU,,,,,
Presidential (feat. Elijah Blake),Rick Ross,"God Forgives, I Don't",164.105,,2,7023,IEn6hOdxx-0,,,,,
Pregnant,SahBabii,Barnacles,97.037,2:42,11,7024,UbOLlANadQI,,,,,
Preben Goes to Acapulco,Todd Terje,It's Album Time,95.997,4:35,7,7025,8pifexlh5nM,,,,,
Preach (feat. PARTYNEXTDOOR),Drake,If You're Reading This It's Too Late,65.255,3:57,11,7026,lOhZl4tD744,,,,,
Prayers for the Customers,Skyzoo,Keep Me Company,87.63,3:47,6,7027,F3-q1iBmH4E,,,,,
Pray You Catch Me,Beyoncé,Lemonade,174.824,,8,7028,rN-ElZwUADQ,,,,,
Pray 4 Love,Travis Scott,,79.94,,1,7029,EivJ5hpQzms,,,,,
Practice,Drake,,104.675,,1,7030,JUrDOWj9RUw,,,,,
Pra Nós,Sango,,,,,7031,tcoeq7_yd_c,,,,,
Poxa,Cortex,,87.067,,9,7032,5hfeDEi8pFA,,,,,
"Bollywood Dj Non Stop Remix(Remix By Dj Jitesh,Psynth)",Bappi Lahiri,,,,,7033,68RLvhxk_4g,,,,,
Power,Young Thug,Slime Season,138.994,3:15,6,7034,aNqX-nBkz0w,,,,,
Powder,Dave East,,140.249,,9,7035,pPndwdX0RUw,,,,,
Powaline,Liv.e,,61.89,,11,7036,zVx9NhlXfsk,,,,,
Pothole,"Tyler, The Creator",,89.386,,11,7037,_wvhrRb3oU0,,,,,
Potential,Kllo,,156.062,,7,7038,3V8WjoMk6S8,,,,,
Potato Salad,"Tyler, The Creator",,168.197,,2,7039,jd5_Be6PgkM,,,,,
Postpostpartum,Injury Reserve,By the Time I Get to Phoenix,130.465,4:10,10,7040,agZoPIe7iGQ,,,,,
Portrait of a Time,Peter Cat Recording Co.,Portrait of a Time: 2010-2016,97.83,5:52,5,7041,5tS42Evu-oM,,,,,
Portabella,Young Nudy,Gumbo,75.491,3:36,1,7042,Y5LXXJSS-wU,,,,,
Poppin Shit,SahBabii,Barnacles,150.045,3:16,6,7043,SHvNV8mGGqo,,,,,
Poppin,Yeat,2 Alivë,74.521,2:47,7,7044,qlZKgGNyLmE,,,,,
Ponta De Areia,Esperanza Spalding,Esperanza,84.312,5:36,1,7045,0h7jEUbD9K8,,,,,
Polly,Nirvana,,121.12,,2,7046,uSncqMvQxCo,,,,,
Politics & Violence,Dominic Fike,What Could Possibly Go Wrong,189.542,3:17,9,7047,Qf4gWzM_GD0,,,,,
Points,James Blake,The Colour In Anything,76.078,3:31,11,7048,HLejryA-IdA,,,,,
Poe Mans Dreams (His Vice) (feat. GLC),Kendrick Lamar;GLC,Section.80,88.124,4:21,1,7049,1JrCdJ47TjI,,,,,
Pode Vir Comigo,Phill Veras,Pode Vir Comigo,169.126,4:33,7,7050,VEtPSE56KAI,,,,,
Pockets,Devault,,102.032,,14,7051,A8YTNDN3xQ0,,,,,
PMW (All I Really Need) (feat. ScHoolboy Q),A$AP Rocky;ScHoolboy Q,LONG.LIVE.A$AP (Deluxe Version),130.022,3:54,1,7052,Z4kkILeXBY0,,,,,
PLZR,Swami Sound;gum.mp3,State of Emergency,,,,7053,I8zinGkI1eI,,,,,
Pluto (Bianca Maieli Remix),Raveena,Pluto (Bianca Maieli Remix),129.973,2:36,5,7054,nVYITPnqP-c,,,,,
Plot Twist,Wiz Khalifa;Curren$y,2009,140.941,2:26,0,7055,EfNBfJ2vCxU,,,,,
Please Please Please,Sabrina Carpenter,Please Please Please,107.071,3:06,9,7056,62yox0F5lcA,,,,,
Player's Ball,Outkast,Southernplayalisticadillacmuzik,93.071,4:21,1,7057,v8vkjU5O6n8,,,,,
Playboy,Jx.Zero,In My Sins,158.017,,1,7058,TtoD3JIsX6Q,,,,,
Playa,Knucks;Sainté,ALPHA PLACE,135.041,2:57,2,7059,9On5npRYmXU,,,,,
"Play (""Shut Up!"")",TEK.LUN,"Play (""Shut Up!"")",111.985,2:28,7,7060,kZokgYEahwc,,,,,
Plastic Bag,Drake;Future,What A Time To Be Alive,170.919,3:22,1,7061,tytoa6Kj31Q,,,,,
PlaqueBoyMax,Fivio Foreign,PlaqueBoyMax,135.06,1:53,8,7062,tpcQsCGkY4g,,,,,
Pix,VHOOR,Viaduto,95.919,2:37,1,7063,zIz-AvWO8Gs,,,,,
Piss On Your Grave (feat. Kanye West),Travis Scott,Rodeo,116.876,,1,7064,KCsex2tGXrs,,,,,
Piper,Little Tybee,Piper,83.979,3:48,2,7065,jeYcGKL0lq0,,,,,
Pink Section,Thom Yorke,Tomorrow's Modern Boxes,79.672,,7,7066,KmlywjM3JdI,,,,,
Pink Matter (feat. André 3000),Frank Ocean,channel ORANGE,176.569,,11,7067,uaLV003llhY,,,,,
PIMP SOCKS,Lord Sko,UNITED PALACE,88.413,3:05,7,7068,RdQmQ7cjyiM,,,,,
PILOT (feat. Sydney Bennett),"Tyler, The Creator;Syd",Cherry Bomb,109.995,3:29,5,7069,Z_QfmPZNlhw,,,,,
PICK IT UP (feat. A$AP Rocky),Famous Dex,Dex Meets Dexter,135.995,,1,7070,APl_s6gq_M8,,,,,
Picasso,Migos;Future,Culture III,140.037,3:33,8,7071,bybM69Txh5I,,,,,
Photosynthesis (feat. Jean Deaux),Saba,Bucket List Project,111.13,,7,7072,cYKAr38pZcY,,,,,
Pew Pew,Yung Gleesh,Gleesh,136.216,3:25,6,7073,Yc7U7jwSMQI,,,,,
Petrol Bliss,Choker,Mono No Moto,142.015,3:09,0,7074,DOSSHrEKcQ0,,,,,
Petrichor,Tek Genesis;Quiet Bison,Temp,150.151,,7,7075,iQm10jjff0Y,,,,,
pete davidson,Ariana Grande,Sweetener,119.913,1:13,4,7076,sNVjFdNy2rs,,,,,
Perfect Places,Lorde,Melodrama,104.41,,1,7077,Cuni8n0bwx0,,,,,
PERFECT,Mercury;Vayda;BISKHIT,PERFECT,82.997,,9,7078,E77OGNa3-UI,,,,,
PERCS | PERCZ,Denzel Curry,TA13OO,160.003,,6,7079,QdHDZSwwIWA,,,,,
"People, I've been sad",Christine and the Queens,"People, I've been sad",77.98,4:20,1,7080,BFJMvqxNxBs,,,,,
People Never Change,Peter Cat Recording Co.,BETA,102.015,,0,7081,d1oRXU4WUVI,,,,,
Penny Pinchin,Luhh Dyl,Penny Pinchin,94.001,2:15,2,7082,Z4JpkBpR0T4,,,,,
Peg,Steely Dan,Aja,116.918,,7,7083,MXupeS9hv70,,,,,
Pearls,Sade,Love Deluxe,87.096,,7,7084,JcljzvUgoAQ,,,,,
Peak,Drake,Scorpion,92.007,3:26,9,7085,Ftv2yVLQDCk,,,,,
Peacoat,Future,Beast Mode,135.031,3:01,4,7086,XuuQUBKuwF0,,,,,
Peaches,Diljit Dosanjh,Drive Thru,85.264,3:09,4,7087,p3ALF6PNMmo,,,,,
PCH,Jaden Smith,CTV2,,,,7088,13d4ezQmoRs,,,,,
PAYMEAGRIP,Ovrkast.,PAYMEAGRIP,132.992,2:04,6,7089,AN2l-TlU21M,,,,,
Pause for Thought,SBTRKT,2020,140.077,4:27,7,7090,D3eO8c3eoVY,,,,,
Passionfruit (triple j Like a Version),Angus & Julia Stone,Passionfruit (Triple J Like a Version),110.25,,8,7091,QW_mh9uMHOI,,,,,
Passionfruit,Drake,More Life,111.98,,11,7092,LDN_CuuUl2I,,,,,
Pasadena,Tinashe;Buddy,Pasadena,86.032,,1,7093,VcjKZob5wPQ,,,,,
Part of me (feat. Benjamin Earl Turner & Phoelix),Noname,Room 25,89.998,3:16,17,7094,Ejf1vflgjAU,,,,,
Part I,Anish Kumar;Hagop Tchaparian,Kino (Extended),129.943,,1,7095,jOyNdrSqeJ0,,,,,
Parking Lot,Anderson .Paak,Malibu,97.019,,9,7096,xyZKbcYPL9I,,,,,
"Paris, Texas (feat. SYML)",Lana Del Rey;SYML,Did you know that there's a tunnel under Ocean Blvd,170.253,3:26,0,7097,h4VZBxBBLZE,,,,,
Paranoid Android (feat. Kirsty Rock),Easy Star All-Stars,Radiodread,155.305,6:28,5,7098,4RBZoNkgPNA,,,,,
Paranoia (feat. Nosaj Thing),Chance the Rapper featuring Nosaj Thing,Acid Rap,,4:36,,7099,dYPU9afLiyo,,,,,
Parallax (feat. The Palaceer Lazaro),Shabazz Palaces,Quazarz: Born on a Gangster Star,115.892,,9,7101,KqUtp0E--H4,,,,,
Paradise,BTS,LOVE YOURSELF 轉 'Tear',139.413,,5,7102,obH7iPDAn2Q,,,,,
Paradise,Sade,The Best of Sade,99.817,3:37,1,7103,HywzuV7yYmg,,,,,
Para a Luz,Sango,"De Mim, Pra Você",129.993,,1,7104,ylne2Oydz08,,,,,
Pal Pal Hai Bhaari,Madhushree;Vijay Prakash;Ashutosh Gowariker,Swades,99.985,6:48,2,7105,H-0rIefT6pI,,,,,
PAIDNFULL,LUCKI,2 Faced,89.976,1:59,11,7106,yaI7CmUji4o,,,,,
P.Y.T. (Pretty Young Thing),Michael Jackson,Thriller,127.276,,11,7107,y32ejtuxSjM,,,,,
P&P 1.5 (feat. Ab-Soul),Kendrick Lamar,Overly Dedicated,146.453,,6,7108,GJFjpaHd7Zs,,,,,
Oxenfree,Father,Hu$band 2,130.001,2:42,1,7109,1n0WagywACw,,,,,
Own2,April + VISTA,You Are Here,115.02,3:37,4,7110,VyKoT-jMmX8,,,,,
Overtime (feat. ScHoolboy Q & Miguel),ScHoolboy Q,Blank Face LP,118.018,4:39,10,7111,vCcxfFqM0cc,,,,,
Overdue (feat. Travis Scott),Metro Boomin,NOT ALL HEROES WEAR CAPES,,,,7112,5bUOV7wYjbk,,,,,
Over,Strings From Paris,Over,74.976,,4,7113,4cSPeTSvY48,,,,,
Outstanding,Gunna,Drip or Drown 2,149.075,3:00,6,7114,4Awxng4oA4I,,,,,
OUTSPOKEN,SBTRKT,OUTSPOKEN,135.806,,1,7115,khWcZqBRszQ,,,,,
outside,Travis Scott,Birds In The Trap Sing McKnight,165.906,2:56,2,7116,Zkp64jjajs0,,,,,
Out thë way,Yeat,Lyfë,128.134,2:30,4,7117,9k2UIZpi56c,,,,,
Out of Your Mind (Interlude),Lianne La Havas,,,1:05,,7118,CGbLBbf0zxY,,,,,
Out of Time (KAYTRANADA Remix),The Weeknd;KAYTRANADA,Dawn FM (Alternate World),,,,7119,STBDkjArh1Q,,,,,
Out Of Love (feat. Internet Money),Lil Tecca,Virgo World,138.049,,7,7120,_Jlee67mhMw,,,,,
OUT MY MIND,Planet Giza,"The Sky Is Recording Me: 100 Years Later, Vol. 2",130.033,3:45,7,7121,uhn_0lU1giQ,,,,,
Out in Myself (feat. Emmanuelle),Men I Trust,Headroom,143.992,3:50,4,7122,HcEzhg_Xpxo,,,,,
Otro Atardecer,Bad Bunny;The Marías,Un Verano Sin Ti,108.02,4:04,2,7123,xBpqkPl8E_Y,,,,,
Otis (feat. Otis Redding),JAŸ-Z;Kanye West,Watch The Throne,94.577,,7,7124,UgKguykIX9M,,,,,
Other Side,SahBabii,Do It For Demon,141.916,3:43,1,7125,X7RAHzItd0o,,,,,
Oshun (feat. Jurdan Bryant),Spillage Village;EARTHGANG;6LACK,Spilligion,,,,7126,LixYsEG449Y,,,,,
Orion's Belt Buckle,Atlanta Space Quartet,Machine Learning,119.992,,11,7127,JfoRcv8UMbY,,,,,
Orange Moon,Otto Benson,Songs Before Bed (2022),95.066,0:59,9,7128,ef8mAgpBDt8,,,,,
Options,Ivy Lab,Press Play,174.038,4:37,17,7129,GexrfeOmGjw,,,,,
Ophelia,Ivy Lab,,131.79,,3,7130,46b0ciMiKgk,,,,,
"Ooru Sanam Thoongidichu (From ""Mella Thirandhadhu Kadhavu"")",SP Balasubrahmanyam (SpBaluofficial),,,4:39,,7131,XeUkGUlpVNw,,,,,
Ooh Baby,Ciara,,81.837,,11,7132,LfXbVMkS1tg,,,,,
Onyx (feat. LANKS),Odette,To A Stranger,120.009,4:17,9,7133,L1UDZrSLsTs,,,,,
Only She Knows,Loving,,82.106,,2,7134,23bFrFXZ-b8,,,,,
Only If,Steve Lacy,Apollo XXI,86.023,1:40,4,7135,7SeF3mdczJA,,,,,
Only Built 4 Hermès Linx (feat. Tony Shhnow),Father,Only Built 4 Hermès Linx,110.01,2:24,11,7136,F4doyJPxZCc,,,,,
Only (feat. Lydia Kitto),Little Simz,Lotus,118.202,3:36,16,7137,5pafwyz5T9g,,,,,
One Take Freestyle,1900Rugrat,,159.895,,10,7138,flsMLOxC4SY,,,,,
One Of Your Girls,Troye Sivan,,93,,11,7139,4hPqE_oxlDQ,,,,,
one of wun,Gunna,,139.943,,10,7140,Yiyk0oL_L9M,,,,,
Dandelions,Ruth B.,,,,,7141,HZbsLxL7GeM,,,,,
One Night Stand,Roy Woods,,192.051,,5,7142,kq5wFtItPGQ,,,,,
One Mo'Gin,D'Angelo,Voodoo,64.027,6:13,1,7143,EQq-KwgolxE,,,,,
One Call,Gunna,,146.992,,2,7144,d0hGlhbV7ts,,,,,
One Beer,MF DOOM,,91.115,,7,7145,ypClJkPhx8o,,,,,
On Top (feat. T-Shirt),Flume,Flume: Deluxe Edition,93.007,,6,7146,1nPP9Xzb6dg,,,,,
on the street,j-hope;J. Cole,On the street,,3:35,,7147,H0G1ta9qZfs,,,,,
On the Run,Young Thug,,128.122,,15,7148,w3g9M2UmFg4,,,,,
On the Level,Mac DeMarco,This Old Dog,,,,7149,8PwDtOXlnRI,,,,,
On Repeat,The Black Keys,"No Rain, No Flowers",90.995,3:18,3,7150,jmQrh1V9UoE,,,,,
On My Way,The Kount;CARRTOONS,On My Way,172.448,2:41,3,7151,gkTQQFGABl8,,,,,
On God,Gucci Mane,Evil Genius,160.019,2:06,1,7152,aMWyRXu7mgE,,,,,
On & On,Erykah Badu,Baduizm - Special Edition,80.395,3:45,11,7153,TW28iWV7nxE,,,,,
OLYMPIAN,Playboi Carti,MUSIC - SORRY 4 DA WAIT,77.018,,0,7154,wCB6gTh7Fls,,,,,
Old Money,Playboi Carti,Die Lit,162.958,2:15,2,7155,kwrkW-mB0DA,,,,,
OKRA,"Tyler, The Creator",OKRA,136.203,2:31,1,7156,GhJIEp0hQOg,,,,,
Ok Alright,Travis Scott,,122.482,,8,7157,WFYpz-QhOgk,,,,,
OJOS FERRARI,KAROL G;Justin Quiles;Angel Dior,MAÑANA SERÁ BONITO,124.046,3:00,1,7158,VpGcWQGms_8,,,,,
"Oh, You Crazy Moon (Live in LA)",Ornithology,,,,,7159,0qg63vSP14s,,,,,
Oh Shit!!!,Injury Reserve,Floss,150.192,4:16,8,7160,UMtdDXGGGPo,,,,,
Oh No,Biig Piig,Oh No / Liahr,166.133,2:44,7,7161,aum6pgbvjNA,,,,,
oh my love,FKA twigs,CAPRISONGS,108.052,3:45,8,7162,fYJoUck8Vqk,,,,,
Oh My God,Lil Keed,Oh My God,144.994,3:06,7,7163,j42TggDgKU8,,,,,
Oh My Dis Side (feat. Quavo),Travis Scott;Quavo,Rodeo,126.014,5:51,1,7164,_ZALrZUSshA,,,,,
Oh (feat. Ludacris),Ciara,Goodies (20th Anniversary),128.29,,7,7165,MatkaA8qXX4,,,,,
OG Heartthrob,Majid Jordan,The Space Between,99.985,4:28,8,7166,Ri16bKbgVP8,,,,,
Off Wiv Ya Headz,Nia Archives,Off Wiv Ya Headz,164.948,3:26,8,7167,SWft6UYl30o,,,,,
Off The Grid,Kanye West,Donda,137.728,5:39,8,7168,xvuzWi_l-U8,,,,,
Off tha Leash!,ICYTWAT,G4ost,141.986,2:45,9,7169,aanb7kPc-uI,,,,,
Off Da Zoinkys,JID,DiCaprio 2,137.981,,7,7170,6QTYQ5Mof3s,,,,,
OD CRASHIN,Baby Kia,HELL CAN'T SAVE YOU,92.991,,1,7171,wzUbYvzs0HQ,,,,,
OD,Young Thug,Barter 6,88.154,4:45,7,7172,84pVVjwUi0c,,,,,
Oceans (feat. Frank Ocean),JAŸ-Z,Magna Carta... Holy Grail,177.919,,11,7173,xUub5IwPmiU,,,,,
Ocean Prime (feat. Boldy James),The Alchemist,Yacht Rock 2,49.305,,2,7174,Re11EI72vfk,,,,,
Ocean Cuisine,Larry June;Cardo Got Wings;2 Chainz,The Night Shift,79.319,3:24,11,7175,bv_hW96LnuE,,,,,
Obra del Mal Que Me Agobia,Cira,Episodio de Sinestesia,80.399,2:03,1,7176,5Wc4gKpyowk,,,,,
O Pato,Ebony Loren,O Pato,165.852,2:46,6,7177,gw1exf19lQM,,,,,
O Moto,Sango,"De Mim, Pra Você",129.998,,4,7178,w-yVLWNE85Y,,,,,
Nydia,Buscabulla,Regresa,108.956,4:13,1,7179,EarggFm8TwQ,,,,,
Nun id change,Yeat,AftërLyfe,100.003,3:31,2,7180,tmpI90B97ok,,,,,
Numb,Portishead,Dummy,78.052,,6,7181,mfw7oAGxq8Q,,,,,
Numb,Men I Trust,Numb,138.816,3:39,4,7182,HwBFSyIcIFI,,,,,
Nrithyadhurjadikaragathadamaruka,RHYTHOM,Nrithyadhurjadikaragathadamaruka,159.895,2:00,1,7183,t7LL3rLSzHw,,,,,
NOVV,Ivy Lab,Infinite Falling Ground,131.977,4:18,11,7184,GK2DJi77QDI,,,,,
Novaform,Machinedrum;Holly,天の川 (River of Heaven),140.009,,10,7185,LZ6cLb9gJhU,,,,,
Nothing Simple,"Shigeto, Tammy Lakkis, & Cleveland Thrasher",Cherry Blossom Baby,,3:33,,7186,iAIUhXTJ6Y0,,,,,
Nothing Revealed / Everything Denied,The 1975,Notes On A Conditional Form,169.052,,0,7187,kpXNeiTins8,,,,,
Nothing Even Matters (feat. D'Angelo),Lauryn Hill,The Miseducation of Lauryn Hill,136.422,,10,7188,zASJBw0R0gM,,,,,
Not Worried,Lisha G;Trini Viv,Groovy Steppin Sh*t,140.998,2:43,10,7189,vCtKf_LW6I0,,,,,
Not a Burden,Ganavya,Nilam,145.637,3:43,2,7190,pRtTeRjE-AI,,,,,
Nostalgia (Rhythm Version),Piero Umiliani,La ragazza fuori strada,,,,7191,s1ggxgiAdaw,,,,,
Nose Grows Some,Thom Yorke,Tomorrow's Modern Boxes,102.008,,11,7192,pMxcgw1_Ejg,,,,,
Normal Friends,Tinzo;Jojo Lorenzo,Normal Friends,129.986,4:14,4,7193,dw83xyVjGt0,,,,,
None Of My Business,Tinashe,BB/ANG3L,,,,7194,A7qXV96Q8lQ,,,,,
Noise Above Our Heads,James Blake,The Colour In Anything,124.032,,11,7195,lftsPLEsjM8,,,,,
Nocturna,DJ Lycox;Dogzout,Nocturna,124.993,1:50,8,7196,2Cj6nX1sWM4,,,,,
Nobody's Perfect (feat. Missy Elliott),J. Cole,Cole World: The Sideline Story,119.988,,8,7197,c_EDbmqw7HE,,,,,
Nobody,Hozier,"Wasteland, Baby!",90.993,,7,7198,fF-qLkirvqA,,,,,
NO. 9,Playboi Carti,Playboi Carti,137.887,3:19,1,7199,PXbCv17DXgI,,,,,
No Wheaties (feat. Smoke DZA & Curren$y),Big K.R.I.T.,K.R.I.T. Wuz Here,107.253,,1,7200,rfg5D7kop4M,,,,,
No Vacancy,Westside Gunn,Pray for Paris,135.831,1:35,8,7201,QT7YjN3QVGk,,,,,
No Sense (feat. Travis Scott),Justin Bieber,Purpose,133.956,4:36,2,7202,lZ7G5SpZRd0,,,,,
No Scrubs,TLC,Fanmail,92.927,3:34,8,7203,q3MkrF5fPew,,,,,
No Ride Home,Aydn,No Ride Home,171.963,,10,7204,Vla-NTi8qE8,,,,,
No Respect,Machinedrum,SXLND,126.953,6:20,1,7205,da7VNkostrc,,,,,
No No Yes Yes,Deradoorian,Ready for Heaven,116.017,,4,7206,C7_Q1qMrXzA,,,,,
No Nein,1tbsp;Mietze Conte,No Nein,140.009,,6,7207,ZntgSigKL10,,,,,
No Mistakes,Kanye West,ye,80.025,,10,7208,4I8gDpuvZt4,,,,,
No harm,Smerz,Have fun,170.064,3:48,9,7209,0Yo7oiwZ_3w,,,,,
NO HALO,BROCKHAMPTON,GINGER,165.192,,4,7210,lwv4Kqo05RM,,,,,
No Fly List,Swet Shop Boys;Riz Ahmed;Heems,Cashmere,139.679,2:51,11,7211,0A_mtYKm_OQ,,,,,
No Flockin',Kodak Black,No Flockin',117.532,,5,7212,JrCsGPYQXbQ,,,,,
No Better,Raveena,Shanti,90.005,4:02,2,7213,cTIEzlQmTi8,,,,,
No bells (feat. 2Hi),Maz G,Oak Creek,148.035,1:46,6,7214,UiqFDzgmypg,,,,,
Nike Socks,SahBabii,LeakOut,143.044,2:40,7,7215,nMOilj55gE0,,,,,
Nikamma,Lifafa,Jaago,181.88,3:31,6,7216,W9teUoAtvoE,,,,,
NIGHT RIDER,Joji,SMITHEREENS,170.016,2:07,8,7217,Ajc7Vf4bhRc,,,,,
Night Goggles (Rome in Silver Remix) (feat. Rome in Silver),Mindchatter,Night Goggles (Rome in Silver Remix),,3:22,,7218,6D0btcWek3g,,,,,
NiggaHs.Already.Know.Davers.Flow,ScHoolboy Q,Habits & Contradictions,119.895,3:53,1,7219,qlfnEt5Wrrw,,,,,
Nigga Please (feat. Young Chris),JAY-Z,The Blueprint 2: The Gift & The Curse,,4:38,,7220,Azula3o9GIo,,,,,
Nice To Each Other,Olivia Dean,The Art of Loving,131.996,3:29,0,7221,Psvc4Sex2h8,,,,,
Niagara Falls (Foot or 2),Metro Boomin;Travis Scott;21 Savage,HEROES & VILLAINS,,3:28,,7222,SFMCCPX5TM4,,,,,
Next Time / Humble Pie,The Internet,Hive Mind,154.036,5:40,5,7223,3NW-_Q_UPdM,,,,,
News or Something,Future,Purple Reign,109.893,3:33,8,7224,C4Fc4WJv5J0,,,,,
Newer Me,LUCKI,Freewave,140.255,1:54,10,7225,lHWlZ9mXHqM,,,,,
New York Kiss,Spoon,They Want My Soul,132.002,,6,7226,bDQbNptoSHk,,,,,
New York Fashion,Elections In Liberia,The Jarrod-Heath Experience,,,,7227,C_GbNCfWFQ4,,,,,
New Thangs,CurrensySpittaTV,,,2:24,,7228,KKcaLFeDudE,,,,,
NEW ORLEANS,BROCKHAMPTON,,159.903,,11,7229,lwYNz6-hdfs,,,,,
New N3on,Playboi Carti,Whole Lotta Red,130.054,1:56,6,7230,3wO10rIofGw,,,,,
New Jeans,NewJeans,,134.014,,4,7231,Krr2u8BUtLw,,,,,
new info,redveil,learn 2 swim,76.71,2:09,5,7232,3d-Wv-fd4ck,,,,,
New House,Toro y Moi,,59.64,,3,7233,LvddnW9ttn0,,,,,
New Healer,Croatian Amor,,131.992,,8,7234,bO3_Kf9mAqg,,,,,
New God Flow.1,Kanye West,,173.944,,3,7235,lwkZBq_-G94,,,,,
New Chanel Freestyle,Rich The Kid,Life's A Gamble,143.954,,11,7236,3T0fNRZlMeg,,,,,
Neverender,Justice;Tame Impala,Hyperdrama,116.988,4:26,6,7237,fPKVETKHwGk,,,,,
Never Too Much,Luther Vandross,Never Too Much,109.723,3:50,2,7238,o6vCn2sBbBE,,,,,
Never quit,Yeat,2093 (P2),160.093,3:00,11,7239,uevXz_O_uOI,,,,,
Never Lose Me,Flo Milli,,121.964,,1,7240,Yjwx32TBySI,,,,,
Never Had,Curren$y,,163.033,,0,7241,VF1ez_DT4A0,,,,,
Never Can Decide (Ivy Lab Remix),Anushka,Never Can Decide,85.999,5:15,9,7242,5PFLwM30Jwg,,,,,
Nevada,River Tiber,Nevada,79.329,3:35,7,7243,0X3m6If58QI,,,,,
Neva CHange,ScHoolboy Q,,79.999,,10,7244,KiYaHdzx4yk,,,,,
Nenjukkule,A.R. Rahman;Shakthisree Gopalan;Vairamuthu,Kadal (Original Motion Picture Soundtrack),154.04,4:50,7,7245,eplFOQZeQIM,,,,,
"Neethanae (From ""Mersal"")",A.R. Rahman;Shreya Ghoshal;Vivek,Rahman Rewind: Romance,73.963,4:28,2,7246,15U7toSI6ck,,,,,
Needy Bees,Nick Hakim,Green Twins,57.157,3:31,11,7247,L30OdPU8CiE,,,,,
Needs,Tinashe,BB/ANG3L,,,,7248,YZJhDqmPC8k,,,,,
Nectar,Raveena,Lucid,127.866,4:26,16,7249,TyyGiQES--o,,,,,
NC-17,Travis Scott,ASTROWORLD,136.052,2:36,2,7250,LTiNm5yUu7o,,,,,
naïve,WILLOW,lately I feel EVERYTHING,126.004,2:50,9,7251,H6jvt3qDDMI,,,,,
Nazia,Anish Kumar,Bollywood Super Hits!,128.005,4:50,11,7252,kaNdTiY_T0o,,,,,
Nazara,Raf Saperra,"She Loves Me, She Loves Me Not...",101.049,3:03,4,7253,8-W_gjjOLOY,,,,,
Nasty,Tinashe,Match My Freak EP,,,,7254,Gwx_ZEGuw_w,,,,,
Nangs,Tame Impala,Currents,167.608,1:47,16,7255,Ao_Pjo-xf1M,,,,,
namesake,Noname,Sundial,119.98,2:58,3,7256,LqBdoyxddq4,,,,,
naked freestyle,Baby Keem,The Melodic Blue (Deluxe),60.034,1:48,2,7257,ejb3KHU3Ztc,,,,,
Nakamarra,Hiatus Kaiyote,Tawk Tomahawk,180.707,4:34,8,7258,jIWQyWCzK3Q,,,,,
Naane Varugiraen,A.R. Rahman;Shashaa Tirupati;Sathyaprakash,O Kadhal Kanmani (Original Motion Picture Soundtrack),149.951,6:05,6,7259,Hp4wk9ptjCQ,,,,,
Na Kolonia,José Carlos Schwarz & Le Cobiana Djazz,Lua Ki Di Nos,160.115,5:40,3,7260,P0ztIsRIjp8,,,,,
N 2 Deep (feat. Future),Drake,Certified Lover Boy,91,4:34,2,7261,rYf_-cmNqNs,,,,,
Møtte deg i døra,Anna of the North,Møtte deg i døra,120.927,,3,7262,PCQG2O278Rs,,,,,
Mysëlf,Yeat,AftërLyfe,133.998,2:30,3,7263,iZm0vGdzKUs,,,,,
My World (feat. Billy Craven),Kid Cudi,Man On The Moon: The End Of Day (Deluxe),147.928,,6,7264,ffR2AoJvBt4,,,,,
My Willing Heart,James Blake,The Colour In Anything,109.981,,10,7265,SLZzRRPgQYk,,,,,
My Very Best (feat. Tony Shhnow),D. Savage;Tony Shhnow,BPL,145.056,3:08,7,7266,g8Qhp5oIl60,,,,,
My Skin My Logo,Solange,When I Get Home,81.409,2:55,8,7267,pSp3frMlGcs,,,,,
My Name (Impossible),The PropheC,Futureproof,159.829,,7,7268,rTOWIJZs01c,,,,,
My My My!,Troye Sivan,Bloom,102.967,,1,7269,CzxJS52YkIQ,,,,,
My Light,SAULT,Untitled (God),95.985,5:31,5,7270,ysC6tPtSglQ,,,,,
My Honest Face,Inhaler,It Won't Always Be Like This,159.989,4:32,5,7271,wMopWCIoV9s,,,,,
My Homie,ScHoolboy Q,Habits & Contradictions,81.501,3:47,0,7272,VvEIynmhpiU,,,,,
My Haveli Is Your Haveli,Lapgan,Duniya Kya Hai,92.002,1:21,10,7273,vTdA-OT5k_Y,,,,,
Rodeo,Lapgan,Duniya Kya Hai,91.931,,13,7273,vTdA-OT5k_Y,,,,,
My Hatin Joint,ScHoolboy Q,Habits & Contradictions,143.203,4:14,2,7274,uxYpZJwyyw4,,,,,
my future,Billie Eilish,Happier Than Ever,104.745,,8,7275,BKznMmrEXzU,,,,,
My First Offense,Boldy James;The Alchemist,Boldface,83.589,1:56,2,7276,eYMkKDGZAAk,,,,,
My Favorite Part,Mac Miller;Ariana Grande,The Divine Feminine,95.016,3:36,6,7277,XVhqcmyne2A,,,,,
MY EYES,Travis Scott,UTOPIA,119.043,,0,7278,yhohHPdPczQ,,,,,
My Collection,Future,HNDRXX,80.085,,8,7279,JwU46Uqtt78,,,,,
My Choppa Hate Niggas,21 Savage;Metro Boomin,Without Warning,77.492,,0,7280,YOu0wmpxReE,,,,,
My bitch,Raq baby,Abstruse,82.517,3:00,1,7281,mm8RPBoURSM,,,,,
My ____,Talinwya,BiRDMAN,120.005,1:20,11,7282,eN5EESef-y4,,,,,
Music To Walk Home By,Tame Impala,Lonerism,101.097,5:12,7,7283,enmnRiSCZ1c,,,,,
MUD,Flume,Hi This Is Flume (Mixtape),86.711,1:28,10,7284,9XsPZ1NdVBk,,,,,
Mrs. Whoever,Saba,Mrs. Whoever / Something in the Water,83.686,,0,7285,kXCkLWqJ2JI,,,,,
Mr. Rager,Kid Cudi,Man On The Moon II: The Legend Of Mr. Rager,102.002,,7,7286,XEolg577-DA,,,,,
MR. COOLA,Kid Cudi,INSANO,136.972,2:27,7,7287,OlTiFZ-AbXk,,,,,
Mr. Carter (feat. JAY-Z),Lil Wayne,Tha Carter III (MTV Bonus Version),85.569,5:17,15,7288,6HIuYgMIqVc,,,,,
Movies,Weyes Blood,Titanic Rising,71.398,5:53,7,7289,xniRJsus8pk,,,,,
"Move That Dope (feat. Pharrell, Pusha T & Casino)",Future,Honest,131.075,,11,7290,9jROV2H9Sw0,,,,,
Mosquito,PinkPantheress,Mosquito,162.927,2:26,11,7291,GhYeFCWjN2s,,,,,
MOROCCO,9DAYS,VIBES,94.998,3:34,1,7292,IhjT8E7p05A,,,,,
Morning Sun,SAULT,11,170.74,,1,7293,FekCPNaRwDo,,,,,
More,IAMDDB,Hoodrich Vol. 3,98.821,,7,7294,jzgaw1lt1I8,,,,,
Moonlight,Kali Uchis,Red Moon In Venus,136.854,3:07,7,7295,XqJosdWocto,,,,,
Moon Whip Quäz,Shabazz Palaces;Darrius,Quazarz: Born on a Gangster Star,110.969,,0,7296,kZZAMH3qra8,,,,,
Moon Man (feat. Strick & Kid Cudi),Young Stoner Life;Young Thug,Slime Language 2 (Deluxe),120.05,,1,7297,ySq5GO1GWHc,,,,,
Montanita,Ratatat,Classics,124.99,5:00,10,7298,XrXqKoCPvE0,,,,,
Monsters,SAULT,Untitled (Black Is),78.813,3:27,8,7299,vlH9gPIffDA,,,,,
Monopoly (feat. Noonie Bao),Finn Keane,Monopoly,192.033,,7,7300,bSfdzoBo0XM,,,,,
Money On Money (feat. Future),Young Thug,UY SCUTI,120.013,,10,7301,w6SsZu2ySrg,,,,,
MoNeY HaPpInEsS,TisaKorean,In Silly We Trust,,,,7302,Ghxk4f-S3nI,,,,,
Money & Power,MIKE;Tony Seltzer,Pinball II,130.991,1:43,4,7303,aqrA9rs9_XU,,,,,
Monday to Monday,Roy Woods,Say Less,77.471,4:32,6,7304,VSqaANNG5QM,,,,,
Monday (feat. Mac Miller),EARTHGANG,Torba,76.416,,1,7305,2n-xhwgrhBo,,,,,
MONALISA,DJ Lycox;TYSON,SEMANA MALUCA,124.047,2:40,6,7306,aF3OBVJ-G6s,,,,,
Momo's,Connan Mockasin,Jassbusters,63.061,3:37,10,7307,59h1KYaNks0,,,,,
Momma I Hit A Lick (feat. Kendrick Lamar),2 Chainz,Rap Or Go To The League,179.974,,11,7308,mnRUtouwQvg,,,,,
Molasses,Hiatus Kaiyote,Choose Your Weapon,83.892,4:49,7,7309,PU0FLqcdm-o,,,,,
Moire,Kenny Beats,LOUIE,175.072,1:50,10,7310,I0vyypJLYwU,,,,,
Modern Mirza,Raf Saperra,Modern Mirza,90.999,3:33,2,7311,QQwSAsFBvRY,,,,,
Modeh,Shye Ben-Tzur;Jonny Greenwood;The Rajasthan Express,Junun,87.148,,11,7312,XyrUteFRfKs,,,,,
Mob Ties,Drake,Scorpion,85.994,,4,7313,pzAIhjxEemw,,,,,
Misty,Lesley Gore,I'll Cry If I Want To,97.742,2:18,0,7314,0t3OR3qRQW0,,,,,
Mistress,Gunna,Drip Season 3 (Deluxe),148.039,2:51,2,7315,XHirWbdzWoc,,,,,
Missing,Everything But The Girl,Amplified Heart,123.534,,9,7316,X7V99kzlO9I,,,,,
Miss The Rage,Trippie Redd;Playboi Carti,Trip At Knight,77.005,,8,7317,MUvkPkv5lNk,,,,,
Miss Me (ABRA) (feat. ABRA),Toro Y Moi,Outer Peace,,,,7318,H0MqoZNab4g,,,,,
misha is fucking pissed,Mr. Carmack,Demolish,140.158,2:58,11,7319,4ehECCElHqg,,,,,
Miserable Without Your Love,Lily Allen,Sheezus (Deluxe Edition),106.995,3:23,5,7320,5iVVxa1Xjg0,,,,,
Mirrors,Dâm-Funk,Toeachizown,,,,7321,miVDEXlY7DQ,,,,,
Mirror Picz,SahBabii,Saaheem,140.993,2:19,8,7322,ou1vkLnSaek,,,,,
Miracle,Gucci Mane,,139.981,,3,7323,U0VTdp6Vvbw,,,,,
Mingusterstood (Blues for Mingus),Jaubi,A Sound Heart,81.689,4:35,5,7324,sOtqsHrWvfc,,,,,
Minetta Creek,Blood Orange,Negro Swan,129.578,,6,7325,JzdHMcZ6-Bs,,,,,
Mindset,Abhi The Nomad,Marbled,,,,7326,jTH7zn_xIYo,,,,,
Mind Of Da Crook,Tony Shhnow,Mind Of Da Crook,171.243,2:17,1,7327,fCTa84vGhYY,,,,,
Mimosa 2000 (on Phonk),Furacão 2000,,,,,7328,eHMDxj0OBSs,,,,,
Mimmi,Ritviz,Mimmi,63.82,2:58,11,7329,jGjpsoR0IOI,,,,,
Million Dollar Mansion (feat. Young Thug),Lil Keed;Young Thug,Long Live Mexico,81.02,3:09,6,7330,uiNf0xuT8_o,,,,,
Miles Away,Blu & Exile,,145.547,,1,7331,mnXw7IoVewE,,,,,
Mikrokosmos,BTS,,174.039,,8,7332,Fw7C6IsDYgI,,,,,
MiKeToMlIn (feat. TiaCorine),TisaKorean & Tia Corine,In Silly We Trust,,,,7333,ku7km1LwSFQ,,,,,
Midnight In A Perfect World,DJ Shadow,,79.526,,7,7334,_nTOxY4vbhc,,,,,
MIDNIGHT BE DA SET,Kamiyada+,LIVE FROM SPACE VOL. 2,145.007,3:21,1,7335,0AHoS0tgcJE,,,,,
Midnight,James Blake;Lil Yachty,Bad Cameo,72.483,4:58,3,7336,1Wwc2zGPKns,,,,,
MIA,Cousin Stizz,Just For You,143.928,2:41,3,7337,mfLD7JZRLqI,,,,,
Metropolis (feat. J.I.D & EARTHGANG),Spillage Village;JID;EARTHGANG,Bears Like This Too,78.692,6:17,7,7338,RhhQW_tVGco,,,,,
Metal in the Wheel (I Went To Philadelphia For A $3 Citywide At El Bar And All I Got Was A Flat Tire),Big Head,,180.826,,4,7339,QBUk75oRqT4,,,,,
Merlot,Ivy Lab,Infinite Falling Ground,131.985,3:39,4,7340,7M5YmZkTaLw,,,,,
Mere Dil Da,The PropheC,,139.969,,11,7341,A1m2LTMTvlQ,,,,,
Mercy Mercy Me (The Ecology),Marvin Gaye,,93.161,,6,7342,H9ePdk29rVI,,,,,
Mercury (feat. Fousheé),Ravyn Lenae;Fousheé,HYPNOS,97.178,4:23,9,7343,hNjuUwKKTkA,,,,,
Merci Beaucoup,Pop Smoke,Faith,141.823,2:55,0,7344,11RZympIJD0,,,,,
Menthol (feat. Jean Deaux),Isaiah Rashad;Jean Deaux,Cilvia Demo,154.152,2:57,7,7345,rZu7gOJ7t90,,,,,
Mente Positiva,Junior H,Atrapado en un Sueño,99.746,3:12,5,7346,q8cKZfOyFQE,,,,,
Mental Ecstasy,Brandon Benjamin,Mental Ecstasy,113.989,3:24,10,7347,ItsuHU_hz0c,,,,,
Memories On 47th St.,VIC MENSA,The Autobiography,122.85,4:02,1,7348,4c6lbZwr3Cw,,,,,
Melt Session #1 (feat. Robert Glasper),Denzel Curry,Melt My Eyez See Your Future,,4:02,,7349,ZR2OM54kcl4,,,,,
Mehfooz,Ritviz,Mimmi,91.992,2:22,1,7350,B4OgMgj4dRI,,,,,
Meet Again,Maxo Kream,Brandon Banks,149.999,5:20,0,7351,feC42DtWBxM,,,,,
Medicine,DvDx;Juberlee,Sensory Overload,75.495,1:30,11,7352,SCgaM8T-_Qk,,,,,
meant2b,Aminé,TWOPOINTFIVE,150.01,2:15,0,7353,75K6ct2SU18,,,,,
Mean,$NOT;Flo Milli,Beautiful Havoc,99.917,2:05,1,7354,bv__bpG2rCk,,,,,
Me dê Amor,Sango,,129.978,,16,7355,0HHT7ApMtI0,,,,,
Me And My Girlfriend,2Pac,,,,,7356,dFuF8sWTRCY,,,,,
Maytag (Tax Free),Ben Reilly,Freelance,83.968,2:45,1,7357,oRptHIP8a94,,,,,
Mayors A Cop,MIKE;Wiki;The Alchemist,Faith Is A Rock,129.208,,7,7358,gdsyh87xgT8,,,,,
MAYBE?,MEMBA,ABOVE*GROUND,132.07,1:49,5,7359,Pu3qROtnQpY,,,,,
Maybe,N.E.R.D.,The Best Of,,,,7360,CS1aoykoMqo,,,,,
5月ー12月 - May-December,Mos Def,Black On Both Sides,,,,7361,u3Rg09NRabc,,,,,
Maushi,Sneha Khanwalkar & RADA,Monkey Man (Original Motion Picture Soundtrack),,2:34,,7362,UrVzrnO94dU,,,,,
Matilda,alt-J,An Awesome Wave,147.947,3:48,2,7363,3YeliS97xoQ,,,,,
Massive,Drake,"Honestly, Nevermind",124.994,,4,7364,hzS5TP-Qh5c,,,,,
Marsupial Superstars (feat. T3),SahBabii;T3,S.A.N.D.A.S.,139.002,3:12,16,7365,8rQY9Tb4GWU,,,,,
mars,redveil,learn 2 swim,106.886,3:17,10,7366,1cvcSikL9Js,,,,,
Marissa,Jon Bap,Let It Happen,94.899,2:08,9,7367,zoVOu6kg3J8,,,,,
Marijuana (2die4),the sound chalk makes,Marijuana (2die4),146.18,1:31,11,7368,YPxr2pFREJQ,,,,,
Marcory Gasoil,Zitany Neil,Marcory Gasoil,135.692,6:49,2,7369,tw9UIBfci_0,,,,,
March 14,Drake,Scorpion,91.963,,10,7370,fTkK9pp4okU,,,,,
Marbled,Abhi The Nomad,Marbled,,,,7371,tk_qjRUNpT0,,,,,
Marabelle,Anish Kumar,A Mixtape by Anish Kumar,122.99,4:12,8,7372,RDgJmo7s9lo,,,,,
MANTO,Heems;Sid Vashi;Vijay Iyer,MANTO,81.206,4:39,7,7373,gViNzBiVr-g,,,,,
Mannil Indha,Ilaiyaraaja Official,,,4:19,,7374,SbKaWenqyow,,,,,
Manhã,Azimuth,Azimüth,,3:46,,7375,Z8Aum_VV_tU,,,,,
MANDADA TUMBA,A.R. Rahman;Vijay Yesudas;Chinmayi Sripada;Rakshita Suresh,The Goat Life: Aadujeevitham (Original Motion Picture Soundtrack),125.955,,5,7376,YkoS5h3bZ9Q,,,,,
Man of War,Radiohead,OK Computer OKNOTOK 1997 2017,149.115,4:29,9,7377,d6UBb4f4imY,,,,,
Man Of The Year,ScHoolboy Q,Oxymoron,111.911,,3,7378,FsQFkLiK7OE,,,,,
Mama's Gun,Glass Animals,How To Be A Human Being,90.014,,6,7379,4pibPTdLcsc,,,,,
MAMA'S BOY,Vince Staples,RAMONA PARK BROKE MY HEART,125.077,2:19,10,7380,818P0zfaYbA,,,,,
Mama Teaches Sanskrit,Four Tet,Sixteen Oceans,128.177,4:24,2,7381,usqUCenkYhY,,,,,
Raga Malkauns,Charanjit Singh,Ten Ragas To A Disco Beat,,5:01,,7382,sJb30Xd6D6M,,,,,
Malika,Hiatus Kaiyote,Tawk Tomahawk,110.775,4:55,11,7383,1DBZg2-O9_8,,,,,
Making The Band (Danity Kane),Earl Sweatshirt,Making The Band (Danity Kane),119.686,1:45,1,7384,CucjHkKam-4,,,,,
Make You Feel,Alina Baraz;Galimatias,Urban Flora,100.008,3:40,1,7385,qeVl_N_oa6Q,,,,,
Make Me Wanna,Babeheaven;Navy Blue,Sink Into Me,91.111,,11,7386,Ul8LL0509hk,,,,,
Make Her Say (feat. Kanye West & Common),Kid Cudi,Man On The Moon: The End Of Day,99.053,,10,7387,BtMsS-aASbs,,,,,
Make Friends,Hiatus Kaiyote,Love Heart Cheat Code,127.953,,8,7388,vzSCzAo5Om8,,,,,
Make Friends (feat. Hiatus Kaiyote),Tres Leches,Make Friends,126.929,5:52,5,7389,PUbMBbRsORU,,,,,
make daddy proud,blackbear,digital druglord,102.025,3:28,4,7390,baCFHyw53yI,,,,,
Make 'Em Laugh,Benét;Faye Webster,Make 'Em Laugh,62.56,3:15,0,7391,ltNcZuSFKOQ,,,,,
Maiden Voyage / Everything In Its Right Place,Robert Glasper,In My Element,141.187,8:43,5,7392,z_5Q8jPNnvw,,,,,
Mahiya,Minaxi,Z of A,81.958,,9,7393,uIBTxsUhBhg,,,,,
Magic Johnson,ian,Valedictorian [Deluxe],140.034,2:17,1,7394,ddiqPMt1B7w,,,,,
Magic,Raveena,Asha’s Awakening,99.999,2:47,10,7395,XT9Jv0anbyI,,,,,
MAGIC,Vince Staples;Mustard,RAMONA PARK BROKE MY HEART,89.97,3:46,4,7396,mZjKyLn4Mu0,,,,,
Maghron La (MEMBA Remix),Sabri Sisters;Rozeo;MEMBA,Maghron La (MEMBA Remix),,3:42,,7397,318arx2Jji0,,,,,
MAFIA,Travis Scott,ESCAPE PLAN / MAFIA,109.975,,0,7398,7e-0ZWqMtWg,,,,,
Madonna,Drake,If You're Reading This It's Too Late,110.017,2:57,2,7399,303KnmDqVwY,,,,,
Madiba Riddim,Drake,More Life,105.992,3:25,7,7400,XF4BH3GdOuQ,,,,,
madi,Ganavya,madi,70.386,5:30,2,7401,e6F5ewaRS3w,,,,,
Made For Me (BNYX® Remix),Muni Long;BNYX®,Made For Me (BNYX® Remix),,,,7402,TF8cwBIOd0Y,,,,,
Maatram,Harini Iyer & Nishad Pandey,Maatram,,2:31,,7403,JzBsLx1ve0M,,,,,
Maanguyile Poonguyile (Solo),Ilaiyaraaja;S.P. Balasubrahmanyam,Karakattakkaran (Original Motion Picture Soundtrack),,,,7404,efJuURRFrBs,,,,,
M.I.A.,Ravyn Lenae,HYPNOS,112.958,3:27,2,7405,OXdFeqXX4qk,,,,,
luv stuck,salute & piri,TRUE MAGIC,,,,7406,x3hTh1hFpzs,,,,,
Lust For Life,Drake,So Far Gone,87.364,,6,7407,Nffp3Fyjveg,,,,,
Luna,Diljit Dosanjh,MoonChild Era,120.038,,0,7408,F6ZCEZFZd-U,,,,,
Lump Sum,Bon Iver,"For Emma, Forever Ago",144.582,3:21,9,7409,LItrToYABIA,,,,,
Luminous Beings,Jon Hopkins,Singularity,120.004,,8,7410,pz0qnpvbMOk,,,,,
Lullaby For My Insomniac,James Blake,Assume Form,129.706,3:43,10,7411,o_IjFskbl-g,,,,,
Luhlaza,Sango,SHANGO,115.019,,3,7412,8ZhXrb5FyG8,,,,,
Luh You,Anderson .Paak,Venice,,,,7413,c4BOYUHUsxQ,,,,,
Lucy (feat. ODIE),Still Woozy,Lucy,84.46,2:23,6,7414,_dpLEjfvJSU,,,,,
Lucky Ass Bitch (with Juicy J) (feat. Juicy J),Mac Miller,Macadelic,,,,7415,cuh7tlJ2pu8,,,,,
Lucidity,Tame Impala,InnerSpeaker (Collector's Edition),147.015,4:31,6,7416,Epl28QWVm84,,,,,
Lovestained,Hope Tala,Sensitive Soul,88.966,2:55,11,7417,4TJlQNgacec,,,,,
Lovesick Utopia,Charlotte Day Wilson,ALPHA (Deluxe),136.74,,4,7418,bSdAkVZ-SKw,,,,,
LOVESEXDHOKA!!!,Chaar Diwaari,LOVESEXDHOKA!!!,132.067,3:12,7,7419,kbuQ10_wgHE,,,,,
Lovers In The Parking Lot,Solange,True,95.015,4:22,7,7420,h1b3KEej_mg,,,,,
Loved,Four Tet,Three,164.797,4:03,11,7421,Qu4gfmeeDaY,,,,,
Love You Bad (feat. Malaya & Phoelix),Terrace Martin;Robert Glasper;9th Wonder;Kamasi Washington;Dinner Party;Malaya;Phoelix,Dinner Party: Dessert,176.462,2:15,2,7422,C14kt_uADnY,,,,,
Love You,Roy Woods,Nocturnal,203.893,3:17,11,7423,xUCpRoxS5RY,,,,,
Love Me To Death,Patti Austin,Every Home Should Have One,108.713,,10,7424,1SdJICFN5xo,,,,,
Love Me Not,Ravyn Lenae,Bird's Eye,113.98,,0,7425,HfpR4tAmI7E,,,,,
Love Me,RealestK,Dreams 2 Reality,122.051,,7,7426,RSKtJlNeMpQ,,,,,
Love Me,JMSN,Soft Spot,80.503,,10,7427,LdS5Y9_-KcY,,,,,
Love Makes Me Jealous,Colde,,119.989,,1,7428,5yEoIANsX84,,,,,
Love Light,Flume,Palaces,139.897,2:40,10,7429,7rcz7512PUs,,,,,
Love Is Here,Ivy Lab,20/20 Volume One,84.938,3:20,1,7430,ELNsdo8pdxw,,,,,
Love is a flower,Colde,Love Part 1,159.872,2:11,0,7431,lh8UeTXsbFw,,,,,
Love for Sale (Andar Chal),Ornithology;Rasika Shekar;Lytmus;Noah Cerejo,Andar Chal: Ornithology & Friends,122.082,4:00,0,7432,2BosmI5-ZWw,,,,,
Love Explosion,Dry & Heavy,,,,,7433,M-EHEc_kVBM,,,,,
Love Divide,Ross from Friends,Tread,132.051,4:29,8,7434,OacdJcq9hKo,,,,,
Love Cry (Joy Orbison Remix),Four Tet,There Is Love in You (Expanded Edition),131.986,4:56,3,7435,r2zY8Zq62N4,,,,,
Love & War,Kodak Black,Back For Everything,145.09,3:59,11,7436,Nvwl3owwOwA,,,,,
Louise,TV Girl,French Exit,115.816,3:14,0,7437,qMwRRV_mFQE,,,,,
Louis Baggage (feat. Babyface Ray),Curren$y;The Alchemist;Babyface Ray,Continuance,81.959,2:30,4,7438,tC_SMKbRDlU,,,,,
Lotus Eater,FINNEAS,For Cryin' Out Loud!,138.976,3:51,7,7439,nG4qdPVnLkg,,,,,
lost souls,Baby Keem,,169.995,,1,7440,D0ong-e41ko,,,,,
Lost in Paris,Tom Misch,,104.149,,1,7441,N-yPHahu304,,,,,
LOST FOREVER,Travis Scott,,89.499,2:44,1,7442,fd-xDxnmZPc,,,,,
Lost Boy,Jaden,SYRE,89.992,9:29,4,7443,7PGM3-8zvFc,,,,,
Lost and Found (Freestyle 2019),A$AP Rocky,,152.075,,10,7444,r4rgmKnwq44,,,,,
Lost,Faime,Lost,99.997,3:02,0,7445,_-FMCDt0hH0,,,,,
Losing You,Solange,Losing You,113.996,,0,7446,nFL_zxA5gqo,,,,,
Looseleaf,Lil Tony Official,Looseleaf,161.932,2:10,1,7448,TN612b-73uM,,,,,
Loose Rap (feat. Static Major),Aaliyah;Static Major,Aaliyah,83.985,3:49,6,7449,EDHLUJT81b4,,,,,
LOOSE CHANGE,Brent Faiyaz,WASTELAND,84.975,3:46,1,7450,-SZ_oPg1hgw,,,,,
loop it and leave it,JPEGMAFIA,I LAY DOWN MY LIFE FOR YOU: DIRECTOR'S CUT,80.067,,10,7451,A85NVFMxs8k,,,,,
Looking Out for You,Joy Again,Looking Out for You,100.721,2:59,9,7452,o3sBKBqwYso,,,,,
Look How Far We Have Come,Arushi Jain,Under the Lilac Sky,105.793,9:08,1,7453,8DZFwNrTEBo,,,,,
Look Both Ways,Cousin Stizz,Just For You,76.008,3:03,2,7454,LGF75kpuxUk,,,,,
Long Live A$AP,A$AP Rocky,LONG.LIVE.A$AP (Deluxe Version),130.118,4:49,7,7455,C9mquL8JLLM,,,,,
Lonely At The Top,Asake,Work Of Art,104.986,2:37,6,7456,T4G5uTd72EM,,,,,
London Town,A$AP Mob,,126.016,,9,7457,nzL9P3YMDY0,,,,,
London Fog,Abhi The Nomad,London Fog,90.007,2:42,1,7458,gXxRG3Mu6lo,,,,,
Locked In Closets,Solange,True,119.894,3:22,6,7459,hlqT6a0npgE,,,,,
Location Remote,CurrensySpittaTV,,,2:56,,7460,oBmj_d9XkxQ,,,,,
LOCAL JOKER,Maxo Kream,LOCAL JOKER,143.926,2:26,7,7461,anrmoxBA_4A,,,,,
Lobster Omelette (feat. Rick Ross),Freddie Gibbs;Rick Ross,$oul $old $eparately,79.707,2:40,9,7462,tmbgqeYyuhY,,,,,
Lobby Kall,Smino,blkswn,83.92,,0,7463,L73CnQhp1Us,,,,,
Lobby (int),Earl Sweatshirt,SICK!,132.219,1:12,5,7464,7H3UXEahakk,,,,,
Lo Siento BB:/,Tainy;Bad Bunny;Julieta Venegas,DATA,,3:27,,7465,RGXHqQR9XrQ,,,,,
LMK,Durante;CRi,LMK,119.999,3:53,0,7466,2Wt7Vh7E2U8,,,,,
Livin' In a Dream (feat. Nipsey Hussle),The Neighbourhood,Hard To Imagine The Neighbourhood Ever Changing,94.764,,3,7467,S2KkggAuFaY,,,,,
Little Miss Dynamite,Anish Kumar,A Mixtape by Anish Kumar,127.007,3:14,7,7468,k5j0Lb_tHsU,,,,,
Little Homies,Vince Staples,Dark Times,107.019,3:44,1,7469,MdWy0sGNBCk,,,,,
Lithonia,Childish Gambino,Bando Stone and The New World,140.102,,1,7470,_7GVjIF08_c,,,,,
Lit Like Bic,Rae Sremmurd,SremmLife,124.013,,0,7471,eEMDrJ-UbTA,,,,,
listen before i go,Billie Eilish,"WHEN WE ALL FALL ASLEEP, WHERE DO WE GO?",79.764,,0,7472,P4z1O3miesI,,,,,
Lion's Roar,Timbaland,TIMBO PROGRESSION,89.988,2:46,11,7473,z11guWBKDTY,,,,,
Lion,SAULT,Today & Tomorrow,100.277,,6,7474,eB1qT7rnXzk,,,,,
Linked,Bonobo,Linked,122.041,,6,7475,kYut1rSjJoo,,,,,
Liminal State of Mind,Lapgan;megiapa,Spheres,177.984,,8,7476,W9d3G-LEPc8,,,,,
Likes,CHRONIXX,CHRONOLOGY,92,,1,7477,OJjp2zeSS5Y,,,,,
Like You (Extended Mix),Marsh;Wassu,Anjunadeep Explorations 10,,,,7478,3sbFE1lZdV0,,,,,
Like Yoga,Rich The Kid;BIA,Life's A Gamble,77.884,,11,7479,bmRXSHCRTGo,,,,,
Like Yesterday,Paul Cherry,Flavour,,4:01,,7480,iqj89TrPb6s,,,,,
Like this,박혜진 Park Hye Jin,How can I,125.06,,2,7481,E2lS14bQ1a8,,,,,
Like the Weather,"10,000 Maniacs",In My Tribe,133.351,3:56,1,7482,RTzd2z4af30,,,,,
Lights Go Down,Drinks On Me;Why So Low,Lights Go Down,128.032,,4,7483,KTWQcJ_1q80,,,,,
Lifting You,Jungle,Loving In Stereo,107.023,2:46,2,7484,6fyAa0NicZM,,,,,
Lifetime,Faye Webster,Underdressed at the Symphony,127.972,5:05,0,7485,p79auFHnDdQ,,,,,
Lifestyle,AP Dhillon;Shinda Kahlon,First of a Kind (From the Amazon Original Series),97.13,2:45,4,7486,Gr1jPcSHPA8,,,,,
Lifeboats (Freestyle),Jorja Smith,Lost & Found,92.671,,0,7487,90k8MvVphOw,,,,,
Life's Too Short,Tinashe,Songs For You,77.476,,0,7488,BTuQs7q4E4s,,,,,
Life Will Be,Cleo Sol,Gold,102.343,3:18,7,7489,FjwUb5pD5o4,,,,,
Life We Rent but Love Is Rent Free,SAULT,Untitled (God),131.993,5:07,7,7490,W8M65d5OaUU,,,,,
Life Itself,Glass Animals,How To Be A Human Being,111.988,4:41,1,7491,ExvqA9I_gsQ,,,,,
Life Is Simple in the Moonlight,The Strokes,Angles,134.893,4:15,6,7492,Ke4Zh0QkPFw,,,,,
Life Is Beautiful,Larry June;2 Chainz;The Alchemist,Life Is Beautiful,157.075,3:06,9,7493,GPoeyB3LK8o,,,,,
Life in Technicolor,Coldplay,Viva La Vida (Prospekt's March Edition),131.056,,9,7494,J2KMoOs3EsQ,,,,,
LIE BACK HARDER - A COLORS SHOW,Lavils,LIE BACK HARDER - A COLORS SHOW,97.041,2:01,8,7495,BTh3zd_DKSY,,,,,
Get Free,Sly5thAve;The ClubCasa Chamber Orchestra,Bitch Don't Kill My Vibe / Get Free,,,,7496,heF22vlRtkk,,,,,
Levitating,Dua Lipa,Future Nostalgia,103.014,,6,7497,OsfAnsMY21M,,,,,
letstalkaboutit,"KAYTRAMINÉ, Aminé, KAYTRANADA, and Freddie Gibbs",KAYTRAMINÉ,,2:47,,7498,ABrrO78khdE,,,,,
Let's Kick His Ass!,Father;Zack Fox;Archibald Slim,Let's Kick His Ass!,80.015,3:49,9,7499,Tisi_avj79I,,,,,
Let's Drive To Vegas,Larry June,Out The Trunk,80.012,2:51,1,7500,2aKfPEVoQTk,,,,,
Let Me Go,SAULT,5,120.104,,7,7501,4msNtdYPSdQ,,,,,
Let Me,ZAYN,Let Me,168.419,3:05,9,7502,Ka3j9Cqt53g,,,,,
Let Go,Frou Frou,Details,140.043,4:13,5,7503,VvdzKHhgANA,,,,,
Lemme See,Kodak Black,When I Was Dead,95.976,2:45,5,7504,bk2Pm2ARN74,,,,,
Legend Has It,Run The Jewels;El-P;Killer Mike,Run The Jewels 3,120.965,,7,7505,SXZO7KYPIOI,,,,,
Legend,Drake,If You're Reading This It's Too Late,100.091,4:01,1,7506,nSf3pBIX2RU,,,,,
Leezy Freestyle,Westside Gunn,"Flyest Nigga In Charge, Vol. 1",87.021,3:13,2,7507,ptVXC9JA8E4,,,,,
Leave It All To Me (Theme from iCarly) (feat. Drake Bell),Miranda Cosgrove,Leave It All To Me (Theme from iCarly),209.767,,7,7508,sIxNEls_YUw,,,,,
The Day I Leave Her,VIZA,Eros,,,,7509,grUppNluJcs,,,,,
Lean Beef Patty,JPEGMAFIA;Danny Brown,SCARING THE HOES,157.203,1:47,2,7510,--I1pw11z1A,,,,,
Leaders (feat. NAV),Lil Uzi Vert;NAV,Eternal Atake (Deluxe) - LUV vs. The World 2,132.936,3:14,0,7511,PTNMgCWIzM0,,,,,
Le Temple Volant,Crumb & Melody’s Echo Chamber,Le Temple Volant,,2:06,,7512,b0plJHQBNh4,,,,,
Le Départ,Adi Oasis,Lotus Glow,74.009,0:59,10,7513,wLhpuWXKBmo,,,,,
Lay Wit Ya (feat. Duke Deuce),Isaiah Rashad,The House Is Burning,140.003,,1,7514,qwXutOpzDQ0,,,,,
Law Konty,Hamid El Shaeri,Shara,,,,7515,6WobGHgYleY,,,,,
Lavender Lust (feat. Rocci),Ramirez,THA PLAYA$ MANUAL,174.041,1:05,0,7516,zqSlEC-UT-I,,,,,
Lavender Haze,Taylor Swift,Midnights,97.05,3:22,7,7517,GwNPBeWpI-0,,,,,
Lava Lamp,Cuco,Songs4u,119.815,,5,7518,POmo-oa4Rak,,,,,
Laugh Now Cry Later (feat. Lil Durk),Drake,Laugh Now Cry Later,133.976,,0,7519,zbWpjizpJfI,,,,,
Late Night Talking,Harry Styles,Harry's House,114.996,2:57,10,7520,ls6XtAmqERc,,,,,
Reflections - Mojave Desert Continuous Mix,Floating Points,Reflections - Mojave Desert,84.166,26:33,5,7521,3Z-mxrA1CAM,,,,,
Late Night,ODESZA,A Moment Apart,125.148,3:48,2,7522,FHPjpSom2FI,,,,,
Last Words,Kenny Beats,LOUIE,147.177,1:49,5,7523,_eVuJzsBdYM,,,,,
Last Night,Arooj Aftab,Vulture Prince,122.621,5:58,9,7524,XX1ResoIGc8,,,,,
Last Name (feat. Juicy J),Curren$y,Back at Burnie’s,137.061,,8,7525,b3M1higswLA,,,,,
Laputa (Taylor McFerrin Remix feat. Anderson .Paak) (feat. Anderson .Paak),Hiatus Kaiyote,"Recalibrations, Vol. 1",106.325,4:05,9,7526,3TqyI_DK_9o,,,,,
Land Of Honey,Flying Lotus;Solange,Flamagra (Deluxe Edition),87.792,3:27,9,7527,s-4D3gynsVg,,,,,
Lament,Sky Ripper,,,,,7528,-pQevkl7fg0,,,,,
Laila’s Wisdom,Rapsody,,165.183,,5,7529,btYlWphnfbE,,,,,
Lady Brown (feat. Cise Starr),Nujabes,Metaphorical Music,98.803,3:20,15,7530,V8Xh5ErjIyM,,,,,
LADY,Elujay,,103.997,,11,7531,5XeHP4fyMkA,,,,,
La Santa,Bad Bunny;Daddy Yankee,YHLQMDLG,93.037,3:26,1,7532,O8ldvZVZ_cw,,,,,
La La La (Deep House Version),CADDY,,,,,7533,c2a8m8WA25Q,,,,,
LA LA,Ski Mask The Slump God,STOKELEY,140.021,2:27,5,7534,Nepjtf71Jdc,,,,,
La Di Da,The Internet,Hive Mind,103.119,3:27,1,7535,T6oxNNQDHmI,,,,,
LA CANCIÓN,J Balvin;Bad Bunny,OASIS,176.088,4:02,7,7536,WsGnCt-gT44,,,,,
La Bulaqueña,Orange & Lemons,La Bulaqueña,128.012,3:22,7,7537,_TytwX0vlYY,,,,,
L$D,A$AP Rocky,,120.064,,2,7538,svSgeurRtFM,,,,,
Kush & Corinthians (feat. BJ The Chicago Kid),Kendrick Lamar;BJ The Chicago Kid,Section.80,176.781,5:04,1,7539,khe88GbAWks,,,,,
KRINK,Eddie Burns;Sparklmami,KRINK,,,,7540,eAs1zoO2smc,,,,,
Kolors,monte booker;Smino,Soulection White Label - Monte Booker,129.582,2:57,2,7541,4wbm2ByKBdc,,,,,
Kolkata '78,Baalti,,117.498,,9,7542,s4rg5LrVfrA,,,,,
Knuck If You Buck,Crime Mob,,150.09,,8,7543,tPpvWPpwQlM,,,,,
Knowing,Outkast,Speakerboxxx/The Love Below,108.725,3:31,9,7544,IlVxKrO61aY,,,,,
Know You Bare,Andrea Vallé,Lovergirl,,2:11,,7545,E8nmnopy3QU,,,,,
KNOW ME (Cassian Remix) (feat. Gallant),BRONSON,,,,,7546,j1IUeP3DqYU,,,,,
Knocking’ At The Door,Juicy J;Xavier Wulf,Memphis Zoo,76.021,2:34,1,7547,Qhn_1rIOyGQ,,,,,
Knocked Off (feat. Birdman),Young Thug;Birdman,Barter 6,139.902,3:16,8,7548,PVTpFwxIYrU,,,,,
Knock It Off,Jay Rock,Redemption,132.991,3:11,6,7549,ul2FOnhV4lQ,,,,,
Knife Talk,Drake,,,,,7550,v0GFO7U806w,,,,,
Knicks,Freddie Gibbs;Madlib,Piñata,179.227,3:39,1,7551,SD2-VW4HYEM,,,,,
Klosure,D. Savage,Mafia Musik,105.891,2:23,8,7552,FPT4CsHXVZE,,,,,
Kitchen,Kid Cudi,"Passion, Pain & Demon Slayin'",129.983,4:28,5,7553,w3LJ2bDvDJs,,,,,
KISSING IN PUBLIC,DESTIN CONRAD,LOVE ON DIGITAL,107.039,3:56,10,7554,b_QUCxOdcNA,,,,,
Kiss of Life,Sade,The Best of Sade,97.107,4:11,6,7555,4MOzk7-6j-I,,,,,
Kiss It Better (KAYTRANADA Edition),Rihanna,Kiss It Better (Dance Remix),,5:26,,7556,GCPHM8Xtjts,,,,,
Kise Hor Di,The PropheC,Futureproof,129.796,4:23,7,7557,OBSnniyhrdQ,,,,,
Kingston,Faye Webster,Atlanta Millionaires Club,142.13,3:22,10,7558,TTReFZIAnpU,,,,,
Big Heart,dannyisaname,,,,,7559,BUuE64Yv9YI,,,,,
King TROUP,Young Thug,I'm Up,86.636,3:45,4,7560,dlnY9mCdeFI,,,,,
King Of The Fall,The Weeknd,King Of The Fall,,5:02,,7561,z0nY3cabc3I,,,,,
King of Carrot Flowers Pt. 1,Neutral Milk Hotel,In the Aeroplane Over the Sea,94.001,2:00,5,7562,eUPNdwyVUJs,,,,,
Kimpton,Barry Can’t Swim;O'Flynn,Loner,121.981,,4,7563,fhMlaWWJF4k,,,,,
Kill This Love,BLACKPINK,KILL THIS LOVE,131.98,,2,7564,z7e54L8usac,,,,,
Kids Turned Out Fine,A$AP Rocky,TESTING,164.8,,1,7565,QyOUZprWpCo,,,,,
Kicker 2,Big Head,Kicker 2,158.067,2:36,2,7566,feAtvXoabY4,,,,,
Kick It,BLACKPINK,KILL THIS LOVE,124.949,,1,7567,-h4QsEoPYGg,,,,,
Kiara,Bonobo,Black Sands,97.012,3:50,3,7568,mBgz9gNUotQ,,,,,
Khaabon Ke Parinday,Alyssa Mendonca | Mohit Chauhan,Zindagi Na Milegi Dobara,,,,7569,4g0QivOeup0,,,,,
KEYS TO MY LIFE,¥$;Kanye West;Ty Dolla $ign,VULTURES 1,80.015,2:54,11,7570,kX3ivxNp9PY,,,,,
Ketamine Girl,TV Girl;George Clanton;Maddie Acid,Fauxllennium (Japanese Deluxe Edition),92.014,3:08,5,7571,NZFBU-5T3VY,,,,,
Kelegbe Megbe (Know your level),Adekunle Gold,Kelegbe Megbe (Know your level),105.114,,11,7572,bI7EMsMZST8,,,,,
Keisha's Song (Her Pain) (feat. Ashtro Bot),Kendrick Lamar;Ashtro Bot,Section.80,85.126,3:47,7,7573,O4C37y2snAU,,,,,
Keep on Slippin (feat. Vic Mensa),Injury Reserve,Floss,148.384,,3,7574,izn0eNsVgKY,,,,,
Keep Me In Love,Alina Baraz,Keep Me In Love,96.007,2:36,3,7575,lSjQjOZOVeQ,,,,,
KEEP IT BURNIN (feat. Kanye West),Future;Kanye West,I NEVER LIKED YOU,87.395,3:27,17,7576,xpqtk2MqxYc,,,,,
Keep It a Hunnid,Sha Gualla,Keep It a Hunnid,,,,7577,Ylb4v8s1170,,,,,
Kattipudi Kattipudida,Deva;Vairamuthu;Vasundhara Das;Shankar Mahadevan;Ganga;Sriram,Kushi (Original Motion Picture Soundtrack),163.956,5:45,2,7578,X3vUldIxnQ8,,,,,
Karupputhan Enakku Pidicha,Deva,,,5:50,,7579,4VY7F85AtfI,,,,,
Kannale Miya Miya,"Vidyasagar, Arivumathi, Unni Menon, and Srivardhini",Alli Thandha Vaanam (Original Motion Picture Soundtrack),,,,7580,485AdiKEFaI,,,,,
"Kanmani Anbodu Kadhalan (From ""Guna"")",Kamal Haasan;Vaali;S. Janaki;Ilaiyaraaja,Guna (Original Motion Picture Soundtrack),126.048,5:35,2,7581,meYkc2jbioA,,,,,
"Kangna (feat. Master Rakesh, Shortie & Deepti)","Dr Zeus, Master Rakesh, Shortie & Deepti & Dr Zeus",Unda Da Influence,,3:31,,7582,xJBXykszan0,,,,,
Kamle,The PropheC,The Season,94.039,,6,7583,iMu-CXFj3Tk,,,,,
KalimbaTale,DJ Harrison,HazyMoods,95.339,2:52,2,7584,1o0jFXNxjwA,,,,,
Kalayil Thinamum,A.R. Rahman;Vaali;Unnikrishnan;Sadhana Sargam,New (Original Motion Picture Soundtrack),89.874,,4,7585,YmG-j_K-DgU,,,,,
Kala Tika,Heems;Lapgan,LAFANDAR,76.13,2:41,6,7586,Odt-IuYGia8,,,,,
Kaes On Aeg,Velly Joonas,Late Night Tales: Badbadnotgood,96.91,,8,7587,e0cS0dPtE_s,,,,,
Kadi Te Has Bol,Atif Aslam & Velo Sound Station,Velo Sound Station EP 1,,,,7588,Q4R8ZlDpD2w,,,,,
Kaadhal,bebhumika,Kaadhal,,,,7589,UhOjCwOsZMw,,,,,
Kava Va,Ranjani,Madrasil Marghazi-2006 - Ranjani - Gayatri,,8:23,,7590,T80rVoirr1U,,,,,
Justin,Vince Staples,Dark Times,149.908,,7,7591,DvUjW-7xZGE,,,,,
Just Sayin/I Tried,The Internet,Ego Death,95.528,6:54,11,7592,i2snTW3wgE4,,,,,
Just In Time,Good Morning,Good Morning Seven,88.526,,6,7593,DtR2jwy_Nak,,,,,
Just for Me,PinkPantheress,to hell with it,133.043,1:56,16,7594,-e__hVNo_BI,,,,,
Juno,Choker,Honeybloom,120.075,3:51,7,7595,qrc94vzwznw,,,,,
Junie,Solange,A Seat at the Table,100.003,,10,7596,eURQLyfW0Ms,,,,,
Jungle Waters,Sam Gellaitry,Escapism III,147.622,3:54,21,7597,vDMoq87VY2Y,,,,,
Jungle,Jimi Hendrix,Both Sides of the Sky,174.608,3:28,9,7598,iamEJE1cC14,,,,,
Jungle,AyooLii,Brudderman,95.017,1:15,8,7599,-LaHSpa2oj8,,,,,
